           4          -2          46  5.669178401763755E-003
 T F F F T F F F F F F F T F F F T F F F F F F F
 -3.9588093394144E+03  0.0000000000000E+00  0.0000000000000E+00  0.0000000000000E+00
  0.0000000000000E+00  0.0000000000000E+00  0.0000000000000E+00  0.0000000000000E+00
  0.0000000000000E+00  0.0000000000000E+00  0.0000000000000E+00  0.0000000000000E+00
  0.0000000000000E+00  0.0000000000000E+00  0.0000000000000E+00  0.0000000000000E+00
  0.0000000000000E+00  0.0000000000000E+00  0.0000000000000E+00  0.0000000000000E+00
  0.0000000000000E+00  0.0000000000000E+00  0.0000000000000E+00  0.0000000000000E+00
  0.0000000000000E+00  6.6999260041768E-11 -7.9179754632348E-04  0.0000000000000E+00
  0.0000000000000E+00  0.0000000000000E+00  6.6858327834981E-11  0.0000000000000E+00
  0.0000000000000E+00  0.0000000000000E+00  0.0000000000000E+00  0.0000000000000E+00
  0.0000000000000E+00  0.0000000000000E+00  6.0223073869050E-05  0.0000000000000E+00
  0.0000000000000E+00  0.0000000000000E+00  6.6999316657797E-11  0.0000000000000E+00
  0.0000000000000E+00  0.0000000000000E+00  0.0000000000000E+00  0.0000000000000E+00
  0.0000000000000E+00  0.0000000000000E+00  6.1368114699438E-11  6.1405257132649E-11
  0.0000000000000E+00  0.0000000000000E+00  0.0000000000000E+00  6.1239785960192E-11
  0.0000000000000E+00  0.0000000000000E+00  0.0000000000000E+00  0.0000000000000E+00
  0.0000000000000E+00  0.0000000000000E+00  0.0000000000000E+00  6.1357960589993E-11
  0.0000000000000E+00  0.0000000000000E+00  0.0000000000000E+00  6.1368242367232E-11
  0.0000000000000E+00  0.0000000000000E+00  0.0000000000000E+00  0.0000000000000E+00
  0.0000000000000E+00  0.0000000000000E+00  0.0000000000000E+00 -8.7888907295523E-06
 -6.1094832818354E-06  0.0000000000000E+00  0.0000000000000E+00  0.0000000000000E+00
 -1.1860441816000E-03  0.0000000000000E+00  0.0000000000000E+00  0.0000000000000E+00
  0.0000000000000E+00  0.0000000000000E+00  0.0000000000000E+00  0.0000000000000E+00
 -8.2989308776704E-06  0.0000000000000E+00  0.0000000000000E+00  0.0000000000000E+00
  3.9607374288403E-04  0.0000000000000E+00  0.0000000000000E+00  0.0000000000000E+00
  0.0000000000000E+00  0.0000000000000E+00  0.0000000000000E+00  0.0000000000000E+00
 -6.7001795504223E-11  2.2766216646325E-05  0.0000000000000E+00  0.0000000000000E+00
  0.0000000000000E+00 -6.6996896221496E-11  0.0000000000000E+00  0.0000000000000E+00
  0.0000000000000E+00  0.0000000000000E+00  0.0000000000000E+00  0.0000000000000E+00
  0.0000000000000E+00  7.0877016066526E-04  0.0000000000000E+00  0.0000000000000E+00
  0.0000000000000E+00 -6.7138783276042E-11  0.0000000000000E+00  0.0000000000000E+00
  0.0000000000000E+00  0.0000000000000E+00  0.0000000000000E+00  0.0000000000000E+00
  0.0000000000000E+00 -6.1369641046026E-11 -6.1349797454868E-11  0.0000000000000E+00
  0.0000000000000E+00  0.0000000000000E+00 -6.1366025900424E-11  0.0000000000000E+00
  0.0000000000000E+00  0.0000000000000E+00  0.0000000000000E+00  0.0000000000000E+00
  0.0000000000000E+00  0.0000000000000E+00 -6.1417366276615E-11  0.0000000000000E+00
  0.0000000000000E+00  0.0000000000000E+00 -6.1495803507086E-11  0.0000000000000E+00
  0.0000000000000E+00  0.0000000000000E+00  0.0000000000000E+00  0.0000000000000E+00
  0.0000000000000E+00  0.0000000000000E+00 -8.7888906946173E-06 -8.4555035455014E-06
  0.0000000000000E+00  0.0000000000000E+00  0.0000000000000E+00  4.5960313154324E-04
  0.0000000000000E+00  0.0000000000000E+00  0.0000000000000E+00  0.0000000000000E+00
  0.0000000000000E+00  0.0000000000000E+00  0.0000000000000E+00 -6.3598187479696E-06
  0.0000000000000E+00  0.0000000000000E+00  0.0000000000000E+00  2.8398433312246E-04
  0.0000000000000E+00  0.0000000000000E+00  0.0000000000000E+00  0.0000000000000E+00
  0.0000000000000E+00  0.0000000000000E+00  0.0000000000000E+00  4.9723889773646E-11
  5.9361660662635E-05  0.0000000000000E+00  0.0000000000000E+00  0.0000000000000E+00
  4.9723991247457E-11  0.0000000000000E+00  0.0000000000000E+00  0.0000000000000E+00
  0.0000000000000E+00  0.0000000000000E+00  0.0000000000000E+00  0.0000000000000E+00
 -8.0553486399181E-04  0.0000000000000E+00  0.0000000000000E+00  0.0000000000000E+00
  4.9860546543345E-11  0.0000000000000E+00  0.0000000000000E+00  0.0000000000000E+00
  0.0000000000000E+00  0.0000000000000E+00  0.0000000000000E+00  0.0000000000000E+00
  4.5540941790877E-11  4.5530545079602E-11  0.0000000000000E+00  0.0000000000000E+00
  0.0000000000000E+00  4.5540944582399E-11  0.0000000000000E+00  0.0000000000000E+00
  0.0000000000000E+00  0.0000000000000E+00  0.0000000000000E+00  0.0000000000000E+00
  0.0000000000000E+00  4.5597803995894E-11  0.0000000000000E+00  0.0000000000000E+00
  0.0000000000000E+00  4.5666777744262E-11  0.0000000000000E+00  0.0000000000000E+00
  0.0000000000000E+00  0.0000000000000E+00  0.0000000000000E+00  0.0000000000000E+00
  0.0000000000000E+00  8.7888911120611E-06  8.3980405642670E-06  0.0000000000000E+00
  0.0000000000000E+00  0.0000000000000E+00  4.2470926154512E-04  0.0000000000000E+00
  0.0000000000000E+00  0.0000000000000E+00  0.0000000000000E+00  0.0000000000000E+00
  0.0000000000000E+00  0.0000000000000E+00  6.0962964159583E-06  0.0000000000000E+00
  0.0000000000000E+00  0.0000000000000E+00 -1.0350939756628E-03  0.0000000000000E+00
  0.0000000000000E+00  0.0000000000000E+00  0.0000000000000E+00  0.0000000000000E+00
  0.0000000000000E+00  0.0000000000000E+00 -4.9721334477231E-11  7.0966966895789E-04
  0.0000000000000E+00  0.0000000000000E+00  0.0000000000000E+00 -4.9585451988833E-11
  0.0000000000000E+00  0.0000000000000E+00  0.0000000000000E+00  0.0000000000000E+00
  0.0000000000000E+00  0.0000000000000E+00  0.0000000000000E+00  3.6541629368454E-05
  0.0000000000000E+00  0.0000000000000E+00  0.0000000000000E+00 -4.9721076603373E-11
  0.0000000000000E+00  0.0000000000000E+00  0.0000000000000E+00  0.0000000000000E+00
  0.0000000000000E+00  0.0000000000000E+00  0.0000000000000E+00 -4.5539424696149E-11
 -4.5586004757382E-11  0.0000000000000E+00  0.0000000000000E+00  0.0000000000000E+00
 -4.5414695390309E-11  0.0000000000000E+00  0.0000000000000E+00  0.0000000000000E+00
  0.0000000000000E+00  0.0000000000000E+00  0.0000000000000E+00  0.0000000000000E+00
 -4.5538398309272E-11  0.0000000000000E+00  0.0000000000000E+00  0.0000000000000E+00
 -4.5539230482195E-11  0.0000000000000E+00  0.0000000000000E+00  0.0000000000000E+00
  0.0000000000000E+00  0.0000000000000E+00  0.0000000000000E+00  0.0000000000000E+00
  8.7888911085084E-06  6.1669456705715E-06  0.0000000000000E+00  0.0000000000000E+00
  0.0000000000000E+00  3.0173178784486E-04  0.0000000000000E+00  0.0000000000000E+00
  0.0000000000000E+00  0.0000000000000E+00  0.0000000000000E+00  0.0000000000000E+00
  0.0000000000000E+00  8.5624533275042E-06  0.0000000000000E+00  0.0000000000000E+00
  0.0000000000000E+00  3.5503589931662E-04  0.0000000000000E+00  0.0000000000000E+00
  0.0000000000000E+00  0.0000000000000E+00  0.0000000000000E+00  0.0000000000000E+00
  0.0000000000000E+00
  2.5986512636228E+00  1.0161296834822E-06  6.8516507316060E-07  1.1174667935958E-06
  2.5986498935827E+00 -5.6529129787937E-07 -5.9928716049330E-07  8.2378678488339E-07
  2.7392663353754E+00  2.5986556300308E+00  1.2724845803705E-06 -6.4736805719452E-07
  9.3200551529585E-07  2.5986542620804E+00  5.7492814197507E-07 -8.2188627042838E-07
  1.5183479917134E-06  2.7392772195573E+00 -2.5986561980787E+00 -9.9448777649168E-07
  6.1649016384920E-07 -1.1728067205194E-06 -2.5986548166804E+00 -7.1617303182303E-07
  1.4589771068009E-06 -2.6833902239103E-06 -2.7392748413808E+00 -2.5986506955587E+00
 -1.2941267696873E-06 -6.5428710156435E-07 -8.7666562045457E-07 -2.5986493389789E+00
  7.0653640367052E-07 -3.7803833815957E-08  3.4125551624017E-07 -2.7392687135299E+00
  5.4171035099583E+00  1.0043186860329E-08 -1.6539857031588E-08  1.0043186860329E-08
  5.4171085735634E+00  4.3939554088782E-08 -1.6539857031588E-08  4.3939554088782E-08
  5.5913670738229E+00
  4.6625067652570E+00  4.9795488827796E-05  3.8840057771654E+00 -4.6625882789653E+00
  1.5037843866132E-06  7.7734740747536E-06  1.0951727112502E-05 -4.6626026884644E+00
 -3.7535934112476E-07  9.1415185124198E-05  3.8840062571328E+00 -1.0319691698894E-05
  6.0024828751498E+00 -1.2432982794925E-06 -1.6368554293788E-05  6.0025014171203E+00
  2.7275519552750E-05 -1.0341476300823E+01 -4.6626126636738E+00  2.1901943052142E-05
  3.8839845314750E+00  4.6626069932665E+00 -1.1034917792329E-06 -7.0882876232390E-06
 -1.0388010259683E-05  4.6625857034770E+00  1.8419247880819E-06  4.3550013042090E-05
  3.8839873556237E+00  1.0032388148027E-05  6.0024877449094E+00 -7.5383062292292E-06
  1.4325758570354E-05  6.0025159680682E+00 -2.5939815377626E-05 -1.0341561950304E+01
  8.0097450429058E+00 -2.3196231018849E-05 -3.8839821529596E+00 -8.0097339339505E+00
  1.0629484018945E-07  2.9664661256425E-05  1.2220677106775E-05 -8.0097144207355E+00
 -2.4458410402769E-07 -4.6702037299441E-05 -3.8839874569504E+00 -3.6490178067100E-05
 -6.0024985439013E+00  6.4538441654055E-06  1.6182219373770E-05 -6.0025255266976E+00
 -2.8182185639042E-05  1.0341501273564E+01 -8.0096391446396E+00 -4.8501207714675E-05
 -3.8840081555546E+00  8.0097152195107E+00 -5.0658374796791E-07 -3.0349856625461E-05
 -1.2784370510560E-05  8.0097314059589E+00 -1.2219815744971E-06 -8.8263175671816E-05
 -3.8840061557621E+00  3.6777499499032E-05 -6.0024720760779E+00  2.3277628381386E-06
 -1.4139426683772E-05 -6.0024918589471E+00  2.6846483476320E-05  1.0341536977568E+01
  0.0000000000000E+00  2.2525987532257E-23 -2.1259694203328E+00  2.2525987532257E-23
  2.2525987532257E-23  1.1810104951312E-17 -2.1259694203328E+00  1.1810104951312E-17
  2.2525987532257E-23  2.2525987532257E-23  2.2525987532257E-23  1.1810104951312E-17
  2.2525987532257E-23 -1.0699844077822E-22 -2.1259694203328E+00  1.1810104951312E-17
 -2.1259694203328E+00 -2.2525987532257E-23 -2.1259694203328E+00  1.1810104951312E-17
  2.2525987532257E-23  1.1810104951312E-17 -2.1259694203328E+00 -2.2525987532257E-23
  2.2525987532257E-23 -2.2525987532257E-23  2.3270059350331E+00
       28562
  5.8007278488950E-22  5.8007278488950E-22  7.1325095748171E-21  7.1325095748171E-21
  7.1325095748171E-21  6.9753250791140E-21  6.9753250791140E-21  6.9753250791140E-21
  6.9753250791140E-21  6.8842364884774E-21  6.8842364884774E-21  6.8842364884774E-21
  6.8842364884774E-21  6.8842364884774E-21  6.8842364884774E-21  6.5335352388744E-21
  6.5335352388744E-21  6.5335352388744E-21  6.5335352388744E-21  6.5335352388744E-21
  6.5335352388744E-21  7.3273349958838E-21  7.3273349958838E-21  7.3273349958838E-21
  7.3273349958838E-21  7.3273349958838E-21  7.3273349958838E-21  6.7630543047336E-21
  6.7630543047336E-21  6.7630543047336E-21  6.7630543047336E-21  6.7630543047336E-21
  6.7630543047336E-21  6.7630543047336E-21  6.7630543047336E-21  5.4753844416988E-18
  5.4753844416988E-18  6.7324709887330E-17  6.7324709887330E-17  6.7324709887330E-17
  6.5841024452212E-17  6.5841024452212E-17  6.5841024452212E-17  6.5841024452212E-17
  6.4981227087157E-17  6.4981227087157E-17  6.4981227087157E-17  6.4981227087157E-17
  6.4981227087157E-17  6.4981227087157E-17  6.1670911182358E-17  6.1670911182358E-17
  6.1670911182358E-17  6.1670911182358E-17  6.1670911182358E-17  6.1670911182358E-17
  6.9163693041072E-17  6.9163693041072E-17  6.9163693041072E-17  6.9163693041072E-17
  6.9163693041072E-17  6.9163693041072E-17  6.3837372280026E-17  6.3837372280026E-17
  6.3837372280026E-17  6.3837372280026E-17  6.3837372280026E-17  6.3837372280026E-17
  6.3837372280026E-17  6.3837372280026E-17  7.6931644763213E-16  7.6931644763213E-16
  9.4594283195783E-15  9.4594283195783E-15  9.4594283195783E-15  9.2509637596005E-15
  9.2509637596005E-15  9.2509637596005E-15  9.2509637596005E-15  9.1301583145015E-15
  9.1301583145015E-15  9.1301583145015E-15  9.1301583145015E-15  9.1301583145015E-15
  9.1301583145015E-15  8.6650438555011E-15  8.6650438555011E-15  8.6650438555011E-15
  8.6650438555011E-15  8.6650438555011E-15  8.6650438555011E-15  9.7178138269626E-15
  9.7178138269626E-15  9.7178138269626E-15  9.7178138269626E-15  9.7178138269626E-15
  9.7178138269626E-15  8.9694415052621E-15  8.9694415052621E-15  8.9694415052621E-15
  8.9694415052621E-15  8.9694415052621E-15  8.9694415052621E-15  8.9694415052621E-15
  8.9694415052621E-15  2.3058175319982E-14  2.3058175319982E-14  2.8352072452237E-13
  2.8352072452237E-13  2.8352072452237E-13  2.7727256437090E-13  2.7727256437090E-13
  2.7727256437090E-13  2.7727256437090E-13  2.7365174859181E-13  2.7365174859181E-13
  2.7365174859181E-13  2.7365174859181E-13  2.7365174859181E-13  2.7365174859181E-13
  2.5971120335519E-13  2.5971120335519E-13  2.5971120335519E-13  2.5971120335519E-13
  2.5971120335519E-13  2.5971120335519E-13  2.9126512976387E-13  2.9126512976387E-13
  2.9126512976387E-13  2.9126512976387E-13  2.9126512976387E-13  2.9126512976387E-13
  2.6883469785057E-13  2.6883469785057E-13  2.6883469785057E-13  2.6883469785057E-13
  2.6883469785057E-13  2.6883469785057E-13  2.6883469785057E-13  2.6883469785057E-13
  3.0796348282084E-13  3.0796348282084E-13  3.7866842698578E-12  3.7866842698578E-12
  3.7866842698578E-12  3.7032342511651E-12  3.7032342511651E-12  3.7032342511651E-12
  3.7032342511651E-12  3.6548748722244E-12  3.6548748722244E-12  3.6548748722244E-12
  3.6548748722244E-12  3.6548748722244E-12  3.6548748722244E-12  3.4686858609989E-12
  3.4686858609989E-12  3.4686858609989E-12  3.4686858609989E-12  3.4686858609989E-12
  3.4686858609989E-12  3.8901180401995E-12  3.8901180401995E-12  3.8901180401995E-12
  3.8901180401995E-12  3.8901180401995E-12  3.8901180401995E-12  3.5905386572980E-12
  3.5905386572980E-12  3.5905386572980E-12  3.5905386572980E-12  3.5905386572980E-12
  3.5905386572980E-12  3.5905386572980E-12  3.5905386572980E-12  2.4991418667288E-12
  2.4991418667288E-12  3.0729166679773E-11  3.0729166679773E-11  3.0729166679773E-11
  3.0051964845374E-11  3.0051964845374E-11  3.0051964845374E-11  3.0051964845374E-11
  2.9659525626760E-11  2.9659525626760E-11  2.9659525626760E-11  2.9659525626760E-11
  2.9659525626760E-11  2.9659525626760E-11  2.8148590795084E-11  2.8148590795084E-11
  2.8148590795084E-11  2.8148590795084E-11  2.8148590795084E-11  2.8148590795084E-11
  3.1568537840038E-11  3.1568537840038E-11  3.1568537840038E-11  3.1568537840038E-11
  3.1568537840038E-11  3.1568537840038E-11  2.9137433439737E-11  2.9137433439737E-11
  2.9137433439737E-11  2.9137433439737E-11  2.9137433439737E-11  2.9137433439737E-11
  2.9137433439737E-11  2.9137433439737E-11  1.4460068511700E-11  1.4460068511700E-11
  1.7779937242161E-10  1.7779937242161E-10  1.7779937242161E-10  1.7388107348387E-10
  1.7388107348387E-10  1.7388107348387E-10  1.7388107348387E-10  1.7161041487766E-10
  1.7161041487766E-10  1.7161041487766E-10  1.7161041487766E-10  1.7161041487766E-10
  1.7161041487766E-10  1.6286812558483E-10  1.6286812558483E-10  1.6286812558483E-10
  1.6286812558483E-10  1.6286812558483E-10  1.6286812558483E-10  1.8265598526371E-10
  1.8265598526371E-10  1.8265598526371E-10  1.8265598526371E-10  1.8265598526371E-10
  1.8265598526371E-10  1.6858958244942E-10  1.6858958244942E-10  1.6858958244942E-10
  1.6858958244942E-10  1.6858958244942E-10  1.6858958244942E-10  1.6858958244942E-10
  1.6858958244942E-10  6.5492079580172E-11  6.5492079580172E-11  8.0528322798188E-10
  8.0528322798188E-10  8.0528322798188E-10  7.8753659381887E-10  7.8753659381887E-10
  7.8753659381887E-10  7.8753659381887E-10  7.7725239952081E-10  7.7725239952081E-10
  7.7725239952081E-10  7.7725239952081E-10  7.7725239952081E-10  7.7725239952081E-10
  7.3765710260951E-10  7.3765710260951E-10  7.3765710260951E-10  7.3765710260951E-10
  7.3765710260951E-10  7.3765710260951E-10  8.2727964345442E-10  8.2727964345442E-10
  8.2727964345442E-10  8.2727964345442E-10  8.2727964345442E-10  8.2727964345442E-10
  7.6357054195365E-10  7.6357054195365E-10  7.6357054195365E-10  7.6357054195365E-10
  7.6357054195365E-10  7.6357054195365E-10  7.6357054195365E-10  7.6357054195365E-10
  2.4636877196117E-10  2.4636877196117E-10  3.0293226483357E-09  3.0293226483357E-09
  3.0293226483357E-09  2.9625631792028E-09  2.9625631792028E-09  2.9625631792028E-09
  2.9625631792028E-09  2.9238759923542E-09  2.9238759923542E-09  2.9238759923542E-09
  2.9238759923542E-09  2.9238759923542E-09  2.9238759923542E-09  2.7749260011795E-09
  2.7749260011795E-09  2.7749260011795E-09  2.7749260011795E-09  2.7749260011795E-09
  2.7749260011795E-09  3.1120689880803E-09  3.1120689880803E-09  3.1120689880803E-09
  3.1120689880803E-09  3.1120689880803E-09  3.1120689880803E-09  2.8724074412167E-09
  2.8724074412167E-09  2.8724074412167E-09  2.8724074412167E-09  2.8724074412167E-09
  2.8724074412167E-09  2.8724074412167E-09  2.8724074412167E-09  8.0116789874964E-10
  8.0116789874964E-10  9.8510701720929E-09  9.8510701720929E-09  9.8510701720929E-09
  9.6339747050777E-09  9.6339747050777E-09  9.6339747050777E-09  9.6339747050777E-09
  9.5081676397207E-09  9.5081676397207E-09  9.5081676397207E-09  9.5081676397207E-09
  9.5081676397207E-09  9.5081676397207E-09  9.0237963839880E-09  9.0237963839880E-09
  9.0237963839880E-09  9.0237963839880E-09  9.0237963839880E-09  9.0237963839880E-09
  1.0120153427307E-08  1.0120153427307E-08  1.0120153427307E-08  1.0120153427307E-08
  1.0120153427307E-08  1.0120153427307E-08  9.3407967889500E-09  9.3407967889500E-09
  9.3407967889500E-09  9.3407967889500E-09  9.3407967889500E-09  9.3407967889500E-09
  9.3407967889500E-09  9.3407967889500E-09  2.3166959864484E-09  2.3166959864484E-09
  2.8485832701893E-08  2.8485832701893E-08  2.8485832701893E-08  2.7858068911188E-08
  2.7858068911188E-08  2.7858068911188E-08  2.7858068911188E-08  2.7494279094054E-08
  2.7494279094054E-08  2.7494279094054E-08  2.7494279094054E-08  2.7494279094054E-08
  2.7494279094054E-08  2.6093647658548E-08  2.6093647658548E-08  2.6093647658548E-08
  2.6093647658548E-08  2.6093647658548E-08  2.6093647658548E-08  2.9263926904553E-08
  2.9263926904553E-08  2.9263926904553E-08  2.9263926904553E-08  2.9263926904553E-08
  2.9263926904553E-08  2.7010301417422E-08  2.7010301417422E-08  2.7010301417422E-08
  2.7010301417422E-08  2.7010301417422E-08  2.7010301417422E-08  2.7010301417422E-08
  2.7010301417422E-08  6.0814912022387E-09  6.0814912022387E-09  7.4777330292088E-08
  7.4777330292088E-08  7.4777330292088E-08  7.3129405837352E-08  7.3129405837352E-08
  7.3129405837352E-08  7.3129405837352E-08  7.2174431777181E-08  7.2174431777181E-08
  7.2174431777181E-08  7.2174431777181E-08  7.2174431777181E-08  7.2174431777181E-08
  6.8497674963842E-08  6.8497674963842E-08  6.8497674963842E-08  6.8497674963842E-08
  6.8497674963842E-08  6.8497674963842E-08  7.6819882735598E-08  7.6819882735598E-08
  7.6819882735598E-08  7.6819882735598E-08  7.6819882735598E-08  7.6819882735598E-08
  7.0903956065333E-08  7.0903956065333E-08  7.0903956065333E-08  7.0903956065333E-08
  7.0903956065333E-08  7.0903956065333E-08  7.0903956065333E-08  7.0903956065333E-08
  1.4720718860763E-08  1.4720718860763E-08  1.8100429973211E-07  1.8100429973211E-07
  1.8100429973211E-07  1.7701537139279E-07  1.7701537139279E-07  1.7701537139279E-07
  1.7701537139279E-07  1.7470378296955E-07  1.7470378296955E-07  1.7470378296955E-07
  1.7470378296955E-07  1.7470378296955E-07  1.7470378296955E-07  1.6580390930886E-07
  1.6580390930886E-07  1.6580390930886E-07  1.6580390930886E-07  1.6580390930886E-07
  1.6580390930886E-07  1.8594845557800E-07  1.8594845557800E-07  1.8594845557800E-07
  1.8594845557800E-07  1.8594845557800E-07  1.8594845557800E-07  1.7162849844614E-07
  1.7162849844614E-07  1.7162849844614E-07  1.7162849844614E-07  1.7162849844614E-07
  1.7162849844614E-07  1.7162849844614E-07  1.7162849844614E-07  3.3255987172043E-08
  3.3255987172043E-08  4.0891186951612E-07  4.0891186951612E-07  4.0891186951612E-07
  3.9990037008206E-07  3.9990037008206E-07  3.9990037008206E-07  3.9990037008206E-07
  3.9467819610555E-07  3.9467819610555E-07  3.9467819610555E-07  3.9467819610555E-07
  3.9467819610555E-07  3.9467819610555E-07  3.7457224291859E-07  3.7457224291859E-07
  3.7457224291859E-07  3.7457224291859E-07  3.7457224291859E-07  3.7457224291859E-07
  4.2008135009263E-07  4.2008135009263E-07  4.2008135009263E-07  4.2008135009263E-07
  4.2008135009263E-07  4.2008135009263E-07  3.8773073493681E-07  3.8773073493681E-07
  3.8773073493681E-07  3.8773073493681E-07  3.8773073493681E-07  3.8773073493681E-07
  3.8773073493681E-07  3.8773073493681E-07  7.0789805795821E-08  7.0789805795821E-08
  8.7042347234807E-07  8.7042347234807E-07  8.7042347234807E-07  8.5124129346503E-07
  8.5124129346503E-07  8.5124129346503E-07  8.5124129346503E-07  8.4012519940003E-07
  8.4012519940003E-07  8.4012519940003E-07  8.4012519940003E-07  8.4012519940003E-07
  8.4012519940003E-07  7.9732699545312E-07  7.9732699545312E-07  7.9732699545312E-07
  7.9732699545312E-07  7.9732699545312E-07  7.9732699545312E-07  8.9419920201625E-07
  8.9419920201625E-07  8.9419920201625E-07  8.9419920201625E-07  8.9419920201625E-07
  8.9419920201625E-07  8.2533660135406E-07  8.2533660135406E-07  8.2533660135406E-07
  8.2533660135406E-07  8.2533660135406E-07  8.2533660135406E-07  8.2533660135406E-07
  8.2533660135406E-07  1.4307193265997E-07  1.4307193265997E-07  1.7591963563317E-06
  1.7591963563317E-06  1.7591963563317E-06  1.7204276187349E-06  1.7204276187349E-06
  1.7204276187349E-06  1.7204276187349E-06  1.6979610920419E-06  1.6979610920419E-06
  1.6979610920419E-06  1.6979610920419E-06  1.6979610920419E-06  1.6979610920419E-06
  1.6114624545019E-06  1.6114624545019E-06  1.6114624545019E-06  1.6114624545019E-06
  1.6114624545019E-06  1.6114624545019E-06  1.8072490322190E-06  1.8072490322190E-06
  1.8072490322190E-06  1.8072490322190E-06  1.8072490322190E-06  1.8072490322190E-06
  1.6680721372696E-06  1.6680721372696E-06  1.6680721372696E-06  1.6680721372696E-06
  1.6680721372696E-06  1.6680721372696E-06  1.6680721372696E-06  1.6680721372696E-06
  2.7626723500654E-07  2.7626723500654E-07  3.3969507796642E-06  3.3969507796642E-06
  3.3969507796642E-06  3.3220896119884E-06  3.3220896119884E-06  3.3220896119884E-06
  3.3220896119884E-06  3.2787074817949E-06  3.2787074817949E-06  3.2787074817949E-06
  3.2787074817949E-06  3.2787074817949E-06  3.2787074817949E-06  3.1116814342625E-06
  3.1116814342625E-06  3.1116814342625E-06  3.1116814342625E-06  3.1116814342625E-06
  3.1116814342625E-06  3.4897389293398E-06  3.4897389293398E-06  3.4897389293398E-06
  3.4897389293398E-06  3.4897389293398E-06  3.4897389293398E-06  3.2209928850976E-06
  3.2209928850976E-06  3.2209928850976E-06  3.2209928850976E-06  3.2209928850976E-06
  3.2209928850976E-06  3.2209928850976E-06  3.2209928850976E-06  5.1230912122714E-07
  5.1230912122714E-07  6.2992952050228E-06  6.2992952050228E-06  6.2992952050228E-06
  6.1604728831318E-06  6.1604728831318E-06  6.1604728831318E-06  6.1604728831318E-06
  6.0800251927067E-06  6.0800251927067E-06  6.0800251927067E-06  6.0800251927067E-06
  6.0800251927067E-06  6.0800251927067E-06  5.7702925976296E-06  5.7702925976296E-06
  5.7702925976296E-06  5.7702925976296E-06  5.7702925976296E-06  5.7702925976296E-06
  6.4713612678677E-06  6.4713612678677E-06  6.4713612678677E-06  6.4713612678677E-06
  6.4713612678677E-06  6.4713612678677E-06  5.9729994199426E-06  5.9729994199426E-06
  5.9729994199426E-06  5.9729994199426E-06  5.9729994199426E-06  5.9729994199426E-06
  5.9729994199426E-06  5.9729994199426E-06  9.1628546488129E-07  9.1628546488129E-07
  1.1266542788723E-05  1.1266542788723E-05  1.1266542788723E-05  1.1018253483538E-05
  1.1018253483538E-05  1.1018253483538E-05  1.1018253483538E-05  1.0874369554157E-05
  1.0874369554157E-05  1.0874369554157E-05  1.0874369554157E-05  1.0874369554157E-05
  1.0874369554157E-05  1.0320400352536E-05  1.0320400352536E-05  1.0320400352536E-05
  1.0320400352536E-05  1.0320400352536E-05  1.0320400352536E-05  1.1574289861441E-05
  1.1574289861441E-05  1.1574289861441E-05  1.1574289861441E-05  1.1574289861441E-05
  1.1574289861441E-05  1.0682949655724E-05  1.0682949655724E-05  1.0682949655724E-05
  1.0682949655724E-05  1.0682949655724E-05  1.0682949655724E-05  1.0682949655724E-05
  1.0682949655724E-05  1.5863608983548E-06  1.5863608983548E-06  1.9505714785062E-05
  1.9505714785062E-05  1.9505714785062E-05  1.9075852629301E-05  1.9075852629301E-05
  1.9075852629301E-05  1.9075852629301E-05  1.8826747030424E-05  1.8826747030424E-05
  1.8826747030424E-05  1.8826747030424E-05  1.8826747030424E-05  1.8826747030424E-05
  1.7867662646763E-05  1.7867662646763E-05  1.7867662646763E-05  1.7867662646763E-05
  1.7867662646763E-05  1.7867662646763E-05  2.0038515905950E-05  2.0038515905950E-05
  2.0038515905950E-05  2.0038515905950E-05  2.0038515905950E-05  2.0038515905950E-05
  1.8495342622432E-05  1.8495342622432E-05  1.8495342622432E-05  1.8495342622432E-05
  1.8495342622432E-05  1.8495342622432E-05  1.8495342622432E-05  1.8495342622432E-05
  2.6667854644997E-06  2.6667854644997E-06  3.2790493460489E-05  3.2790493460489E-05
  3.2790493460489E-05  3.2067864612343E-05  3.2067864612343E-05  3.2067864612343E-05
  3.2067864612343E-05  3.1649100388579E-05  3.1649100388579E-05  3.1649100388579E-05
  3.1649100388579E-05  3.1649100388579E-05  3.1649100388579E-05  3.0036811346262E-05
  3.0036811346262E-05  3.0036811346262E-05  3.0036811346262E-05  3.0036811346262E-05
  3.0036811346262E-05  3.3686170028241E-05  3.3686170028241E-05  3.3686170028241E-05
  3.3686170028241E-05  3.3686170028241E-05  3.3686170028241E-05  3.1091986015033E-05
  3.1091986015033E-05  3.1091986015033E-05  3.1091986015033E-05  3.1091986015033E-05
  3.1091986015033E-05  3.1091986015033E-05  3.1091986015033E-05  4.3645695343422E-06
  4.3645695343422E-06  5.3666255002086E-05  5.3666255002086E-05  5.3666255002086E-05
  5.2483571243966E-05  5.2483571243966E-05  5.2483571243966E-05  5.2483571243966E-05
  5.1798204686571E-05  5.1798204686571E-05  5.1798204686571E-05  5.1798204686571E-05
  5.1798204686571E-05  5.1798204686571E-05  4.9159466877203E-05  4.9159466877203E-05
  4.9159466877203E-05  4.9159466877203E-05  4.9159466877203E-05  4.9159466877203E-05
  5.5132155694989E-05  5.5132155694989E-05  5.5132155694989E-05  5.5132155694989E-05
  5.5132155694989E-05  5.5132155694989E-05  5.0886408648123E-05  5.0886408648123E-05
  5.0886408648123E-05  5.0886408648123E-05  5.0886408648123E-05  5.0886408648123E-05
  5.0886408648123E-05  5.0886408648123E-05  6.9704131009694E-06  6.9704131009694E-06
  8.5707413755956E-05  8.5707413755956E-05  8.5707413755956E-05  8.3818614804069E-05
  8.3818614804069E-05  8.3818614804069E-05  8.3818614804069E-05  8.2724053704046E-05
  8.2724053704046E-05  8.2724053704046E-05  8.2724053704046E-05  8.2724053704046E-05
  8.2724053704046E-05  7.8509871193785E-05  7.8509871193785E-05  7.8509871193785E-05
  7.8509871193785E-05  7.8509871193785E-05  7.8509871193785E-05  8.8048522842231E-05
  8.8048522842231E-05  8.8048522842231E-05  8.8048522842231E-05  8.8048522842231E-05
  8.8048522842231E-05  8.1267874577606E-05  8.1267874577606E-05  8.1267874577606E-05
  8.1267874577606E-05  8.1267874577606E-05  8.1267874577606E-05  8.1267874577606E-05
  8.1267874577606E-05  1.0884458603143E-05  1.0884458603143E-05  1.3383407604341E-04
  1.3383407604341E-04  1.3383407604341E-04  1.3088467351824E-04  1.3088467351824E-04
  1.3088467351824E-04  1.3088467351824E-04  1.2917549146415E-04  1.2917549146415E-04
  1.2917549146415E-04  1.2917549146415E-04  1.2917549146415E-04  1.2917549146415E-04
  1.2259494962042E-04  1.2259494962042E-04  1.2259494962042E-04  1.2259494962042E-04
  1.2259494962042E-04  1.2259494962042E-04  1.3748977113148E-04  1.3748977113148E-04
  1.3748977113148E-04  1.3748977113148E-04  1.3748977113148E-04  1.3748977113148E-04
  1.2690163463660E-04  1.2690163463660E-04  1.2690163463660E-04  1.2690163463660E-04
  1.2690163463660E-04  1.2690163463660E-04  1.2690163463660E-04  1.2690163463660E-04
  1.6647385255830E-05  1.6647385255831E-05  2.0469437254412E-04  2.0469437254412E-04
  2.0469437254412E-04  2.0018336819368E-04  2.0018336819368E-04  2.0018336819368E-04
  2.0018336819368E-04  1.9756923613950E-04  1.9756923613950E-04  1.9756923613950E-04
  1.9756923613950E-04  1.9756923613950E-04  1.9756923613950E-04  1.8750453570202E-04
  1.8750453570202E-04  1.8750453570202E-04  1.8750453570202E-04  1.8750453570202E-04
  1.8750453570202E-04  2.1028562579133E-04  2.1028562579133E-04  2.1028562579133E-04
  2.1028562579133E-04  2.1028562579133E-04  2.1028562579133E-04  1.9409145446886E-04
  1.9409145446886E-04  1.9409145446886E-04  1.9409145446886E-04  1.9409145446886E-04
  1.9409145446886E-04  1.9409145446886E-04  1.9409145446886E-04  2.4977275096631E-05
  2.4977275096631E-05  3.0711775904725E-04  3.0711775904725E-04  3.0711775904725E-04
  3.0034957323959E-04  3.0034957323959E-04  3.0034957323959E-04  3.0034957323959E-04
  2.9642740201253E-04  2.9642740201253E-04  2.9642740201253E-04  2.9642740201252E-04
  2.9642740201253E-04  2.9642740201253E-04  2.8132660463632E-04  2.8132660463632E-04
  2.8132660463632E-04  2.8132660463632E-04  2.8132660463632E-04  2.8132660463632E-04
  3.1550672033721E-04  3.1550672033721E-04  3.1550672033722E-04  3.1550672033722E-04
  3.1550672033722E-04  3.1550672033722E-04  2.9120943485560E-04  2.9120943485560E-04
  2.9120943485560E-04  2.9120943485560E-04  2.9120943485560E-04  2.9120943485560E-04
  2.9120943485560E-04  2.9120943485560E-04  3.6812553225853E-05  3.6812553225856E-05
  4.5264300480308E-04  4.5264300480306E-04  4.5264300480305E-04  4.4266776934112E-04
  4.4266776934111E-04  4.4266776934109E-04  4.4266776934112E-04  4.3688710926116E-04
  4.3688710926115E-04  4.3688710926117E-04  4.3688710926114E-04  4.3688710926116E-04
  4.3688710926116E-04  4.1463092218656E-04  4.1463092218656E-04  4.1463092218655E-04
  4.1463092218654E-04  4.1463092218656E-04  4.1463092218657E-04  4.6500700699311E-04
  4.6500700699312E-04  4.6500700699314E-04  4.6500700699314E-04  4.6500700699314E-04
  4.6500700699313E-04  4.2919665091644E-04  4.2919665091645E-04  4.2919665091644E-04
  4.2919665091644E-04  4.2919665091643E-04  4.2919665091644E-04  4.2919665091645E-04
  4.2919665091645E-04  5.3361134953094E-05  5.3361134953112E-05  6.5612250029734E-04
  6.5612250029721E-04  6.5612250029712E-04  6.4166303364725E-04  6.4166303364720E-04
  6.4166303364704E-04  6.4166303364727E-04  6.3328375659051E-04  6.3328375659040E-04
  6.3328375659055E-04  6.3328375659029E-04  6.3328375659051E-04  6.3328375659046E-04
  6.0102260385968E-04  6.0102260385970E-04  6.0102260385965E-04  6.0102260385957E-04
  6.0102260385974E-04  6.0102260385976E-04  6.7404457121072E-04  6.7404457121081E-04
  6.7404457121097E-04  6.7404457121093E-04  6.7404457121098E-04  6.7404457121087E-04
  6.2213615748025E-04  6.2213615748030E-04  6.2213615748026E-04  6.2213615748029E-04
  6.2213615748022E-04  6.2213615748029E-04  6.2213615748033E-04  6.2213615748031E-04
  7.6155700266566E-05  7.6155700266690E-05  9.3640190589589E-04  9.3640190589489E-04
  9.3640190589422E-04  9.1576571048545E-04  9.1576571048500E-04  9.1576571048397E-04
  9.1576571048556E-04  9.0380701222025E-04  9.0380701221939E-04  9.0380701222050E-04
  9.0380701221864E-04  9.0380701222018E-04  9.0380701221986E-04  8.5776468797433E-04
  8.5776468797447E-04  8.5776468797408E-04  8.5776468797353E-04  8.5776468797478E-04
  8.5776468797486E-04  9.6197984500392E-04  9.6197984500458E-04  9.6197984500570E-04
  9.6197984500547E-04  9.6197984500579E-04  9.6197984500508E-04  8.8789743276112E-04
  8.8789743276151E-04  8.8789743276122E-04  8.8789743276137E-04  8.8789743276089E-04
  8.8789743276143E-04  8.8789743276174E-04  8.8789743276160E-04  1.5265934246869E-04
  1.5265934246992E-04  6.4292635027653E-04  6.4292635027489E-04  6.4292635027154E-04
  6.4292635027682E-04  6.1625072836053E-04  6.1625072836192E-04  6.1625072836136E-04
  6.1625072835988E-04  6.1625072836344E-04  6.1625072836346E-04  6.4394515851874E-04
  6.4394515851592E-04  6.4394515851913E-04  6.4394515851337E-04  6.4394515851887E-04
  6.4394515851816E-04  6.3892679437296E-04  6.3892679437249E-04  6.3892679437084E-04
  6.3892679436874E-04  6.3892679437370E-04  6.3892679437399E-04  4.2016611776714E-04
  4.2016611776815E-04  4.2016611777118E-04  4.2016611777092E-04  4.2016611777121E-04
  4.2016611776898E-04  5.5536583421198E-04  5.5536583421420E-04  5.5536583421616E-04
  5.5536583421533E-04  5.5536583421687E-04  5.5536583421580E-04  6.5202357677709E-04
  6.5202357677319E-04  6.5202357677776E-04  6.5202357677083E-04  6.5202357677495E-04
  6.5202357677320E-04  5.3274926741125E-04  5.3274926741329E-04  5.3274926741519E-04
  5.3274926741465E-04  6.4323032292285E-04  6.4323032292069E-04  6.4323032292085E-04
  6.4323032291900E-04  6.3799984150884E-04  6.3799984151001E-04  6.3799984150682E-04
  6.3799984150708E-04  6.3799984150482E-04  6.3799984150846E-04  6.3799984150940E-04
  6.3799984150944E-04  6.0598350102605E-04  6.0598350102733E-04  6.0598350102699E-04
  6.0598350102771E-04  6.0598350102640E-04  6.0598350102791E-04  6.0598350102878E-04
  6.0598350102816E-04  2.1179655778981E-04  2.1179655779801E-04  8.9198332511093E-04
  8.9198332510025E-04  8.9198332507953E-04  8.9198332511207E-04  8.5497409390380E-04
  8.5497409391277E-04  8.5497409390867E-04  8.5497409389983E-04  8.5497409392308E-04
  8.5497409392320E-04  8.9339679955024E-04  8.9339679953060E-04  8.9339679955274E-04
  8.9339679951495E-04  8.9339679955020E-04  8.9339679954605E-04  8.8643442020932E-04
  8.8643442020588E-04  8.8643442019464E-04  8.8643442018205E-04  8.8643442021365E-04
  8.8643442021526E-04  5.8293017645185E-04  5.8293017645893E-04  5.8293017647908E-04
  5.8293017647757E-04  5.8293017647940E-04  5.8293017646480E-04  7.7050359380033E-04
  7.7050359381554E-04  7.7050359382830E-04  7.7050359382339E-04  7.7050359383339E-04
  7.7050359382670E-04  9.0460463754960E-04  9.0460463752180E-04  9.0460463755374E-04
  9.0460463750686E-04  9.0460463753434E-04  9.0460463752340E-04  7.3912581554315E-04
  7.3912581555746E-04  7.3912581556959E-04  7.3912581556640E-04  8.9240505075371E-04
  8.9240505073854E-04  8.9240505073936E-04  8.9240505072774E-04  8.8514838410295E-04
  8.8514838411040E-04  8.8514838408814E-04  8.8514838409003E-04  8.8514838407590E-04
  8.8514838410032E-04  8.8514838410605E-04  8.8514838410625E-04  8.4072954540339E-04
  8.4072954541190E-04  8.4072954540952E-04  8.4072954541391E-04  8.4072954540591E-04
  8.4072954541608E-04  8.4072954542136E-04  8.4072954541763E-04  2.9007156363656E-04
  2.9007156368932E-04  1.2216392966037E-03  1.2216392965474E-03  1.2216392964241E-03
  1.2216392966044E-03  1.1709523274772E-03  1.1709523275346E-03  1.1709523275060E-03
  1.1709523274553E-03  1.1709523275994E-03  1.1709523275999E-03  1.2235751578109E-03
  1.2235751576858E-03  1.2235751578329E-03  1.2235751575937E-03  1.2235751578046E-03
  1.2235751577816E-03  1.2140396474766E-03  1.2140396474596E-03  1.2140396473860E-03
  1.2140396473138E-03  1.2140396474998E-03  1.2140396475079E-03  7.9836740281553E-04
  7.9836740286334E-04  7.9836740299220E-04  7.9836740298387E-04  7.9836740299480E-04
  7.9836740290287E-04  1.0552635253660E-03  1.0552635254669E-03  1.0552635255468E-03
  1.0552635255189E-03  1.0552635255810E-03  1.0552635255405E-03  1.2389251480505E-03
  1.2389251478622E-03  1.2389251480762E-03  1.2389251477711E-03  1.2389251479468E-03
  1.2389251478812E-03  1.0122892613243E-03  1.0122892614206E-03  1.0122892614951E-03
  1.0122892614769E-03  1.2222168820648E-03  1.2222168819626E-03  1.2222168819664E-03
  1.2222168818964E-03  1.2122783227813E-03  1.2122783228293E-03  1.2122783226803E-03
  1.2122783226932E-03  1.2122783226079E-03  1.2122783227636E-03  1.2122783227969E-03
  1.2122783227980E-03  1.1514433302445E-03  1.1514433302994E-03  1.1514433302837E-03
  1.1514433303091E-03  1.1514433302623E-03  1.1514433303276E-03  1.1514433303585E-03
  1.1514433303371E-03  3.9245690500341E-04  3.9245690533034E-04  1.6528361882809E-03
  1.6528361881158E-03  1.6528361874118E-03  1.6528361882284E-03  1.5842584521376E-03
  1.5842584525073E-03  1.5842584523184E-03  1.5842584520386E-03  1.5842584528773E-03
  1.5842584528762E-03  1.6554553423440E-03  1.6554553416421E-03  1.6554553425811E-03
  1.6554553411210E-03  1.6554553422586E-03  1.6554553421419E-03  1.6425541228765E-03
  1.6425541228691E-03  1.6425541224087E-03  1.6425541220102E-03  1.6425541229799E-03
  1.6425541230144E-03  1.0801637912378E-03  1.0801637915493E-03  1.0801637923430E-03
  1.0801637922985E-03  1.0801637923616E-03  1.0801637918049E-03  1.4277354590386E-03
  1.4277354596849E-03  1.4277354601673E-03  1.4277354600157E-03  1.4277354603835E-03
  1.4277354601489E-03  1.6762233542914E-03  1.6762233530796E-03  1.6762233544571E-03
  1.6762233525450E-03  1.6762233536182E-03  1.6762233532415E-03  1.3695927496768E-03
  1.3695927503004E-03  1.3695927507405E-03  1.3695927506404E-03  1.6536176417170E-03
  1.6536176410564E-03  1.6536176410716E-03  1.6536176406658E-03  1.6401711107808E-03
  1.6401711111020E-03  1.6401711101446E-03  1.6401711102274E-03  1.6401711097317E-03
  1.6401711106645E-03  1.6401711108468E-03  1.6401711108533E-03  1.5578634460248E-03
  1.5578634463690E-03  1.5578634462708E-03  1.5578634464109E-03  1.5578634461468E-03
  1.5578634465474E-03  1.5578634467205E-03  1.5578634466033E-03  5.2488080017284E-04
  5.2488080212230E-04  2.2105407518994E-03  2.2105407530626E-03  2.2105407492058E-03
  2.2105407510901E-03  2.1188233253647E-03  2.1188233278037E-03  2.1188233266251E-03
  2.1188233251411E-03  2.1188233296267E-03  2.1188233295804E-03  2.2140436693420E-03
  2.2140436662179E-03  2.2140436719826E-03  2.2140436633933E-03  2.2140436684607E-03
  2.2140436679570E-03  2.1967892840396E-03  2.1967892852295E-03  2.1967892824544E-03
  2.1967892803645E-03  2.1967892843198E-03  2.1967892843986E-03  1.4446356462543E-03
  1.4446356482067E-03  1.4446356529160E-03  1.4446356526884E-03  1.4446356530368E-03
  1.4446356497968E-03  1.9094859080925E-03  1.9094859120864E-03  1.9094859148965E-03
  1.9094859141035E-03  1.9094859161759E-03  1.9094859148746E-03  2.2418192831126E-03
  2.2418192757322E-03  2.2418192842469E-03  2.2418192727082E-03  2.2418192789273E-03
  2.2418192768660E-03  1.8317245256777E-03  1.8317245295617E-03  1.8317245320584E-03
  1.8317245315320E-03  2.2115858878309E-03  2.2115858837396E-03  2.2115858837886E-03
  2.2115858815237E-03  2.1936021900987E-03  2.1936021923829E-03  2.1936021864668E-03
  2.1936021869772E-03  2.1936021842104E-03  2.1936021893469E-03  2.1936021902679E-03
  2.1936021903191E-03  2.0835220429687E-03  2.0835220450670E-03  2.0835220444752E-03
  2.0835220452189E-03  2.0835220437854E-03  2.0835220461180E-03  2.0835220470513E-03
  2.0835220464340E-03  6.9433241969450E-04  6.9433243087055E-04  2.9241879389054E-03
  2.9241879677430E-03  2.9241879475054E-03  2.9241879299050E-03  2.8028606277022E-03
  2.8028606443606E-03  2.8028606372998E-03  2.8028606298009E-03  2.8028606509702E-03
  2.8028606503195E-03  2.9288217470996E-03  2.9288217410658E-03  2.9288217749906E-03
  2.9288217263635E-03  2.9288217389929E-03  2.9288217375215E-03  2.9059969814569E-03
  2.9059970013306E-03  2.9059969853038E-03  2.9059969748700E-03  2.9059969803020E-03
  2.9059969797019E-03  1.9110193394583E-03  1.9110193512240E-03  1.9110193780989E-03
  1.9110193769829E-03  1.9110193788232E-03  1.9110193607188E-03  2.5259410637009E-03
  2.5259410875113E-03  2.5259411032726E-03  2.5259410992984E-03  2.5259411103306E-03
  2.5259411033821E-03  2.9655644120622E-03  2.9655643698301E-03  2.9655644203217E-03
  2.9655643534198E-03  2.9655643871042E-03  2.9655643764485E-03  2.4230753347530E-03
  2.4230753579888E-03  2.4230753715773E-03  2.4230753689175E-03  2.9255705173256E-03
  2.9255704930466E-03  2.9255704930967E-03  2.9255704809916E-03  2.9017809835856E-03
  2.9017810007416E-03  2.9017809656887E-03  2.9017809686777E-03  2.9017809538371E-03
  2.9017809787941E-03  2.9017809828816E-03  2.9017809833589E-03  2.7561627401709E-03
  2.7561627526693E-03  2.7561627492580E-03  2.7561627530601E-03  2.7561627455531E-03
  2.7561627583439E-03  2.7561627631182E-03  2.7561627600143E-03  9.0896264041923E-04
  9.0896270188478E-04  3.8281050458781E-03  3.8281054108984E-03  3.8281053095293E-03
  3.8281049608284E-03  3.6692735781586E-03  3.6692736953031E-03  3.6692736550712E-03
  3.6692736189442E-03  3.6692736977828E-03  3.6692736907553E-03  3.8341714017811E-03
  3.8341714818644E-03  3.8341716735652E-03  3.8341714092046E-03  3.8341713330032E-03
  3.8341713357709E-03  3.8042910778324E-03  3.8042913094980E-03  3.8042912209835E-03
  3.8042911716123E-03  3.8042910498802E-03  3.8042910380683E-03  2.5017485956389E-03
  2.5017486636711E-03  2.5017488109384E-03  2.5017488056628E-03  2.5017488149355E-03
  2.5017487179985E-03  3.3067533095712E-03  3.3067534463696E-03  3.3067535313202E-03
  3.3067535122617E-03  3.3067535672663E-03  3.3067535316696E-03  3.8822720570907E-03
  3.8822718325386E-03  3.8822721193705E-03  3.8822717469355E-03  3.8822719140982E-03
  3.8822718628639E-03  3.1720900249556E-03  3.1720901583824E-03  3.1720902290448E-03
  3.1720902161729E-03  3.8299153581036E-03  3.8299152201788E-03  3.8299152193393E-03
  3.8299151575223E-03  3.7987719808558E-03  3.7987721135441E-03  3.7987719146044E-03
  3.7987719312438E-03  3.7987718550375E-03  3.7987719507610E-03  3.7987719646872E-03
  3.7987719691951E-03  3.6081405828186E-03  3.6081406557472E-03  3.6081406369616E-03
  3.6081406552936E-03  3.6081406177557E-03  3.6081406830421E-03  3.6081407061607E-03
  3.6081406910917E-03  1.1781763124651E-03  1.1781766361473E-03  4.9618984608818E-03
  4.9619021163092E-03  4.9619016330006E-03  4.9618977494859E-03  4.7560272529119E-03
  4.7560280887406E-03  4.7560278709902E-03  4.7560277057119E-03  4.7560278329182E-03
  4.7560277688934E-03  4.9697629628382E-03  4.9697643660074E-03  4.9697654014141E-03
  4.9697640185090E-03  4.9697624446476E-03  4.9697625392649E-03  4.9310326149172E-03
  4.9310348719111E-03  4.9310344055232E-03  4.9310341761049E-03  4.9310323237186E-03
  4.9310321952761E-03  3.2427083278154E-03  3.2427087097345E-03  3.2427094822124E-03
  3.2427094585606E-03  3.2427095031154E-03  3.2427090069040E-03  4.2861367551089E-03
  4.2861375178030E-03  4.2861379566858E-03  4.2861378694372E-03  4.2861381229901E-03
  4.2861379488469E-03  5.0321116656457E-03  5.0321105752231E-03  5.0321121331785E-03
  5.0321101401831E-03  5.0321108789540E-03  5.0321106492027E-03  4.1115894898411E-03
  4.1115902273007E-03  4.1115905792595E-03  4.1115905197256E-03  4.9642482558381E-03
  4.9642475072078E-03  4.9642474976034E-03  4.9642471908179E-03  4.9238802260220E-03
  4.9238812488589E-03  4.9238801698381E-03  4.9238802577935E-03  4.9238798774323E-03
  4.9238800468786E-03  4.9238800605645E-03  4.9238801002986E-03  4.6767883428352E-03
  4.6767887650011E-03  4.6767886663097E-03  4.6767887502229E-03  4.6767885662469E-03
  4.6767888751810E-03  4.6767889802563E-03  4.6767889092861E-03  1.5127113804737E-03
  1.5127130139656E-03  6.3707714766030E-03  6.3708031268553E-03  6.3708008937785E-03
  6.3707664679683E-03  6.1064666192425E-03  6.1064723873152E-03  6.1064712700629E-03
  6.1064705237099E-03  6.1064691921914E-03  6.1064686781857E-03  6.3808811575454E-03
  6.3808954551026E-03  6.3809007830571E-03  6.3808939187907E-03  6.3808774008263E-03
  6.3808784083461E-03  6.3311524960755E-03  6.3311715208401E-03  6.3311691840053E-03
  6.3311682293384E-03  6.3311500547016E-03  6.3311489377552E-03  4.1634518922873E-03
  4.1634538856403E-03  4.1634577710530E-03  4.1634576698346E-03  4.1634578727639E-03
  4.1634554525763E-03  5.5031544688615E-03  5.5031585053411E-03  5.5031606724898E-03
  5.5031602756261E-03  5.5031613518559E-03  5.5031605323193E-03  6.4609472515763E-03
  6.4609425860473E-03  6.4609506521429E-03  6.4609405304121E-03  6.4609431352847E-03
  6.4609422656730E-03  5.2790465895230E-03  5.2790504435709E-03  5.2790521096468E-03
  5.2790518406093E-03  6.3738159393935E-03  6.3738120754704E-03  6.3738120060212E-03
  6.3738106039030E-03  6.3219803084550E-03  6.3219878310488E-03  6.3219822547942E-03
  6.3219826952987E-03  6.3219809277516E-03  6.3219792636333E-03  6.3219789570259E-03
  6.3219792734652E-03  6.0047307701960E-03  6.0047331043860E-03  6.0047326261564E-03
  6.0047329873252E-03  6.0047321507522E-03  6.0047334189850E-03  6.0047338732942E-03
  6.0047335469176E-03  1.9246987706398E-03  1.9247065707292E-03  8.1056707463158E-03
  8.1059076451088E-03  8.1058981394385E-03  8.1056372764220E-03  7.7695475949772E-03
  7.7695853237095E-03  7.7695799379955E-03  7.7695769161739E-03  7.7695579542947E-03
  7.7695543616323E-03  8.1186204317640E-03  8.1187369968480E-03  8.1187630130144E-03
  8.1187304924685E-03  8.1185962258432E-03  8.1186046447242E-03  8.0553408207796E-03
  8.0554830614161E-03  8.0554719644691E-03  8.0554682383788E-03  8.0553242699617E-03
  8.0553161799884E-03  5.2973633522644E-03  5.2973733484243E-03  5.2973918421523E-03
  5.2973914110102E-03  5.2973923056974E-03  5.2973810467345E-03  7.0019331311819E-03
  7.0019534790686E-03  7.0019637282176E-03  7.0019620918752E-03  7.0019660371964E-03
  7.0019623619676E-03  8.2205924671643E-03  8.2205756290675E-03  8.2206152783020E-03
  8.2205664326720E-03  8.2205717711268E-03  8.2205692405547E-03  6.7167939945109E-03
  6.7168131181452E-03  6.7168206243421E-03  6.7168194972278E-03  8.1097425796594E-03
  8.1097235980030E-03  8.1097231809101E-03  8.1097171403512E-03  8.0437523473882E-03
  8.0438036254874E-03  8.0437762819939E-03  8.0437783923092E-03  8.0437705313692E-03
  8.0437466353347E-03  8.0437427461657E-03  8.0437449906679E-03  7.6401223555193E-03
  7.6401349486058E-03  7.6401326670205E-03  7.6401341270045E-03  7.6401304703893E-03
  7.6401349411844E-03  7.6401366763824E-03  7.6401352077297E-03  2.4276923239969E-03
  2.4277275993217E-03  1.0222783055281E-02  1.0224340794689E-02  1.0224302779646E-02
  1.0222585236408E-02  9.7998900662994E-03  9.8001200765101E-03  9.8000951398189E-03
  9.8000842001413E-03  9.7999280913337E-03  9.7999044613273E-03  1.0239667318691E-02
  1.0240467973129E-02  1.0240588859481E-02  1.0240443757111E-02  1.0239523771443E-02
  1.0239583536412E-02  1.0159808304652E-02  1.0160740652368E-02  1.0160690507802E-02
  1.0160678067480E-02  1.0159705227642E-02  1.0159648653811E-02  6.6817288008930E-03
  6.6817762591240E-03  6.6818596794542E-03  6.6818580143554E-03  6.6818616377569E-03
  6.6818123087175E-03  8.8317572655327E-03  8.8318549174089E-03  8.8319005468360E-03
  8.8318943785462E-03  8.8319062858032E-03  8.8318902988838E-03  1.0368920917488E-02
  1.0368875785511E-02  1.0369061513617E-02  1.0368837410594E-02  1.0368821345583E-02
  1.0368819483791E-02  8.4721236510625E-03  8.4722133151701E-03  8.4722454124161E-03
  8.4722409505013E-03  1.0229180814928E-02  1.0229091616999E-02  1.0229089208178E-02
  1.0229065630346E-02  1.0145712706854E-02  1.0146033294248E-02  1.0145905926926E-02
  1.0145914932592E-02  1.0145883013057E-02  1.0145684079431E-02  1.0145652461234E-02
  1.0145665986850E-02  9.6367635356066E-03  9.6368286994935E-03  9.6368180467356E-03
  9.6368234109031E-03  9.6368089686377E-03  9.6368202937725E-03  9.6368259264047E-03
  9.6368194338123E-03  1.0997980595923E-03  1.0998526042936E-03  6.5776980899676E-03
  6.5823143035571E-03  6.5822424171971E-03  6.5771375160027E-03  6.6511299205551E-03
  6.6509807491426E-03  6.6513829776069E-03  6.6509050183436E-03  6.6508796039668E-03
  6.6508701940970E-03  6.6038282367151E-03  6.6049029132010E-03  6.6052866095306E-03
  6.6048461779701E-03  6.6035559564191E-03  6.6036937120392E-03  6.5775940304495E-03
  6.5809642666108E-03  6.5811479675041E-03  6.5809223626872E-03  6.5771076609102E-03
  6.5772742257844E-03  6.5586513293588E-03  6.5622001350144E-03  6.5621048955318E-03
  6.5620823215527E-03  6.5582627025338E-03  6.5581145576781E-03  6.4602126698392E-03
  6.4618259986173E-03  6.4617206304657E-03  6.4617031642874E-03  6.4600826890108E-03
  6.4599554204991E-03  6.2164526335569E-03  6.2169560027632E-03  6.2169208218719E-03
  6.2169025355781E-03  6.2165667519961E-03  6.2165138464771E-03  5.7463679568991E-03
  5.7466063342431E-03  5.7466843143239E-03  5.7466717427679E-03  5.7466727683942E-03
  5.7466429757603E-03  4.9203107106496E-03  4.9204787950079E-03  4.9206458345110E-03
  4.9206401385887E-03  4.9206564030861E-03  4.9205854998012E-03  3.4695365051006E-03
  3.4695945526549E-03  3.4697566489169E-03  3.4697552247827E-03  3.4697578407977E-03
  3.4696426691271E-03  6.5993202991087E-03  6.5990613015031E-03  6.5990562375115E-03
  6.5990071703631E-03  6.0590343772915E-03  6.0591305895889E-03  6.0591461667350E-03
  6.0591247322215E-03  4.6204123470549E-03  4.6205774321041E-03  4.6206870432846E-03
  4.6206835482447E-03  6.5465301133167E-03  6.5483711024149E-03  6.5485952048878E-03
  6.5483374691421E-03  6.5483072257448E-03  6.5462602896349E-03  6.5463697386866E-03
  6.5461865739720E-03  6.4049505720659E-03  6.4055244281384E-03  6.4056845563717E-03
  6.4054997458663E-03  6.4054690437128E-03  6.4049177938904E-03  6.4049535354409E-03
  6.4048712275859E-03  6.5727556351965E-03  6.5729989099490E-03  6.5733491509861E-03
  6.5729871204220E-03  6.5729291749499E-03  6.5725944823941E-03  6.5726355609593E-03
  6.5725768956173E-03  6.0899925446903E-03  6.0902022662751E-03  6.0902174333784E-03
  6.0902178756222E-03  6.0901950506917E-03  6.0901703551518E-03  6.0901689716627E-03
  6.0901495867663E-03  5.5261116974172E-03  5.5263307090209E-03  5.5262102017207E-03
  5.5264017613910E-03  5.5263905025255E-03  5.5264142630506E-03  5.5264078839361E-03
  5.5263700857880E-03  6.4040096898049E-03  6.4040060266402E-03  6.4041552371905E-03
  6.4039994660179E-03  6.4039562349745E-03  6.4039752810915E-03  6.4039603958843E-03
  6.4039712029893E-03  1.3645822702617E-03  1.3648021025747E-03  8.1444524668649E-03
  8.1676402463226E-03  8.1673897128606E-03  8.1420196331653E-03  8.2523088877909E-03
  8.2519133447247E-03  8.2535730078882E-03  8.2516362174070E-03  8.2512865854508E-03
  8.2513131097084E-03  8.1890754507172E-03  8.1948648320104E-03  8.1964439228876E-03
  8.1946704237075E-03  8.1878821044020E-03  8.1885840584898E-03  8.1485282047766E-03
  8.1656646216211E-03  8.1664083123016E-03  8.1655345134565E-03  8.1463570909749E-03
  8.1471466266816E-03  8.1248008874704E-03  8.1427064990373E-03  8.1423281670857E-03
  8.1422717159566E-03  8.1230940942946E-03  8.1223741944026E-03  8.0099407265096E-03
  8.0181242732302E-03  8.0177097616182E-03  8.0176607510009E-03  8.0092610014663E-03
  8.0086462721292E-03  7.7117995184167E-03  7.7142436540217E-03  7.7141008619371E-03
  7.7140427345030E-03  7.7121924516050E-03  7.7119394690652E-03  7.1294779302910E-03
  7.1305089896896E-03  7.1308188217393E-03  7.1307753633736E-03  7.1307067853190E-03
  7.1305885425844E-03  6.1045703311438E-03  6.1052762475342E-03  6.1059445663921E-03
  6.1059243900602E-03  6.1059821091780E-03  6.1057121285420E-03  4.3047026892422E-03
  4.3049469777636E-03  4.3055989711526E-03  4.3055940240885E-03  4.3056035514054E-03
  4.3051487957251E-03  8.1887159610119E-03  8.1876488081183E-03  8.1876282144728E-03
  8.1874594451705E-03  7.5179574469953E-03  7.5183535282488E-03  7.5184033823554E-03
  7.5183311452051E-03  5.7326399660503E-03  5.7333322128697E-03  5.7337587738969E-03
  5.7337465067989E-03  8.1155985012273E-03  8.1251006786620E-03  8.1260248860585E-03
  8.1249794623142E-03  8.1248874163446E-03  8.1143718792366E-03  8.1149148041328E-03
  8.1140307624981E-03  7.9449537820669E-03  7.9479389479631E-03  7.9485962410092E-03
  7.9478400566243E-03  7.9477380682348E-03  7.9447333002393E-03  7.9449246730074E-03
  7.9445039858000E-03  8.1537899278899E-03  8.1553110084844E-03  8.1567570355054E-03
  8.1552662300585E-03  8.1550560281144E-03  8.1530903819641E-03  8.1533489270218E-03
  8.1530201502369E-03  7.5558957565712E-03  7.5568548038024E-03  7.5569135859411E-03
  7.5569101518000E-03  7.5568302807424E-03  7.5565894726232E-03  7.5566003834660E-03
  7.5565047383116E-03  6.8563386295637E-03  6.8572611948657E-03  6.8567558587565E-03
  6.8575335789927E-03  6.8574927356123E-03  6.8575731264734E-03  6.8575518356463E-03
  6.8574107378140E-03  7.9458989254980E-03  7.9459663902759E-03  7.9465864116529E-03
  7.9459373158972E-03  7.9457810828194E-03  7.9457336374031E-03  7.9457046659096E-03
  7.9457168788194E-03  1.6797297172855E-03  1.6805558086595E-03  9.9549494617872E-03
  1.0056126941698E-02  1.0055325524969E-02  9.9460099239156E-03  1.0157073568493E-02
  1.0156283445564E-02  1.0162704890645E-02  1.0155333952068E-02  1.0153197665126E-02
  1.0153478157346E-02  1.0059757176419E-02  1.0086583928269E-02  1.0092645711227E-02
  1.0085972811227E-02  1.0055149147903E-02  1.0058235007868E-02  9.9768191894157E-03
  1.0052574055670E-02  1.0055383308778E-02  1.0052217066573E-02  9.9685343951400E-03
  9.9719625617151E-03  9.9467413698697E-03  1.0025504816157E-02  1.0024117837040E-02
  1.0024009761808E-02  9.9403857048234E-03  9.9374497603502E-03  9.8354765665267E-03
  9.8719802256655E-03  9.8704525945620E-03  9.8703443729636E-03  9.8327245610585E-03
  9.8300410368520E-03  9.4870417301808E-03  9.4977176535983E-03  9.4971836857290E-03
  9.4970111086738E-03  9.4882672610825E-03  9.4871628612931E-03  8.7745037513187E-03
  8.7786314265839E-03  8.7797854294077E-03  8.7796469605190E-03  8.7791472855073E-03
  8.7787226849654E-03  7.5130552338041E-03  7.5158479585033E-03  7.5183594601907E-03
  7.5182932031697E-03  7.5184883366009E-03  7.5175281881246E-03  5.2982835936672E-03
  5.2992458314744E-03  5.3016976005020E-03  5.3016810876794E-03  5.3017148627361E-03
  5.3000360401725E-03  1.0081821796155E-02  1.0077715377275E-02  1.0077631646183E-02
  1.0077075883430E-02  9.2547664709378E-03  9.2563080566993E-03  9.2564625355154E-03
  9.2562151683190E-03  7.0559023842643E-03  7.0586222586163E-03  7.0601800997229E-03
  7.0601379702022E-03  9.9593830366626E-03  1.0002161926227E-02  1.0005689863649E-02
  1.0001717407771E-02  1.0001483502151E-02  9.9545242263605E-03  9.9568853824079E-03
  9.9530763892216E-03  9.7707472367419E-03  9.7843322543082E-03  9.7868685464772E-03
  9.7839748311182E-03  9.7836644250164E-03  9.7696778968330E-03  9.7705971292288E-03
  9.7687318918021E-03  1.0030346516381E-02  1.0037981522094E-02  1.0043568704773E-02
  1.0037807174949E-02  1.0037109947875E-02  1.0027656839134E-02  1.0028881144948E-02
  1.0027356187923E-02  9.2995167680283E-03  9.3035198964637E-03  9.3037369556911E-03
  9.3037096034077E-03  9.3034450887967E-03  9.3020567245765E-03  9.3021445236281E-03
  9.3017292667981E-03  8.4388949792585E-03  8.4425153456047E-03  8.4405201344603E-03
  8.4434905230803E-03  8.4433567470895E-03  8.4436128313831E-03  8.4435456400700E-03
  8.4430513501065E-03  9.7810041762220E-03  9.7815594641027E-03  9.7839559840630E-03
  9.7814287193983E-03  9.7808854451012E-03  9.7803367293647E-03  9.7803147566093E-03
  9.7802738958922E-03  2.0510853192241E-03  2.0539957523290E-03  1.1904730217849E-02
  1.2287038451631E-02  1.2284653520988E-02  1.1876678591111E-02  1.2397269519453E-02
  1.2396447611498E-02  1.2419677892250E-02  1.2393273023589E-02  1.2383699375950E-02
  1.2385218743014E-02  1.2205624596703E-02  1.2313413217485E-02  1.2335095504999E-02
  1.2311665150606E-02  1.2189946520192E-02  1.2201827500427E-02  1.1988058328550E-02
  1.2278797867166E-02  1.2288670871720E-02  1.2277959524115E-02  1.1961196651793E-02
  1.1973352999652E-02  1.1948475486728E-02  1.2249802853872E-02  1.2245030628874E-02
  1.2245011800803E-02  1.1928271008940E-02  1.1917716463933E-02  1.1918642620518E-02
  1.2061719495353E-02  1.2056428736416E-02  1.2056321389359E-02  1.1909090257080E-02
  1.1899085365833E-02  1.1562269851612E-02  1.1603984476607E-02  1.1602115290311E-02
  1.1601662930489E-02  1.1566053100521E-02  1.1561930135875E-02  1.0708689116553E-02
  1.0724087174208E-02  1.0728115555070E-02  1.0727681352120E-02  1.0725304040999E-02
  1.0723837243571E-02  9.1691434519054E-03  9.1794486469097E-03  9.1882622821422E-03
  9.1880557972122E-03  9.1886997401585E-03  9.1854971934673E-03  6.4675569340224E-03
  6.4710990142102E-03  6.4797208213275E-03  6.4796687283383E-03  6.4797826389097E-03
  6.4739621659555E-03  1.2317060198715E-02  1.2302253926013E-02  1.2301917457674E-02
  1.2300259619900E-02  1.1302546825410E-02  1.1308148182210E-02  1.1308574548080E-02
  1.1307794970762E-02  8.6133638227848E-03  8.6233164173768E-03  8.6286487484241E-03
  8.6285199424275E-03  1.2047478735514E-02  1.2215456516334E-02  1.2228014650380E-02
  1.2213995852199E-02  1.2213491122902E-02  1.2031126955665E-02  1.2040053884843E-02
  1.2025665499286E-02  1.1895890776844E-02  1.1950234934746E-02  1.1959370098823E-02
  1.1949060092137E-02  1.1948146035541E-02  1.1891632228391E-02  1.1895266311301E-02
  1.1888036495488E-02  1.2221951026981E-02  1.2254171097738E-02  1.2274387843054E-02
  1.2253629794020E-02  1.2251413370385E-02  1.2212635663083E-02  1.2217654790021E-02
  1.2211542649955E-02  1.1349971077332E-02  1.1365245612709E-02  1.1365985598184E-02
  1.1365842248118E-02  1.1365005833621E-02  1.1358865044921E-02  1.1359313594375E-02
  1.1357724980852E-02  1.0301176351556E-02  1.0314481562767E-02  1.0307195585324E-02
  1.0317780348428E-02  1.0317352720684E-02  1.0318162656841E-02  1.0317956078702E-02
  1.0316337031307E-02  1.1942811907955E-02  1.1945508782739E-02  1.1954219449901E-02
  1.1945015537297E-02  1.1943262995977E-02  1.1940286521016E-02  1.1940506703816E-02
  1.1940145834428E-02  2.4828068016760E-03  2.4923506159125E-03  1.3653345841876E-02
  1.4898096043200E-02  1.4891629435629E-02  1.3578654972686E-02  1.4986413356590E-02
  1.4987353830240E-02  1.5066096780440E-02  1.4978018626536E-02  1.4942234433620E-02
  1.4948419096085E-02  1.4517255483959E-02  1.4894691037616E-02  1.4966870535977E-02
  1.4890063369316E-02  1.4471271940669E-02  1.4511393697469E-02  1.3909793097746E-02
  1.4875710799274E-02  1.4907927910659E-02  1.4874173928798E-02  1.3835588430812E-02
  1.3872676013882E-02  1.3854150823509E-02  1.4853431252485E-02  1.4838199348437E-02
  1.4839097056432E-02  1.3799915735438E-02  1.3768166910356E-02  1.4130790443507E-02
  1.4623638212937E-02  1.4606615206173E-02  1.4606885190551E-02  1.4102070462388E-02
  1.4069731930401E-02  1.3921051042884E-02  1.4067111330602E-02  1.4061037908115E-02
  1.4059919637370E-02  1.3932769838229E-02  1.3918894122616E-02  1.2943211882133E-02
  1.2996072215912E-02  1.3009192863254E-02  1.3008032045061E-02  1.2998811478459E-02
  1.2994183531634E-02  1.1082652352845E-02  1.1117815203625E-02  1.1146713936813E-02
  1.1146127460231E-02  1.1148181815988E-02  1.1138103574050E-02  7.8220410697250E-03
  7.8340262449098E-03  7.8623374891206E-03  7.8621875819865E-03  7.8625468452502E-03
  7.8437275973080E-03  1.4929119818689E-02  1.4879000877304E-02  1.4877771391713E-02
  1.4872953706502E-02  1.3686053693513E-02  1.3705254544995E-02  1.3706309719735E-02
  1.3703902374948E-02  1.0417980409530E-02  1.0451767241166E-02  1.0468882817825E-02
  1.0468491299823E-02  1.4217186813359E-02  1.4792942355431E-02  1.4834467720064E-02
  1.4788470743488E-02  1.4787702090312E-02  1.4169805948286E-02  1.4198610588472E-02
  1.4152499998564E-02  1.4282261228630E-02  1.4474054635290E-02  1.4504585839995E-02
  1.4470349056221E-02  1.4468019024426E-02  1.4268400035165E-02  1.4280957859284E-02
  1.4256466181747E-02  1.4705675126347E-02  1.4822813254579E-02  1.4890810337942E-02
  1.4821000224009E-02  1.4814773908658E-02  1.4676584092260E-02  1.4694477714279E-02
  1.4672870244983E-02  1.3719680570884E-02  1.3772649198624E-02  1.3775069768655E-02
  1.3774425236841E-02  1.3772027842610E-02  1.3749094883312E-02  1.3750952690610E-02
  1.3745560456530E-02  1.2457381144242E-02  1.2502977245818E-02  1.2478087329118E-02
  1.2513404570173E-02  1.2512107568876E-02  1.2514646665894E-02  1.2514036213207E-02
  1.2509111900103E-02  1.4453193497173E-02  1.4463359752455E-02  1.4492910678759E-02
  1.4461547398773E-02  1.4456369655004E-02  1.4444693736323E-02  1.4445970594124E-02
  1.4444310721636E-02  2.9738119466348E-03  3.0030194461847E-03  1.4461285302035E-02
  1.7919212972825E-02  1.7902678619228E-02  1.4301295019171E-02  1.7886631315116E-02
  1.7891633989939E-02  1.8141030573556E-02  1.7866298276425E-02  1.7752458276070E-02
  1.7773498427829E-02  1.6655931359796E-02  1.7808562852367E-02  1.8031560047218E-02
  1.7797725102138E-02  1.6540954352588E-02  1.6655485956698E-02  1.5100417864835E-02
  1.7855617076030E-02  1.7953408440651E-02  1.7853880621149E-02  1.4930438420765E-02
  1.5022910106934E-02  1.5017039202280E-02  1.7866424438219E-02  1.7820855400300E-02
  1.7826220858749E-02  1.4898369287803E-02  1.4817616655164E-02  1.6095921122501E-02
  1.7584302389612E-02  1.7533242604371E-02  1.7535752186784E-02  1.6022201093266E-02
  1.5932129533638E-02  1.6451818217979E-02  1.6910037193061E-02  1.6891509587169E-02
  1.6889264455440E-02  1.6486860255485E-02  1.6444991403118E-02  1.5440844658941E-02
  1.5609274679466E-02  1.5649519270944E-02  1.5646421472818E-02  1.5616845434369E-02
  1.5603588531314E-02  1.3223087534212E-02  1.3334632170053E-02  1.3423214435200E-02
  1.3421563323193E-02  1.3427973113906E-02  1.3398154531219E-02  9.3480567107089E-03
  9.3858626069905E-03  9.4725002147402E-03  9.4720832537046E-03  9.4731666067768E-03
  9.4160997668126E-03  1.7938486279939E-02  1.7779131378232E-02  1.7775229950597E-02
  1.7762131966386E-02  1.6402570411771E-02  1.6463932436726E-02  1.6466314222864E-02
  1.6459374157212E-02  1.2452197820652E-02  1.2558553262345E-02  1.2610036119725E-02
  1.2608898271567E-02  1.6020604585062E-02  1.7737264300290E-02  1.7865057586244E-02
  1.7724486856757E-02  1.7724588673688E-02  1.5905283260176E-02  1.5983097288355E-02
  1.5856959447298E-02  1.6761341547497E-02  1.7360399155109E-02  1.7455397991184E-02
  1.7349530252592E-02  1.7344126205562E-02  1.6722813116284E-02  1.6760740815538E-02
  1.6687274567736E-02  1.7348478889450E-02  1.7719391520710E-02  1.7932467558705E-02
  1.7713999689683E-02  1.7697885619831E-02  1.7268354806837E-02  1.7323682118492E-02
  1.7256214995372E-02  1.6372235190510E-02  1.6539934844231E-02  1.6547320439704E-02
  1.6545096089708E-02  1.6538609456828E-02  1.6465538896020E-02  1.6471462465956E-02
  1.6455391934166E-02  1.4881887186996E-02  1.5026721404395E-02  1.4947988855435E-02
  1.5057797340348E-02  1.5054068912053E-02  1.5062203653401E-02  1.5060365419827E-02
  1.5046322181474E-02  1.7298913265793E-02  1.7330011773032E-02  1.7423973656431E-02
  1.7324290456365E-02  1.7309768912718E-02  1.7272465805880E-02  1.7276837523088E-02
  1.7271704779945E-02  3.5098034540552E-03  3.5932037374569E-03  1.3314130259230E-02
  2.1358294241367E-02  2.1320149102555E-02  1.3045207496948E-02  2.0941144326931E-02
  2.0938140561606E-02  2.1674268264473E-02  2.0873956504353E-02  2.0562506390964E-02
  2.0621533056237E-02  1.7888066698514E-02  2.0932942452868E-02  2.1570442303580E-02
  2.0910151728958E-02  1.7647049376532E-02  1.7919730354365E-02  1.4553501063633E-02
  2.1182236460537E-02  2.1458911640342E-02  2.1184349633307E-02  1.4245645751243E-02
  1.4426082473421E-02  1.4431027249007E-02  2.1296750694868E-02  2.1169821961498E-02
  2.1190903441053E-02  1.4227320902232E-02  1.4065815230977E-02  1.7035565456735E-02
  2.0943050656744E-02  2.0800097489370E-02  2.0811831701913E-02  1.6882056990538E-02
  1.6669134658276E-02  1.8831468949042E-02  2.0124269427018E-02  2.0072139638951E-02
  2.0068404980538E-02  1.8933707124114E-02  1.8821288272746E-02  1.8041131553918E-02
  1.8538884541220E-02  1.8654318860414E-02  1.8646379779810E-02  1.8565207774220E-02
  1.8529561084891E-02  1.5459606320568E-02  1.5786724531852E-02  1.6040171528495E-02
  1.6035687208447E-02  1.6055070940619E-02  1.5971686206659E-02  1.0975463812266E-02
  1.1084272164155E-02  1.1331903841830E-02  1.1330747999384E-02  1.1333871806074E-02
  1.1171391409272E-02  2.1328204354037E-02  2.0850848594976E-02  2.0840307880992E-02
  2.0807026902915E-02  1.9373942290186E-02  1.9556784880158E-02  1.9561852091362E-02
  1.9542438686312E-02  1.4622881867391E-02  1.4930975224986E-02  1.5076972355755E-02
  1.5073817930409E-02  1.6590216347760E-02  2.0987515196100E-02  2.1352605276345E-02
  2.0953528018799E-02  2.0959226191661E-02  1.6361856853529E-02  1.6531995150573E-02
  1.6249642867843E-02  1.8895412684418E-02  2.0551711821965E-02  2.0826813526597E-02
  2.0522513260105E-02  2.0511591103074E-02  1.8805397215044E-02  1.8904530465719E-02
  1.8710328501043E-02  1.9783220883265E-02  2.0810374376312E-02  2.1429912057157E-02
  2.0796834394108E-02  2.0757530357199E-02  1.9585409712655E-02  1.9733081120147E-02
  1.9553282199886E-02  1.9148394748588E-02  1.9635438761009E-02  1.9656803109810E-02
  1.9649894882912E-02  1.9633525955225E-02  1.9429516076404E-02  1.9445491686515E-02
  1.9402418038980E-02  1.7445505266128E-02  1.7872853992203E-02  1.7642656474704E-02
  1.7960244765420E-02  1.7950141076536E-02  1.7975320521707E-02  1.7970096695195E-02
  1.7932284552788E-02  2.0377836920526E-02  2.0457319946917E-02  2.0736712485844E-02
  2.0441686318079E-02  2.0403620840677E-02  2.0303313984514E-02  2.0315983261511E-02
  2.0302106699938E-02  4.0472597516817E-03  4.2691512543089E-03  9.8207352584806E-03
  2.5170725403681E-02  2.5089166764625E-02  9.4912506337565E-03  2.3756762176601E-02
  2.3664101145800E-02  2.5671078617715E-02  2.3522914605917E-02  2.2765042120084E-02
  2.2903932081830E-02  1.7144997271053E-02  2.3935035670490E-02  2.5616372636473E-02
  2.3893547054055E-02  1.6739078662073E-02  1.7254611823694E-02  1.1596132107152E-02
  2.4709898757238E-02  2.5440623608452E-02  2.4732814898306E-02  1.1178749590176E-02
  1.1439773133255E-02  1.1439067401561E-02  2.5099399610196E-02  2.4769305526918E-02
  2.4839986455525E-02  1.1183152891414E-02  1.0941681634765E-02  1.5908438835571E-02
  2.4634251210814E-02  2.4261370131971E-02  2.4302572075975E-02  1.5660329578870E-02
  1.5262378858632E-02  2.0363290027607E-02  2.3625167868256E-02  2.3488433139565E-02
  2.3484450196023E-02  2.0648841844024E-02  2.0378222021148E-02  2.0306169670996E-02
  2.1665806123135E-02  2.1974888856310E-02  2.1956040415436E-02  2.1761766555213E-02
  2.1671620549821E-02  1.7450066503953E-02  1.8322815433706E-02  1.8999849258130E-02
  1.8988236536859E-02  1.9044218687032E-02  1.8821320632741E-02  1.2515032366594E-02
  1.2798403094320E-02  1.3457392806386E-02  1.3454356853301E-02  1.3462835559874E-02
  1.3027444542466E-02  2.4993963135417E-02  2.3660636675369E-02  2.3636779698929E-02
  2.3555914813716E-02  2.2339909739797E-02  2.2841083806332E-02  2.2852626004214E-02
  2.2801289511684E-02  1.6675313201416E-02  1.7489267444965E-02  1.7880983752493E-02
  1.7872514746837E-02  1.4914073600927E-02  2.4342312785335E-02  2.5310605515848E-02
  2.4257858498731E-02  2.4285247093068E-02  1.4566294774723E-02  1.4850053618749E-02
  1.4360279327211E-02  1.9840457571296E-02  2.3847740593764E-02  2.4587446831040E-02
  2.3776904821516E-02  2.3757843603340E-02  1.9673093893531E-02  1.9887532038255E-02
  1.9453637922786E-02  2.1252273764775E-02  2.3726387614561E-02  2.5386478198856E-02
  2.3697102087872E-02  2.3613069069685E-02  2.0827345023133E-02  2.1155937266377E-02
  2.0749279047030E-02  2.1614299253652E-02  2.2914828868390E-02  2.2974835702016E-02
  2.2954240024656E-02  2.2915739217620E-02  2.2410408222789E-02  2.2449019785855E-02
  2.2343018056008E-02  1.9789146440757E-02  2.0948176819003E-02  2.0331941918680E-02
  2.1180859489017E-02  2.1155002861555E-02  2.1230106550373E-02  2.1214847078853E-02
  2.1118128583057E-02  2.3388128478109E-02  2.3557817551254E-02  2.4327838745356E-02
  2.3520727886472E-02  2.3430814491316E-02  2.3192633672084E-02  2.3219576370355E-02
  2.3190729719198E-02  1.1278080327963E-03  1.2649767060784E-03  2.1621215010012E-03
  1.1912937918015E-02  1.1849960129290E-02  2.0498300304603E-03  4.0273238159750E-03
  4.1264368888692E-03  4.6198929522740E-03  4.6187118390793E-03  4.6207347506205E-03
  4.2164079355367E-03  6.0126850896327E-03  6.3955749814580E-03  7.0913349618314E-03
  7.0865532772056E-03  7.1032425370694E-03  6.6946618437321E-03  7.2650293323882E-03
  8.0256404962731E-03  8.7214107602919E-03  8.7108374395620E-03  8.7645901965236E-03
  8.5033941095151E-03  8.1568970945309E-03  9.2633805833330E-03  9.7824585875444E-03
  9.7660905861143E-03  9.8200060540043E-03  9.6997224369562E-03  8.7354348230428E-03
  1.0202735121021E-02  1.0438193130445E-02  1.0421109736422E-02  1.0080887917081E-02
  9.9851828601009E-03  8.4730719991158E-03  1.0878174431859E-02  1.0821975669401E-02
  1.0814578377475E-02  9.0042469109351E-03  8.8108074262965E-03  6.8483509170565E-03
  1.1328501129805E-02  1.1056638738140E-02  1.1073586193892E-02  6.8040642201133E-03
  6.5456704582815E-03  4.7722329438200E-03  1.1618663405053E-02  1.1245113865907E-02
  1.1296248590102E-02  4.6613850686852E-03  4.4455598175442E-03  3.2656682302451E-03
  1.1812105941894E-02  1.1448250584562E-02  1.1527659318657E-02  3.1778019320262E-03
  3.0408750989953E-03  2.4319084858770E-03  1.1927589622598E-02  1.1680040739348E-02
  1.1745768107330E-02  2.3365245118578E-03  2.2727456218026E-03  2.4473884647031E-03
  1.1684420608089E-02  1.2104497876076E-02  1.1703582868741E-02  2.3077843315614E-03
  2.3724100049240E-03  3.3984952429972E-03  1.1233737590486E-02  1.2226587380290E-02
  1.1260170427840E-02  3.2181405470961E-03  3.3688970567657E-03  5.2791652175925E-03
  1.0704239972758E-02  1.2282749066044E-02  1.0682829266499E-02  5.0721101280856E-03
  5.3493146640161E-03  8.2421087511529E-03  1.0317241106533E-02  1.2288073344610E-02
  1.0236154785653E-02  7.8487412940963E-03  8.1375482103103E-03  1.1043016077131E-02
  1.0181744752660E-02  1.2129628425638E-02  1.0076893561799E-02  9.7999133162048E-03
  9.8245130648695E-03  5.6646393232617E-03  6.5299020691110E-03  6.0383766659294E-03
  6.5270946419340E-03  8.0659379791411E-03  9.3006811347245E-03  9.0218301765265E-03
  9.2847535288951E-03  9.7418807377790E-03  1.0432473792268E-02  1.0399299835089E-02
  1.0387134586690E-02  1.1085776061686E-02  1.0465787253811E-02  1.0492373094012E-02
  1.0399826090834E-02  1.1723766812029E-02  1.0155277635128E-02  1.0165539380601E-02
  1.0087271860172E-02  3.0242024354598E-03  1.1539186062880E-02  1.2107034635464E-02
  1.1427672742677E-02  1.1495169570119E-02  2.8954057115424E-03  2.9666952391966E-03
  2.8282019123434E-03  4.2325532053056E-03  1.1352697867188E-02  1.1980300308273E-02
  1.1204889734568E-02  1.1255775367522E-02  4.0963008521160E-03  4.1818208161634E-03
  3.9551363109383E-03  6.1330432562186E-03  1.1160558640973E-02  1.1715479618178E-02
  1.1028767489969E-02  1.1046990419309E-02  5.9882186183105E-03  6.0885001447526E-03
  5.7888319035368E-03  8.1268778149556E-03  1.0922446949448E-02  1.1261708423143E-02
  1.0861730045813E-02  1.0852643440306E-02  8.2778313333910E-03  8.3615323573261E-03
  8.0938588444560E-03  8.9762805283368E-03  1.0547991919593E-02  1.0577659088697E-02
  1.0618572090968E-02  1.0595298081581E-02  9.9007332958169E-03  9.9315673345591E-03
  9.8049547969394E-03  8.6701808781079E-03  9.9372556395485E-03  9.6666185375556E-03
  1.0179797415289E-02  1.0156476489442E-02  1.0161760818582E-02  1.0157490992377E-02
  1.0084924855702E-02  7.9311743668304E-03  9.0135820607425E-03  8.5554916717945E-03
  9.4205985303325E-03  9.4040659294856E-03  9.4765847778806E-03  9.4674426274438E-03
  9.2937563586635E-03  6.9729273355124E-03  7.7264594356044E-03  7.2397613085693E-03
  8.2292339680632E-03  8.2206565379491E-03  8.2474229939112E-03  8.2417011870905E-03
  7.8884285590630E-03  4.4107269860385E-03  1.1010879924393E-02  1.2199597006286E-02
  1.0971364070092E-02  1.0990981868192E-02  4.2427230516078E-03  4.4185915992898E-03
  4.1705596530098E-03  6.1362191504444E-03  1.0846265804714E-02  1.2017760150826E-02
  1.0796201653563E-02  1.0788420314746E-02  5.9616490151227E-03  6.1599675609298E-03
  5.8283330943700E-03  8.2097076982464E-03  1.0742211094522E-02  1.1631261785712E-02
  1.0701013405429E-02  1.0668983291193E-02  8.1307234123950E-03  8.2960133971923E-03
  7.9970819575836E-03  9.4380363106373E-03  1.0626250166130E-02  1.0999751583041E-02
  1.0620678635323E-02  1.0577329684389E-02  9.8500310934847E-03  9.9134245621388E-03
  9.7854319710017E-03  9.3932496559136E-03  1.0375193327587E-02  1.0145353775759E-02
  1.0442236300135E-02  1.0400516328049E-02  1.0405636347085E-02  1.0395199912857E-02
  1.0374576875432E-02  8.7940634880285E-03  9.8629880887499E-03  9.1421140792389E-03
  1.0033537736214E-02  1.0003717474303E-02  1.0079728175610E-02  1.0055395007952E-02
  9.9761919778661E-03  6.8600288823260E-03  1.0527390632010E-02  1.2217946558310E-02
  1.0511919588851E-02  1.0467089114127E-02  6.6370044233429E-03  6.9190394139473E-03
  6.5758836241954E-03  8.8308198899987E-03  1.0481290724106E-02  1.1952163761883E-02
  1.0456095500750E-02  1.0391048542956E-02  8.5237413271267E-03  8.7238398184349E-03
  8.4544150034235E-03  1.0140526054680E-02  1.0525183247593E-02  1.1430615893340E-02
  1.0497983494189E-02  1.0425483428415E-02  9.9616393670412E-03  1.0017081292436E-02
  9.9394860201783E-03  1.0242161369412E-02  1.0548145459890E-02  1.0662810080624E-02
  1.0536315311355E-02  1.0471522271988E-02  1.0510443522000E-02  1.0477707998584E-02
  1.0518063745540E-02  9.8991025849720E-03  1.0276465195914E-02  1.2161498844914E-02
  1.0263573213289E-02  1.0168928400636E-02  9.1943166022959E-03  9.3410620858821E-03
  9.1774791474924E-03  1.0982066997907E-02  1.0367709631611E-02  1.1761996144850E-02
  1.0343372300233E-02  1.0252750637895E-02  1.0096134919108E-02  1.0094956262869E-02
  1.0102369632220E-02  1.1707128377615E-03  1.4787047864895E-03  7.7026416954036E-04
  1.3484054851880E-02  1.3379504695744E-02  7.0987831338687E-04  4.0958918385884E-03
  4.2885142400728E-03  5.3973179918138E-03  5.3943588738653E-03  5.3992953555700E-03
  4.4689496364183E-03  5.9446644004567E-03  6.6864278771477E-03  8.2546248582460E-03
  8.2425651624374E-03  8.2832421548520E-03  7.3075845809021E-03  6.9933512337525E-03
  8.4903947630617E-03  1.0067106252703E-02  1.0041246725398E-02  1.0174824635680E-02
  9.5297080835260E-03  7.6865237296652E-03  9.9576325905602E-03  1.1139100280957E-02
  1.1100828959524E-02  1.1259319883598E-02  1.0966352552113E-02  8.0610615611058E-03
  1.1145609614286E-02  1.1684548240801E-02  1.1646098042678E-02  1.0977163222899E-02
  1.0767969861698E-02  7.3538329544591E-03  1.2034368807996E-02  1.1914433101253E-02
  1.1900846392548E-02  8.4370002247418E-03  8.0862318373797E-03  5.0689320591857E-03
  1.2634775617920E-02  1.2037318225193E-02  1.2077372928720E-02  5.0694526123552E-03
  4.7383385915546E-03  2.8390522627929E-03  1.3033976065344E-02  1.2211192921801E-02
  1.2328263649139E-02  2.7616163631534E-03  2.5567059739400E-03  1.5593929997827E-03
  1.3330460913329E-02  1.2520396939656E-02  1.2710513076111E-02  1.5089666131811E-03
  1.4031500596880E-03  9.5129617604455E-04  1.3531552995996E-02  1.2970012722123E-02
  1.3147431621755E-02  8.9940109082230E-04  8.5650974463902E-04  9.6189401800771E-04
  1.2969822217535E-02  1.3939402543595E-02  1.3039483038526E-02  8.7941320294355E-04
  9.2271216882555E-04  1.6603973625998E-03  1.1999634834917E-02  1.4231650464434E-02
  1.2058124625705E-02  1.5319839891274E-03  1.6462944460110E-03  3.2955431150073E-03
  1.0908684992180E-02  1.4334552515157E-02  1.0865242126074E-02  3.1086896473058E-03
  3.3718945045572E-03  6.7664897592763E-03  1.0075258658918E-02  1.4282940576890E-02
  9.9477269901340E-03  6.1833492354728E-03  6.5522081404884E-03  1.1549101605340E-02
  9.6406168634980E-03  1.3881880371126E-02  9.4885770132655E-03  8.9250254241635E-03
  8.9602937105724E-03  5.7269424430143E-03  7.6150131754346E-03  6.4700763273775E-03
  7.6079827265619E-03  8.0148433438678E-03  1.0653971393927E-02  9.9832354991588E-03
  1.0614644844928E-02  9.8599536185243E-03  1.1331607358879E-02  1.1245291570656E-02
  1.1233238132448E-02  1.1831177406787E-02  1.0479297277818E-02  1.0507755428079E-02
  1.0358490285391E-02  1.2995794535296E-02  9.5645382656348E-03  9.5719376922454E-03
  9.4603513586741E-03  1.3757236378323E-03  1.2671397934650E-02  1.3973259977112E-02
  1.2433386789826E-02  1.2591415459667E-02  1.2941852058083E-03  1.3456461328781E-03
  1.2439855113902E-03  2.3493351442608E-03  1.2343038353951E-02  1.3770348231303E-02
  1.2036732716140E-02  1.2146873023699E-02  2.2524535186874E-03  2.3233752845328E-03
  2.1263502603647E-03  4.2205592004965E-03  1.2087751690541E-02  1.3344826006334E-02
  1.1818031082981E-02  1.1857941523840E-02  4.0963787206945E-03  4.2009201032723E-03
  3.8648376480167E-03  6.7740988612354E-03  1.1853132637114E-02  1.2621424339706E-02
  1.1734333401851E-02  1.1718654036562E-02  7.1209448671683E-03  7.2397070989185E-03
  6.8239142719838E-03  8.2447676737450E-03  1.1496429165297E-02  1.1571889896122E-02
  1.1663793839365E-02  1.1617239525973E-02  1.0237668959077E-02  1.0288433116018E-02
  1.0035327606761E-02  8.1837946641100E-03  1.0853078073085E-02  1.0279788040453E-02
  1.1414813930901E-02  1.1362641706432E-02  1.1419220616803E-02  1.1400445033489E-02
  1.1237854427309E-02  7.6157091352804E-03  9.8158964319002E-03  8.8652113663325E-03
  1.0765206585251E-02  1.0726085266422E-02  1.0906474692329E-02  1.0881721697833E-02
  1.0455046225743E-02  6.8545687208482E-03  8.3543347612756E-03  7.3689068886449E-03
  9.5305213267892E-03  9.5094117422162E-03  9.5747625723066E-03  9.5601032562251E-03
  8.7071105617661E-03  2.4988358970055E-03  1.1554316181113E-02  1.4192726665296E-02
  1.1481161775953E-02  1.1516009505444E-02  2.3668879131140E-03  2.5160802995432E-03
  2.3003887378143E-03  4.1988675124926E-03  1.1282693885487E-02  1.3865653146528E-02
  1.1195552213853E-02  1.1178594697577E-02  4.0350227711974E-03  4.2409006902114E-03
  3.8797203641306E-03  6.8300566088566E-03  1.1209669893251E-02  1.3167725637955E-02
  1.1143066686990E-02  1.1084093597210E-02  6.7742350111752E-03  6.9973906023800E-03
  6.5629683174952E-03  8.8480423559185E-03  1.1243171126730E-02  1.2074434748489E-02
  1.1250190056406E-02  1.1167594884125E-02  9.7615336033249E-03  9.8603565725121E-03
  9.6276221035601E-03  9.0887658614119E-03  1.1195228448900E-02  1.0722191706885E-02
  1.1357043643518E-02  1.1273006734806E-02  1.1296301105288E-02  1.1257562718865E-02
  1.1222235370357E-02  8.5934705921406E-03  1.0826807971633E-02  9.3204470895017E-03
  1.1230724934327E-02  1.1163545391456E-02  1.1338507952373E-02  1.1278786841079E-02
  1.1088419656933E-02  4.9949868656570E-03  1.0551441811592E-02  1.4190634237706E-02
  1.0529552177251E-02  1.0448966904079E-02  4.7452024427767E-03  5.0610633930962E-03
  4.6667870481337E-03  7.6901868159835E-03  1.0483194980520E-02  1.3654861298114E-02
  1.0451929963955E-02  1.0342158459251E-02  7.2024345909317E-03  7.4745659181773E-03
  7.0868844150366E-03  9.9604394924088E-03  1.0680935153102E-02  1.2650543583048E-02
  1.0650009046866E-02  1.0525129590134E-02  9.6155029742441E-03  9.6924439075988E-03
  9.5624854712152E-03  1.0361759184326E-02  1.1018005282357E-02  1.1293373632695E-02
  1.1015240433899E-02  1.0893180930215E-02  1.0946377327151E-02  1.0869199161913E-02
  1.0948600499704E-02  9.3998841380751E-03  9.9332115478170E-03  1.3991228832986E-02
  9.9200216394955E-03  9.7751290884449E-03  8.0603588864038E-03  8.2648463906499E-03
  8.0268918429089E-03  1.1489232479910E-02  1.0105992759482E-02  1.3152792417458E-02
  1.0081008685173E-02  9.9365407121948E-03  9.5838747454526E-03  9.5717095895398E-03
  9.5806729141127E-03  1.0923844843524E-03  1.7084412785873E-03  1.5241059059766E-04
  1.4645795047458E-02  1.4502608721271E-02  1.3404640771386E-04  3.7111687243624E-03
  4.0087185856109E-03  6.2277513403309E-03  6.2202522543325E-03  6.2318993115510E-03
  4.3019878227881E-03  5.1723210734442E-03  6.3060463129818E-03  9.4489379106525E-03
  9.4194294736064E-03  9.5122068050136E-03  7.3672584005270E-03  5.8305511253675E-03
  8.1537032865910E-03  1.1319430965454E-02  1.1258564355014E-02  1.1558769972129E-02
  1.0058152655960E-02  6.1356006100498E-03  9.8086518359170E-03  1.2184531317834E-02
  1.2097060269565E-02  1.2485842927469E-02  1.1803646782631E-02  6.1336585562346E-03
  1.1288806376514E-02  1.2374932373558E-02  1.2292838222195E-02  1.1147202957011E-02
  1.0741458557434E-02  5.1585172714117E-03  1.2479341954879E-02  1.2261347987710E-02
  1.2229228800075E-02  6.8145381701708E-03  6.3285173607906E-03  2.9958330060183E-03
  1.3318857033951E-02  1.2165979149574E-02  1.2231690358483E-02  3.0716354812261E-03
  2.7661792341364E-03  1.3116994810854E-03  1.3904793234722E-02  1.2303766153072E-02
  1.2515478138224E-02  1.2783107518737E-03  1.1383203012166E-03  5.3337680884846E-04
  1.4392096000346E-02  1.2781598500602E-02  1.3157354774577E-02  5.1479646224245E-04
  4.5824644644775E-04  2.2949636119519E-04  1.4760807912562E-02  1.3601894140240E-02
  1.4010527209837E-02  2.1244988862916E-04  1.9417375866504E-04  2.3407675148924E-04
  1.3594753408080E-02  1.5650564661208E-02  1.3773200487052E-02  2.0382156753598E-04
  2.2255515756594E-04  5.8848890535169E-04  1.1791822547621E-02  1.6320090438105E-02
  1.1864998935643E-02  5.2469604958762E-04  5.8630631848667E-04  1.6209440974890E-03
  9.9654476680030E-03  1.6510424308523E-02  9.8622275232450E-03  1.4944073210117E-03
  1.6735009149871E-03  4.5928240913087E-03  8.5994426078882E-03  1.6279718387983E-02
  8.4296259926187E-03  3.9169211665061E-03  4.2411312617180E-03  1.0975753755186E-02
  7.7226435637530E-03  1.5341816775739E-02  7.5687218601441E-03  6.6456111602319E-03
  6.6905252534430E-03  5.1450011005896E-03  8.7490253591941E-03  6.3336463968052E-03
  8.7315617626635E-03  6.9924209498869E-03  1.1751194025403E-02  1.0277497726130E-02
  1.1663413899857E-02  8.7097191457914E-03  1.1201653696098E-02  1.0993752886829E-02
  1.1030051668461E-02  1.1298342786166E-02  9.0069236864636E-03  8.9978244081511E-03
  8.8482584802075E-03  1.3522688516793E-02  7.5124400704130E-03  7.5021009087783E-03
  7.4061154049375E-03  4.3562076189425E-04  1.3032059220135E-02  1.5752877236126E-02
  1.2588424535614E-02  1.2883577285598E-02  4.0073841992597E-04  4.2678711321354E-04
  3.7541715343062E-04  9.9556016251983E-04  1.2470691455011E-02  1.5390584120487E-02
  1.1922897464951E-02  1.2100572545596E-02  9.4777836394677E-04  9.9056708212238E-04
  8.6767907545281E-04  2.3095704743563E-03  1.2110587455755E-02  1.4638207022526E-02
  1.1640637893490E-02  1.1693911548423E-02  2.2479097652997E-03  2.3265933000951E-03
  2.0553547696881E-03  4.5600980435866E-03  1.1884558642842E-02  1.3403738604816E-02
  1.1691424298812E-02  1.1654089576708E-02  5.1225878939725E-03  5.2446261763674E-03
  4.7671894974698E-03  6.2110999014042E-03  1.1580531002907E-02  1.1750157545321E-02
  1.1932980594989E-02  1.1844097936189E-02  9.5131453053871E-03  9.5727808774592E-03
  9.1547717774586E-03  6.4904611149120E-03  1.0954299319969E-02  9.9504115208584E-03
  1.2107204579715E-02  1.2002506519659E-02  1.2156872237737E-02  1.2100243508829E-02
  1.1758092137350E-02  6.2939255832746E-03  9.8576916409562E-03  8.2445525296461E-03
  1.1844857428601E-02  1.1757687822328E-02  1.2146457865427E-02  1.2084741097253E-02
  1.1097958816526E-02  5.9051693762377E-03  8.2954644865609E-03  6.6799953148528E-03
  1.0783379300822E-02  1.0733213965711E-02  1.0880261942798E-02  1.0843908341472E-02
  8.9410406065426E-03  1.0889643918675E-03  1.1032237044611E-02  1.6248793489278E-02
  1.0918948299800E-02  1.0936714227590E-02  1.0137361109261E-03  1.1055299446388E-03
  9.7044412963181E-04  2.2924818107204E-03  1.0602595468201E-02  1.5587488769778E-02
  1.0478799507531E-02  1.0423594396646E-02  2.1825056631410E-03  2.3351451105876E-03
  2.0541830434292E-03  4.6327432179799E-03  1.0535096542345E-02  1.4226088173661E-02
  1.0457729678042E-02  1.0354264641921E-02  4.6511088220598E-03  4.8639359485153E-03
  4.4100322142035E-03  6.8761103536203E-03  1.0743030346993E-02  1.2292794246217E-02
  1.0797537623065E-02  1.0664401491477E-02  8.3885689179100E-03  8.4944997742187E-03
  8.1650001427230E-03  7.4164629591914E-03  1.1007916869573E-02  1.0227506616407E-02
  1.1353303667260E-02  1.1206594181687E-02  1.1175663269170E-02  1.1080532832452E-02
  1.1010961708335E-02  7.2378705367171E-03  1.0964955395531E-02  8.4192795943769E-03
  1.1818384752627E-02  1.1686159251525E-02  1.2005721251695E-02  1.1875133403100E-02
  1.1446406756693E-02  2.9372890987230E-03  9.3774304827357E-03  1.6160351528175E-02
  9.3569815893227E-03  9.2186625655901E-03  2.7171924264603E-03  2.9649868047505E-03
  2.6465526348638E-03  5.5698855154985E-03  9.2248897283469E-03  1.4989119914825E-02
  9.2064345496750E-03  9.0494522956580E-03  4.9718324952731E-03  5.2273991936969E-03
  4.8323129242548E-03  8.3451403862943E-03  9.5114039665871E-03  1.3004514376909E-02
  9.5082072142154E-03  9.3382778464151E-03  7.8324759448326E-03  7.9024688717103E-03
  7.7277361367020E-03  9.0277544031458E-03  1.0180777507246E-02  1.0717196546954E-02
  1.0229890677452E-02  1.0050930384192E-02  1.0002017719678E-02  9.8695323039987E-03
  9.9591107396150E-03  7.6988418899461E-03  8.2767682600889E-03  1.5576659804498E-02
  8.2765426345021E-03  8.1034684033513E-03  5.7457886126282E-03  5.9431554213329E-03
  5.6968762865213E-03  1.0731987070449E-02  8.4074389456193E-03  1.3768181915378E-02
  8.4107684462813E-03  8.2407129262750E-03  7.5692454761777E-03  7.5466665440025E-03
  7.5311801412461E-03  8.7522695535296E-04  1.9374947780277E-03  1.1345926530980E-05
  1.4811259305573E-02  1.4670078493927E-02  9.1014053045807E-06  2.8743331792222E-03
  3.2182911304587E-03  7.0423155318757E-03  7.0234801226347E-03  7.0493620580004E-03
  3.5745563323081E-03  3.8225003410529E-03  5.1163710990665E-03  1.0501055743450E-02
  1.0430396864924E-02  1.0623436399769E-02  6.4945914503620E-03  4.0812122144497E-03
  6.7672603386789E-03  1.2122290899553E-02  1.1984781011022E-02  1.2567488227166E-02
  9.4634443655985E-03  4.0179381805777E-03  8.4256462954344E-03  1.2382192531931E-02
  1.2209572541076E-02  1.2920544252055E-02  1.1489087594651E-02  3.7029291037855E-03
  1.0098725567428E-02  1.1899955223645E-02  1.1748623292474E-02  1.0075090409793E-02
  9.4329557118856E-03  2.8251743315565E-03  1.1598750074497E-02  1.1279104931832E-02
  1.1203526699860E-02  4.6228904050972E-03  4.1254300364201E-03  1.4125708890428E-03
  1.2750194265559E-02  1.0914262078705E-02  1.0972844574002E-02  1.5341919636391E-03
  1.3235698802456E-03  4.7564258359377E-04  1.3609252354839E-02  1.1010491707899E-02
  1.1282569352387E-02  4.6880582170827E-04  3.9747873500691E-04  1.2619307938461E-04
  1.4392587842418E-02  1.1677476855113E-02  1.2248536613852E-02  1.2217389715973E-04
  1.0145240019108E-04  2.8071347292034E-05  1.5039214104972E-02  1.2969507124510E-02
  1.3726493186443E-02  2.5363836935513E-05  2.1154601974627E-05  2.9167319278991E-05
  1.2960713411233E-02  1.6817234380174E-02  1.3280566122416E-02  2.3347752201109E-05
  2.7821924839310E-05  1.4722889386640E-04  1.0225325708144E-02  1.8273077983417E-02
  1.0218289310306E-02  1.2538203641032E-04  1.4892467667789E-04  6.3863221258070E-04
  7.8609528873006E-03  1.8614571253164E-02  7.6485075701497E-03  5.7024298818841E-04
  6.6183089086817E-04  2.5773700384390E-03  6.2097806764712E-03  1.7860216030401E-02
  6.0185645065693E-03  1.9687289196426E-03  2.1686641714890E-03  9.0587468456145E-03
  5.0548542894548E-03  1.5790035773560E-02  4.9505351985664E-03  3.8786050429147E-03
  3.9294147549931E-03  3.9453211510878E-03  9.7935687083173E-03  5.3735730614176E-03
  9.7505566553516E-03  5.1545528570809E-03  1.2024336733911E-02  9.2821049960739E-03
  1.1854560822175E-02  6.3719276038663E-03  9.4078976305488E-03  9.0170798318428E-03
  9.1947863076560E-03  8.9355064459452E-03  6.2584874962408E-03  6.1790392378968E-03
  6.1251887750221E-03  1.2497598815814E-02  4.7193653582959E-03  4.6891491170306E-03
  4.6562903432824E-03  9.0556437364661E-05  1.2059066984177E-02  1.7054807840973E-02
  1.1378035367052E-02  1.1774425216127E-02  8.1009818714382E-05  8.9880177087485E-05
  7.2651256731241E-05  3.2330328668291E-04  1.1220408492036E-02  1.6371125401436E-02
  1.0430873460102E-02  1.0610235221907E-02  3.0646982597824E-04  3.2602151729884E-04
  2.6934338289978E-04  1.0147996668588E-03  1.0734189235078E-02  1.5008947530747E-02
  1.0081954699514E-02  1.0096095675030E-02  1.0067449315763E-03  1.0515925027696E-03
  8.8737009645230E-04  2.4180676028589E-03  1.0497918817845E-02  1.2951417522200E-02
  1.0256634951378E-02  1.0170656976905E-02  3.0459432116727E-03  3.1346602253636E-03
  2.7356510571117E-03  3.6690191500018E-03  1.0246820998638E-02  1.0554455338588E-02
  1.0849769845346E-02  1.0702333290243E-02  7.5305024882285E-03  7.5685953831445E-03
  7.0521269483480E-03  4.1641895551076E-03  9.6884201385279E-03  8.3468737653598E-03
  1.1634559359018E-02  1.1454541943038E-02  1.1621916082040E-02  1.1492223629026E-02
  1.0863029036834E-02  4.3330923559332E-03  8.6478169860150E-03  6.5758942310331E-03
  1.2135860936778E-02  1.1966128997531E-02  1.2624805522969E-02  1.2491657764211E-02
  1.0489969098675E-02  4.3071580967007E-03  7.1661583379743E-03  5.1729372830858E-03
  1.1678496395672E-02  1.1565453820221E-02  1.1857012528009E-02  1.1775192969221E-02
  8.0757302693312E-03  3.6770862450329E-04  9.1990748208649E-03  1.8115195981373E-02
  9.0598438314549E-03  8.9756979965616E-03  3.3530306110598E-04  3.7798826672344E-04
  3.1484987544270E-04  1.0128152368212E-03  8.6276894486150E-03  1.6713430555893E-02
  8.4956441080684E-03  8.3558066399031E-03  9.5634726217515E-04  1.0410060149868E-03
  8.7789446549730E-04  2.5118811258313E-03  8.5177172173027E-03  1.4111159922605E-02
  8.4604059573150E-03  8.3006255279384E-03  2.5950771434643E-03  2.7360966333760E-03
  2.3980935342095E-03  4.1895842269697E-03  8.7950768380466E-03  1.1020918360386E-02
  8.9301016666089E-03  8.7573026753902E-03  5.8719864054442E-03  5.9401476020110E-03
  5.5973424062200E-03  4.8535473528488E-03  9.2936479439810E-03  8.3564104079978E-03
  9.8751374818375E-03  9.6820388368575E-03  9.3318391121235E-03  9.1769897707477E-03
  9.0258203853097E-03  5.0471319403664E-03  9.6307236641745E-03  6.4390013034836E-03
  1.1100149401523E-02  1.0895926171259E-02  1.1273892657326E-02  1.1055862772262E-02
  1.0235119102445E-02  1.4138234044488E-03  7.1277504814784E-03  1.7742124431279E-02
  7.1175829528325E-03  6.9108364540113E-03  1.2521502448616E-03  1.3939991409360E-03
  1.2065339013246E-03  3.2795399395065E-03  6.8647362917392E-03  1.5216465781924E-02
  6.8765949381171E-03  6.6904688568497E-03  2.7314309134330E-03  2.8946591501418E-03
  2.6142127543821E-03  5.5716935211090E-03  7.0748383070386E-03  1.1706767093992E-02
  7.1287443619814E-03  6.9546404960263E-03  5.0492482463044E-03  5.0887337416248E-03
  4.9039919196030E-03  6.3281479141414E-03  7.8054846438196E-03  8.5582905128396E-03
  7.9493391146652E-03  7.7642665794917E-03  7.4180839076783E-03  7.2768849537482E-03
  7.2821222777981E-03  5.2552842865246E-03  5.7433178682140E-03  1.6200118600299E-02
  5.7616905935073E-03  5.6011467449151E-03  3.2072361910293E-03  3.3396695306837E-03
  3.1582882998915E-03  8.3312770599042E-03  5.7090628592873E-03  1.2657086426422E-02
  5.7548584814099E-03  5.6165069842366E-03  4.7087985779046E-03  4.6953975881884E-03
  4.6357646240234E-03  5.8190374084117E-04  2.1222203057827E-03  1.0835438910147E-07
  1.3294850494933E-02  1.3204110577723E-02  6.8810581783951E-08  1.8553247887791E-03
  2.1439264003013E-03  7.6660617126640E-03  7.6197574307973E-03  7.6736654874930E-03
  2.4535544374860E-03  2.3617142339436E-03  3.4429051114944E-03  1.1016046777452E-02
  1.0855763986671E-02  1.1206779623281E-02  4.7029250744688E-03  2.3803740299558E-03
  4.6561082999937E-03  1.1836789089248E-02  1.1573549611794E-02  1.2423270682664E-02
  7.3144389538253E-03  2.1653613535164E-03  6.0076374870850E-03  1.1063654692602E-02
  1.0782292924170E-02  1.1538201757772E-02  9.2077873886876E-03  1.7955231753113E-03
  7.5552562480256E-03  9.8149386946359E-03  9.5863242306172E-03  7.5538715071408E-03
  6.8055082303327E-03  1.2239226430005E-03  9.1389161419905E-03  8.7938075945082E-03
  8.6489201836291E-03  2.6333673200322E-03  2.2553926270677E-03  5.3846293202348E-04
  1.0493819694649E-02  8.2740643411272E-03  8.2517017039220E-03  6.5077789007351E-04
  5.3578438477634E-04  1.3719156772531E-04  1.1594535082123E-02  8.3452380876826E-03
  8.5328800577236E-03  1.3891714643125E-04  1.1085115045042E-04  2.0180248105724E-05
  1.2681396909188E-02  9.0957044520269E-03  9.6743686819384E-03  1.9834845313308E-05
  1.4844236504786E-05  1.3004500493524E-06  1.3652686240428E-02  1.0689946500737E-02
  1.1705005196898E-02  1.1666040998660E-06  7.8300130566014E-07  1.4107134660886E-06
  1.0685647467052E-02  1.6694233256055E-02  1.1039280925481E-02  9.7623875768367E-07
  1.4210039486601E-06  2.5601564275021E-05  7.5125463065574E-03  1.9602508684440E-02
  7.3006224706679E-03  2.0607179868187E-05  2.6785707737364E-05  2.0611896187897E-04
  5.2243627017319E-03  2.0170967781519E-02  4.9126577270814E-03  1.7552664081644E-04
  2.1221513573308E-04  1.2264252023942E-03  3.7529652840205E-03  1.8073532716244E-02
  3.5726193381840E-03  7.9404123032384E-04  8.8628270682556E-04  6.1908720452488E-03
  2.7135813050188E-03  1.3992773223317E-02  2.6607600980258E-03  1.7974317784320E-03
  1.8407586034819E-03  2.5238200159979E-03  1.0412882836289E-02  3.7579589810001E-03
  1.0314820049559E-02  3.1595983364637E-03  1.0673210922680E-02  6.8312477081519E-03
  1.0422988468429E-02  3.7837619820038E-03  6.2944506161776E-03  5.8066431656171E-03
  6.1304970191792E-03  5.5009850047525E-03  3.4607177662396E-03  3.3492559700808E-03
  3.3937474925001E-03  9.3850122037164E-03  2.3883556067367E-03  2.3566924145155E-03
  2.3687598505224E-03  1.1780952485961E-05  9.5626548466895E-03  1.7153634848034E-02
  8.7597514332570E-03  9.0603982536888E-03  1.0234341059997E-05  1.2138068402793E-05
  8.5572698281880E-06  8.1235983864791E-05  8.5809435712991E-03  1.5932138044810E-02
  7.7161537163460E-03  7.7560073883678E-03  7.7127769209192E-05  8.4016832087972E-05
  6.4301953323693E-05  3.6393821562901E-04  8.0289894403075E-03  1.3688340156740E-02
  7.3517040567152E-03  7.2583460500084E-03  3.7764136154767E-04  3.9827623807989E-04
  3.1946162321748E-04  1.0207189061103E-03  7.7699688479102E-03  1.0758136718795E-02
  7.5562187308220E-03  7.4077687646963E-03  1.5172521475258E-03  1.5643000226014E-03
  1.3131317444338E-03  1.7180431876524E-03  7.5440152850583E-03  7.9443544311659E-03
  8.3019824508288E-03  8.1118433429278E-03  4.8136523323252E-03  4.8103621074620E-03
  4.3608842113032E-03  2.1735101853301E-03  7.0831226168669E-03  5.8158620892778E-03
  9.5334727780412E-03  9.2950093341211E-03  9.0787820839488E-03  8.8942617096900E-03
  8.0179584126008E-03  2.4729871000124E-03  6.2529371868211E-03  4.3583641909172E-03
  1.0930693594446E-02  1.0665174345717E-02  1.1372757376900E-02  1.1155367320570E-02
  8.0711488312021E-03  2.6225383656371E-03  5.0987685478932E-03  3.3363089907827E-03
  1.1603085902618E-02  1.1384283225235E-02  1.1845274292346E-02  1.1685156858715E-02
  5.9795009614964E-03  9.7451431538614E-05  6.4711985209607E-03  1.9231875194683E-02
  6.3408269117269E-03  6.0929726941458E-03  8.6734904176568E-05  1.0206880609899E-04
  7.9474825477493E-05  3.7006742460452E-04  5.8913159748699E-03  1.6402528973350E-02
  5.7851166535400E-03  5.5514970547287E-03  3.4639802015616E-04  3.8366582080865E-04
  3.0941681047906E-04  1.0968831373546E-03  5.7260759154784E-03  1.2095744956544E-02
  5.7123199976316E-03  5.5168303380357E-03  1.1864557983067E-03  1.2558108030299E-03
  1.0673725745941E-03  1.9975365420895E-03  5.9161281376900E-03  8.2133374553050E-03
  6.1123637090270E-03  5.9426912207751E-03  3.2158823970439E-03  3.2407991948703E-03
  2.9829298988445E-03  2.5434759954270E-03  6.3770069476288E-03  5.6178296262358E-03
  7.0718636960985E-03  6.8956688973140E-03  6.0401720245640E-03  5.9021367787348E-03
  5.6505447600240E-03  2.8914968072057E-03  6.8534502538639E-03  4.0691395104563E-03
  8.6824954140126E-03  8.4615432949991E-03  8.6053307101850E-03  8.3726650269023E-03
  7.2471331672711E-03  5.7231269275734E-04  4.5470289697664E-03  1.8107959125608E-02
  4.5478508031049E-03  4.3009484550275E-03  4.7115856699122E-04  5.3358814875982E-04
  4.4876139948566E-04  1.5764314569194E-03  4.2475061858386E-03  1.3364244678707E-02
  4.2805827520458E-03  4.1012538519001E-03  1.1998803752871E-03  1.2763042716706E-03
  1.1285358519664E-03  2.8799410314745E-03  4.3021645167044E-03  8.6073970215562E-03
  4.3938318125378E-03  4.2583023733777E-03  2.5278543780306E-03  2.5476715103326E-03
  2.3992222787582E-03  3.4868119130252E-03  4.7809600702434E-03  5.4974486144043E-03
  4.9837849658925E-03  4.8575789674772E-03  4.2671988545882E-03  4.1827799958372E-03
  4.0775937691562E-03  2.9563992214395E-03  3.3016273183358E-03  1.4648157737012E-02
  3.3268420832871E-03  3.2057312275295E-03  1.4148848502876E-03  1.4828658169361E-03
  1.3815117685745E-03  5.0283088494416E-03  3.1506015478475E-03  9.3440416063814E-03
  3.2129640414542E-03  3.1317639278179E-03  2.3088984387363E-03  2.3133923081757E-03
  2.2376090534966E-03  3.1847405842154E-04  2.1643754370022E-03  2.1099350598613E-13
  9.9962517061014E-03  9.8150845862465E-03  3.0214211196687E-14  9.9460720538355E-04
  1.1750494263271E-03  7.7184991811792E-03  7.6123219296043E-03  7.7143375189960E-03
  1.3696374622443E-03  1.2212444449782E-03  1.9005916790041E-03  1.0328614450575E-02
  1.0019104802202E-02  1.0492616092773E-02  2.7064862049033E-03  1.1651747079321E-03
  2.6156690714501E-03  9.8356697772107E-03  9.4401976180738E-03  1.0151933921557E-02
  4.3449341632186E-03  9.7667301668212E-04  3.4795869522863E-03  8.1369786397857E-03
  7.7983521788958E-03  7.9002388175897E-03  5.4787799191358E-03  7.2179948342519E-04
  4.5759962172004E-03  6.5884670145072E-03  6.3352623894710E-03  4.3496434583861E-03
  3.7636192411022E-03  4.3378143203167E-04  5.8472818656955E-03  5.5870260482156E-03
  5.4022830326396E-03  1.2695301978534E-03  1.0491017875093E-03  1.6793564329273E-04
  7.0697502973959E-03  5.1326358890327E-03  5.0098895492802E-03  2.4107333988973E-04
  1.8870185836837E-04  3.2085990370409E-05  8.1415695402054E-03  5.1907993872120E-03
  5.1931375501447E-03  3.4239225430504E-05  2.5430416966436E-05  2.2783746204356E-06
  9.2862700812917E-03  5.8264692100774E-03  6.1415132926626E-03  2.3143699410891E-06
  1.5126248150647E-06  1.9503823928860E-08  1.0405045899274E-02  7.2708119134908E-03
  8.1101972959157E-03  1.8863152365422E-08  8.0818600420822E-09  2.3097288831571E-08
  7.2764205334984E-03  1.4462878133435E-02  7.3842708207549E-03  1.3045566379421E-08
  2.8128935857758E-08  3.2243667339654E-06  4.5727676507062E-03  1.9396003287909E-02
  4.1752706365797E-03  2.4452225424263E-06  3.5693444204120E-06  5.5982347235153E-05
  2.9071024935105E-03  2.0181452574337E-02  2.5886133335804E-03  4.4173070038465E-05
  5.5825711323586E-05  5.0816900975374E-04  1.9057300104025E-03  1.5546758657488E-02
  1.7676533203088E-03  2.6095178925949E-04  2.9546223962293E-04  3.3589091476044E-03
  1.2181555952061E-03  9.4964408836743E-03  1.1932596616016E-03  6.8649748522599E-04
  7.1280372880027E-04  1.3434486319495E-03  9.9665715928090E-03  2.1219410720441E-03
  9.7726646305995E-03  1.6160493648123E-03  7.5574802868260E-03  3.9203898109220E-03
  7.3265166728403E-03  1.8501849859513E-03  3.3085488395082E-03  2.9125177199979E-03
  3.2393679149304E-03  2.6440021556082E-03  1.5662155998081E-03  1.4797430337782E-03
  1.5458466438533E-03  5.2620589472255E-03  1.0044565237603E-03  9.8313870891218E-04
  1.0019877550789E-03  1.0047171907977E-06  6.2480032143359E-03  1.5152719548069E-02
  5.5604193308799E-03  5.5766152310568E-03  8.5382632346674E-07  1.1101665264741E-06
  6.4880583291668E-07  1.6228103125135E-05  5.3962403391074E-03  1.3336346028463E-02
  4.7065829221629E-03  4.5586637446515E-03  1.5568866438815E-05  1.7459071701250E-05
  1.2204149130729E-05  1.0767040777236E-04  4.9251859445324E-03  1.0426675196088E-02
  4.4093670395895E-03  4.2245527013150E-03  1.2136261827955E-04  1.2923556184726E-04
  9.8094823880306E-05  3.5102738255065E-04  4.6853474635792E-03  7.2809480085084E-03
  4.5530031566386E-03  4.3789570223978E-03  6.4239193129483E-04  6.6157452082573E-04
  5.3636275618203E-04  6.6169409251861E-04  4.4829164869906E-03  4.8500124484963E-03
  5.1542417066253E-03  4.9774676672535E-03  2.4024180292808E-03  2.3838732862602E-03
  2.1034903719295E-03  9.4522664794130E-04  4.1520977376322E-03  3.3125455778403E-03
  6.3096974647778E-03  6.0920577543231E-03  5.2705299351084E-03  5.1283331955680E-03
  4.3351366956214E-03  1.1821148330847E-03  3.6135907752918E-03  2.3827234368465E-03
  8.0522125294678E-03  7.7593727294676E-03  7.9942953081580E-03  7.7838375520667E-03
  4.6935097067501E-03  1.3376112077479E-03  2.9111431118553E-03  1.7866309790838E-03
  9.8378917649289E-03  9.5099142828603E-03  9.9905230959696E-03  9.7606630744542E-03
  3.4751004102408E-03  2.0852959752964E-05  3.7819967341986E-03  1.8606245605304E-02
  3.6919861150008E-03  3.3483761140794E-03  1.8016367153145E-05  2.2297601888045E-05
  1.6053133922079E-05  1.1342003984821E-04  3.3398972644382E-03  1.3776793476328E-02
  3.2766104179930E-03  3.0155609586193E-03  1.0502838014191E-04  1.1834593147592E-04
  9.1159178524648E-05  3.9187909195203E-04  3.1773115267851E-03  8.4030522310189E-03
  3.1906943971096E-03  3.0132943378248E-03  4.4920854532828E-04  4.7547361871963E-04
  3.9302250615775E-04  7.7373659331322E-04  3.2421951193711E-03  4.9174217260308E-03
  3.4229460860251E-03  3.3016878187357E-03  1.3828705080934E-03  1.3895599206914E-03
  1.2418871461735E-03  1.1007857591748E-03  3.4988477644085E-03  3.0802001859121E-03
  4.0713631396408E-03  3.9646437020606E-03  2.9562655350444E-03  2.8911050001664E-03
  2.6439657682027E-03  1.3814755113714E-03  3.8295357160643E-03  2.1288066539213E-03
  5.3662482323330E-03  5.2223698910052E-03  5.0110000878641E-03  4.8709434470201E-03
  3.8748084437501E-03  1.9957662133370E-04  2.4311634121819E-03  1.6042570543060E-02
  2.4365157765624E-03  2.2168910546345E-03  1.4582376751629E-04  1.6790660069290E-04
  1.3728243331900E-04  6.2539952894552E-04  2.1917409040460E-03  9.3829845662931E-03
  2.2269195307027E-03  2.0894033599046E-03  4.2878569552444E-04  4.5783611002444E-04
  3.9599311077554E-04  1.1817906919595E-03  2.1577412178953E-03  4.9734168170051E-03
  2.2421424286407E-03  2.1615123159188E-03  1.0129194999105E-03  1.0257803934850E-03
  9.3558479177351E-04  1.5542078435241E-03  2.3632773515423E-03  2.8430369061570E-03
  2.5363187156979E-03  2.4808262740171E-03  1.9417272651639E-03  1.9170850676842E-03
  1.7920320061105E-03  1.3728511038870E-03  1.5901112082168E-03  1.0402979231043E-02
  1.6105328513115E-03  1.5320027148384E-03  5.0898237851373E-04  5.3850128933616E-04
  4.9230519958177E-04  2.3223564973070E-03  1.4443090576982E-03  5.2248834472270E-03
  1.4932654020514E-03  1.4542087261407E-03  9.2722127498776E-04  9.3683660292614E-04
  8.8249335107542E-04  1.4472076996948E-04  1.9051464688952E-03  0.0000000000000E+00
  6.0395831577959E-03  5.3662261169032E-03  1.3475875605133E-20  4.4549697662150E-04
  5.3484540941447E-04  6.6506924631367E-03  6.4606287657620E-03  6.6005182474227E-03
  6.2843145932314E-04  5.3025565562065E-04  8.7006416351961E-04  7.9399665521315E-03
  7.5039906229375E-03  7.8888646082426E-03  1.2498549036882E-03  4.7894541987591E-04
  1.2120937905003E-03  6.4710565484057E-03  6.0652897364764E-03  6.1965348895211E-03
  1.9879993567971E-03  3.6916665226378E-04  1.6496497502240E-03  4.7285679200338E-03
  4.4497214804517E-03  3.8740544564201E-03  2.3785626691040E-03  2.4421425176334E-04
  2.2500502214070E-03  3.5370319654363E-03  3.3495114282603E-03  1.8589732688351E-03
  1.5436190162969E-03  1.2831710143866E-04  3.0179541477452E-03  2.8743026487358E-03
  2.7197152753749E-03  5.1262680654771E-04  4.1226462568625E-04  4.3041427210375E-05
  3.8263234562526E-03  2.5979552497466E-03  2.4461289329728E-03  7.9035529619034E-05
  5.8762798995392E-05  6.2220066538756E-06  4.5874297480481E-03  2.6426224760637E-03
  2.5204768302377E-03  7.3066281881463E-06  5.0199171512898E-06  2.0714410110200E-07
  5.4453063672935E-03  3.0460028736282E-03  3.0551365778762E-03  2.2163933710697E-07
  1.2526221488219E-07  1.7638176870180E-10  6.3552963377391E-03  4.0047977545166E-03
  4.2543403972113E-03  2.0445140989068E-10  5.1649852966742E-11  2.3257416475156E-10
  4.0141355472766E-03  1.0206759280627E-02  3.7369124487638E-03  1.1327882622464E-10
  3.8522522619642E-10  3.3073471550370E-07  2.3034364772583E-03  1.6532629137040E-02
  1.8922374266634E-03  2.3785553538158E-07  3.9203029927708E-07  1.3199328855622E-05
  1.3578524732974E-03  1.7300529570701E-02  1.1185226783085E-03  9.2247699484210E-06
  1.2171331611236E-05  1.8449228426530E-04  8.1383933673623E-04  1.0243200528307E-02
  7.2842255641247E-04  7.0693047736713E-05  8.1511299202157E-05  1.4113183522366E-03
  4.5987514222844E-04  4.6110227272568E-03  4.4848789509202E-04  2.2022152240946E-04
  2.3162336499848E-04  5.9858564367409E-04  7.8439520136952E-03  9.7846766310475E-04
  7.5635827440434E-03  6.9442090449428E-04  4.0879535432358E-03  1.7802919690719E-03
  3.9637699052923E-03  7.6051162388132E-04  1.4159488929334E-03  1.1887286003808E-03
  1.4037407899524E-03  1.0406130502336E-03  5.9770058932292E-04  5.5081134403107E-04
  5.9479469174144E-04  2.1906849404055E-03  3.5601457693949E-04  3.4560694025362E-04
  3.5662877467527E-04  6.7355043749688E-08  3.3275585151372E-03  1.0927961720324E-02
  2.8926006129598E-03  2.6717568619103E-03  5.7186009452820E-08  8.1966715300066E-08
  3.9177307301630E-08  2.7064266365701E-06  2.7792731315066E-03  8.9964129500423E-03
  2.3652127486114E-03  2.1390690375201E-03  2.6693122766351E-06  3.0842921302353E-06
  1.9566467467394E-06  2.6386063732776E-05  2.4734733149731E-03  6.3300509572341E-03
  2.1763799672468E-03  1.9920672576570E-03  3.3889126302108E-05  3.6384322579488E-05
  2.6103829344028E-05  1.0004304667108E-04  2.3052468007434E-03  3.9411172665338E-03
  2.2460457287232E-03  2.1072969620573E-03  2.3036204982079E-04  2.3632403170809E-04
  1.8580383656849E-04  2.1459846775933E-04  2.1651826958122E-03  2.4038821408883E-03
  2.5902207225483E-03  2.4778431565353E-03  9.3336607552527E-04  9.2349818070433E-04
  7.8896180967050E-04  3.4595220137887E-04  1.9686822887433E-03  1.5546757518717E-03
  3.3196115896210E-03  3.1892089328046E-03  2.2587713753756E-03  2.2025470852247E-03
  1.7351919537299E-03  4.7444223849877E-04  1.6897594848230E-03  1.0848263296630E-03
  4.6291481959925E-03  4.4211477194930E-03  4.1413976814863E-03  4.0278722988330E-03
  2.0749624081987E-03  5.7253059418563E-04  1.3497114721820E-03  8.0034838904820E-04
  6.5476395291675E-03  6.2253267619767E-03  6.4690342813425E-03  6.2625479448098E-03
  1.6004455022931E-03  3.7789578790867E-06  1.8430446202214E-03  1.5233093436277E-02
  1.7912173529042E-03  1.4897635937111E-03  3.1369344925811E-06  4.0849938585324E-06
  2.7134246303331E-06  2.9437737410444E-05  1.5804723706049E-03  9.2274295858128E-03
  1.5483317748193E-03  1.3467869235609E-03  2.6825398986026E-05  3.0706337746074E-05
  2.2585540474386E-05  1.1570914003813E-04  1.4668096615558E-03  4.5988435682601E-03
  1.4836346934386E-03  1.3632599934507E-03  1.4101747417538E-04  1.4943026359213E-04
  1.1979110053117E-04  2.5127289908412E-04  1.4682692047063E-03  2.3823487469123E-03
  1.5832149975801E-03  1.5204587276225E-03  4.8117864443796E-04  4.8525008761291E-04
  4.1614928743380E-04  4.0239950087287E-04  1.5670988323568E-03  1.3985303895925E-03
  1.9072524034458E-03  1.8691108127437E-03  1.1476799872812E-03  1.1338575632296E-03
  9.7643573405556E-04  5.5524107783517E-04  1.7156119630225E-03  9.3231581715872E-04
  2.6223760698586E-03  2.5706227482044E-03  2.2602566574688E-03  2.2168178465660E-03
  1.6190342070338E-03  6.0477005535854E-05  1.0929768993677E-03  1.1258043779758E-02
  1.0972334680079E-03  9.4666003423011E-04  3.7220038573905E-05  4.3580257127201E-05
  3.4623383178238E-05  2.0542849163430E-04  9.5128377579349E-04  5.0604282241347E-03
  9.7322495433571E-04  8.8916344508025E-04  1.2678169145239E-04  1.3638124709274E-04
  1.1472675621874E-04  4.0037224805980E-04  9.0870613009149E-04  2.2975817211835E-03
  9.6041057306603E-04  9.2054340744750E-04  3.3800840400739E-04  3.4567848679968E-04
  3.0309628824275E-04  5.8197054992714E-04  9.7245371065615E-04  1.2167786648261E-03
  1.0763894316348E-03  1.0610503781225E-03  7.3365217795388E-04  7.3312783410489E-04
  6.5187180350739E-04  5.2268066903722E-04  6.4472764850775E-04  5.4611059057865E-03
  6.5617077914500E-04  6.1270347795908E-04  1.5294032498296E-04  1.6363824221144E-04
  1.4650666647759E-04  8.5311938580309E-04  5.5889969443494E-04  2.2655797868300E-03
  5.8531327126525E-04  5.6856963776952E-04  3.1411076466756E-04  3.2041649641805E-04
  2.9333918479262E-04  5.5124415016001E-05  1.2836768732253E-03  0.0000000000000E+00
  2.9171630220685E-03  1.8175501889369E-03  6.6434609842303E-23  1.6710286039751E-04
  2.0371914342173E-04  4.3759976461349E-03  4.1521987283892E-03  4.2698866858977E-03
  2.4107509007977E-04  1.9151786969915E-04  3.3325311186610E-04  4.6282929743998E-03
  4.2257600335876E-03  4.3551571388835E-03  4.7752674770244E-04  1.6230063186136E-04
  4.6839860272564E-04  3.2885231860231E-03  3.0051317374906E-03  2.7774206100891E-03
  7.3468716426773E-04  1.1512902896175E-04  6.4922506688745E-04  2.1846770168897E-03
  2.0307780904007E-03  1.4347500176872E-03  8.0613735311567E-04  6.8489239110667E-05
  9.1403025456741E-04  1.5473178145421E-03  1.4442338222002E-03  6.1005050220712E-04
  4.8397997777901E-04  3.1653809093341E-05  1.2783532731166E-03  1.2186584980937E-03
  1.1241190334704E-03  1.6762286224746E-04  1.3221871783569E-04  9.1356710415542E-06
  1.6890532812935E-03  1.0896884039585E-03  9.7739676361828E-04  2.2811603055016E-05
  1.6217867174758E-05  1.0285309327849E-06  2.0884934968712E-03  1.1160187198423E-03
  9.8782930097946E-04  1.4097395744342E-06  8.9914248471042E-07  1.7770079213706E-08
  2.5583530512808E-03  1.3184573986569E-03  1.1866264176100E-03  2.0294545807293E-08
  1.0094392136117E-08  2.6158507530156E-12  3.0926257746659E-03  1.8076324185220E-03
  1.5597827862689E-03  3.6047272958612E-12  6.5987449548486E-13  3.7011963381745E-12
  1.8118265837299E-03  5.5989667623716E-03  1.3435091574886E-03  1.7363550904402E-12
  7.8796476526570E-12  3.1841306264404E-08  9.6863496214389E-04  1.1041994863560E-02
  6.8085647950833E-04  2.1807512673744E-08  4.0030083713217E-08  2.7944196487650E-06
  5.3111555065968E-04  1.1406369499789E-02  3.9575678582385E-04  1.6244806291378E-06
  2.2309150655124E-06  5.7338611352769E-05  2.8861863877419E-04  4.9352179270087E-03
  2.4619294713089E-04  1.5872532506455E-05  1.8643547416716E-05  4.5937424958326E-04
  1.4341179445135E-04  1.6902399657335E-03  1.3848145633200E-04  5.8875688008490E-05
  6.2630861670694E-05  2.2304644892120E-04  4.6141310783040E-03  3.7579385549002E-04
  4.3579000978100E-03  2.4866416453485E-04  1.7323818189798E-03  6.6574329624417E-04
  1.6963305348135E-03  2.6347918525141E-04  5.1014730354995E-04  4.0902322157196E-04
  5.1506417520735E-04  3.4718981998445E-04  1.9347580651533E-04  1.7407014271506E-04
  1.9405470496635E-04  7.2289016110241E-04  1.0504145563192E-04  1.0121143168219E-04
  1.0500441905870E-04  4.4583985464736E-09  1.4592292580260E-03  6.1051239294767E-03
  1.2482736377314E-03  9.9075197006113E-04  3.8375577521250E-09  5.9815697028872E-09
  2.4113089210816E-09  3.9689523598320E-07  1.1846125901594E-03  4.7435739195404E-03
  9.9062696787960E-04  8.0833779927534E-04  4.1256340899748E-07  4.8956333890260E-07
  2.8405418812821E-07  5.3750792687640E-06  1.0288789316150E-03  3.0633050460782E-03
  8.9469919909645E-04  7.6969132370333E-04  8.2570955767862E-06  8.8965931904210E-06
  6.0767819298812E-06  2.3785712732237E-05  9.3994162581161E-04  1.7328352646925E-03
  9.1992596140585E-04  8.4018041462638E-04  6.8422926040289E-05  6.9864842459008E-05
  5.3508697980804E-05  5.8218749928895E-05  8.6667715387935E-04  9.8261333863810E-04
  1.0726005417116E-03  1.0219202181643E-03  2.8947641394864E-04  2.8722180677163E-04
  2.3504186687041E-04  1.0483151398237E-04  7.7369853018706E-04  6.0764941488588E-04
  1.4169401917023E-03  1.3662882552065E-03  7.6784302979408E-04  7.5583848844088E-04
  5.5476834435514E-04  1.5747897582862E-04  6.5516253028129E-04  4.1260543505430E-04
  2.0968510974455E-03  2.0003918096581E-03  1.6466171236717E-03  1.6133421032278E-03
  7.4023946686775E-04  2.0364537471625E-04  5.1988764574156E-04  2.9961519747192E-04
  3.3038762647605E-03  3.0972912864710E-03  3.1066210943443E-03  2.9977872524096E-03
  6.0521550085816E-04  6.1303151760032E-07  7.5164384578499E-04  9.6829298739518E-03
  7.2804479765304E-04  5.3787145846368E-04  4.7879758236455E-07  6.5255490119325E-07
  4.0301994028844E-07  6.4706090188926E-06  6.2608312782541E-04  4.7727613695656E-03
  6.1231233534004E-04  4.9527851744950E-04  5.7789147390689E-06  6.6968728777191E-06
  4.7259635604787E-06  2.8474712841803E-05  5.6620446999826E-04  2.0163378950448E-03
  5.7635801361180E-04  5.1414953445344E-04  3.6652168073740E-05  3.8975903010897E-05
  3.0201231052800E-05  6.9021822583131E-05  5.5683416704684E-04  9.5206606096818E-04
  6.1259324808612E-04  5.8779245509347E-04  1.3943119921530E-04  1.4189489179848E-04
  1.1606982689419E-04  1.2352407465575E-04  5.8674707501493E-04  5.3058715233925E-04
  7.4305504033891E-04  7.3954645428378E-04  3.7346042041145E-04  3.7444070452611E-04
  3.0200930413758E-04  1.8623728010779E-04  6.3851417386554E-04  3.4166825190141E-04
  1.0465329239433E-03  1.0449540202987E-03  8.3414507044997E-04  8.3135156687974E-04
  5.5919470555862E-04  1.5881586125469E-05  4.1104548879309E-04  5.9047676896791E-03
  4.1205768873698E-04  3.3294835061785E-04  7.8737177790122E-06  9.3762143788117E-06
  7.2164997425629E-06  5.5867106311789E-05  3.4523631918796E-04  2.1486082687070E-03
  3.5498998747703E-04  3.1467716983330E-04  3.1289006901939E-05  3.3980514616312E-05
  2.7683715219260E-05  1.1497835651163E-04  3.2181722376345E-04  8.7816165050431E-04
  3.4517845239746E-04  3.2971987956487E-04  9.5726845323793E-05  9.9076257454511E-05
  8.3273336277289E-05  1.8511240883886E-04  3.3839949622101E-04  4.3942019621535E-04
  3.8552993747847E-04  3.8449295438071E-04  2.3635151904873E-04  2.3994501861622E-04
  2.0206266014245E-04  1.6109667571124E-04  2.1692842741893E-04  2.1950746428286E-03
  2.2127372018442E-04  2.0186046422374E-04  3.8436483800601E-05  4.1598240058792E-05
  3.6400815317205E-05  2.6055414144401E-04  1.8108625965738E-04  8.0764332775366E-04
  1.9181715974125E-04  1.8520519691996E-04  8.9766456347361E-05  9.2239471535458E-05
  8.2326439674256E-05  1.7443124190456E-05  5.8608142785896E-04  0.0000000000000E+00
  1.1538434385438E-03  3.6277314215643E-04  2.5574786062891E-24  5.1769761399537E-05
  6.4653471570295E-05  1.9913548996322E-03  1.8427955133678E-03  1.8964818664588E-03
  7.7255182692832E-05  5.6301784796642E-05  1.0616605448542E-04  1.9996514410934E-03
  1.7621966640712E-03  1.7416261946123E-03  1.5307529660993E-04  4.4094073641231E-05
  1.5110628388915E-04  1.3267892900633E-03  1.1840509186802E-03  9.7273043940061E-04
  2.2788406373867E-04  2.8314344497123E-05  2.1348604988496E-04  8.3214146850733E-04
  7.6236687946628E-04  4.3665487032999E-04  2.2916408857983E-04  1.5260632449164E-05
  3.1054491525795E-04  5.6299018685126E-04  5.2103514157774E-04  1.6349622705483E-04
  1.2274509391337E-04  6.3611680934835E-06  4.5310631189629E-04  4.3078378528579E-04
  3.8758411361596E-04  4.3332003737214E-05  3.3336077816927E-05  1.6091309104843E-06
  6.1847493419188E-04  3.8159251849158E-04  3.2357611487984E-04  5.6039678455824E-06
  3.8685653935801E-06  1.4724267339932E-07  7.8188937146526E-04  3.9424736330813E-04
  3.1433589048964E-04  2.5313104721870E-07  1.5152660472936E-07  1.5741392460366E-09
  9.8031673617364E-04  4.7748186365246E-04  3.5378950039384E-04  1.9518028019381E-09
  8.8046398505601E-10  7.8816352340244E-14  1.2188114432197E-03  6.7826197401861E-04
  3.7442895978047E-04  1.2120712541804E-13  1.9007046227295E-14  1.1530440886286E-13
  6.7994775086594E-04  2.3921560896141E-03  3.2675560334569E-04  5.4656124600859E-14
  2.8673826847519E-13  3.1607264864193E-09  3.4099669755043E-04  5.2928454121344E-03
  1.9229589433785E-04  2.0429795371733E-09  4.0646069051348E-09  5.4029932927730E-07
  1.7220051156926E-04  5.2552847797208E-03  1.1264147030809E-04  2.4459346643241E-07
  3.4693985419357E-07  1.4705103002118E-05  8.2923297742645E-05  1.8162532663843E-03
  6.6672370835993E-05  2.9463742886010E-06  3.5165447177730E-06  1.1980333799533E-04
  3.5527004742606E-05  5.0723864594502E-04  3.3605699422819E-05  1.2679590412948E-05
  1.3515010172940E-05  6.8520310901284E-05  1.9549858402007E-03  1.2078865545843E-04
  1.8124414821268E-03  7.2910461595636E-05  6.0115492236679E-04  2.0913715144265E-04
  5.9874230899506E-04  7.5814870965172E-05  1.5580713551113E-04  1.1959425710563E-04
  1.6173751749452E-04  9.8979317638072E-05  5.2179730057177E-05  4.5861206790015E-05
  5.2882353066313E-05  2.0043706866272E-04  2.4850421791699E-05  2.3795998235526E-05
  2.4776239808118E-05  3.3082529705100E-10  5.3329265816112E-04  2.6224240763207E-03
  4.5060700840560E-04  2.7865287202904E-04  2.9075637321051E-10  4.7991727476941E-10
  1.7168539541983E-10  5.2891132433422E-08  4.1984213819062E-04  1.9779642066293E-03
  3.4635272750464E-04  2.4561864704554E-04  5.9754372969942E-08  7.2320382723563E-08
  3.9008565197279E-08  9.1800029834351E-07  3.5552151419506E-04  1.2111568473651E-03
  3.0670890462640E-04  2.4463941007236E-04  1.7307904475769E-06  1.8698041419377E-06
  1.2281637495777E-06  4.6739605213513E-06  3.1872663195618E-04  6.3395168835519E-04
  3.1352285367436E-04  2.7922818096690E-04  1.6456402477607E-05  1.6832435047762E-05
  1.2498895581963E-05  1.2788918159114E-05  2.8962749280454E-04  3.3486586417177E-04
  3.6980627965302E-04  3.5310686654642E-04  7.4191343510136E-05  7.4335273321526E-05
  5.7585046411616E-05  2.5458361564209E-05  2.5432824809361E-04  1.9759572274558E-04
  5.0177568708706E-04  4.9058138023111E-04  2.2019655252088E-04  2.1994141722999E-04
  1.5001591184679E-04  4.1994762546276E-05  2.1262526834579E-04  1.3008695193402E-04
  7.7447965497832E-04  7.4411993415109E-04  5.3706501563642E-04  5.3211085578148E-04
  2.2245577653433E-04  5.8828793273308E-05  1.6747423493967E-04  9.2635673344310E-05
  1.2959446314067E-03  1.2051295193946E-03  1.1515212443761E-03  1.1122249802576E-03
  1.9219697196849E-04  9.2412651533919E-08  2.5582771952121E-04  4.4997471108157E-03
  2.4685571946488E-04  1.5603532829875E-04  6.5793237482059E-08  9.2622372633590E-08
  5.4078297403687E-08  1.2035676449645E-06  2.0567239671798E-04  1.9450625614839E-03
  2.0075331614707E-04  1.4880697130076E-04  1.0486375744928E-06  1.2316238359277E-06
  8.3578858476846E-07  5.8516387124929E-06  1.8136570639849E-04  7.2853403736140E-04
  1.8560881495167E-04  1.6053862537462E-04  7.9169884570613E-06  8.4729476156312E-06
  6.3268120368413E-06  1.5813434072449E-05  1.7613403790698E-04  3.1832611597608E-04
  1.9734001289445E-04  1.9042726243563E-04  3.4311049789427E-05  3.5421047521722E-05
  2.7428522131149E-05  3.1177434822462E-05  1.8441018109660E-04  1.6818849222015E-04
  2.4242378553071E-04  2.4743542353607E-04  1.0426940109759E-04  1.0675667128671E-04
  8.0262550371787E-05  5.0948623192009E-05  2.0025418995531E-04  1.0371663553314E-04
  3.4977276267070E-04  3.5898852760452E-04  2.6091137405454E-04  2.6627471231969E-04
  1.6456506566260E-04  3.5480914964558E-06  1.2688476862797E-04  2.3361887823245E-03
  1.2723847833576E-04  9.4754425842199E-05  1.3856107761568E-06  1.6795313825339E-06
  1.2565294980898E-06  1.2594199234241E-05  1.0290190467261E-04  7.4703785675457E-04
  1.0614997480440E-04  9.0773710294166E-05  6.4459528899045E-06  7.0882252849446E-06
  5.5831536368191E-06  2.8071551895153E-05  9.4299040536687E-05  2.8294580060728E-04
  1.0271834062610E-04  9.7816119004761E-05  2.2957198989709E-05  2.4071893859306E-05
  1.9412142281315E-05  4.9715953785525E-05  9.8784820040594E-05  1.3369650444243E-04
  1.1584868296288E-04  1.1783440763259E-04  6.4858066685877E-05  6.7170127187199E-05
  5.3518516896020E-05  4.0166695456534E-05  5.8798649503380E-05  7.2025650684933E-04
  6.0165420497217E-05  5.3077275436036E-05  7.9460643320125E-06  8.6629639172431E-06
  7.4439653375353E-06  6.7833650330632E-05  4.7830499974278E-05  2.4469173351287E-04
  5.1252801418606E-05  4.9093666848896E-05  2.1204732864285E-05  2.1941974927795E-05
  1.9127212360670E-05  4.5397838384875E-06  1.7235945437745E-04  0.0000000000000E+00
  3.7845886578906E-04  4.9628409580113E-05  5.5312952227645E-21  1.2992792845569E-05
  1.6826728848151E-05  6.0146968388903E-04  5.4972896318100E-04  5.6236114586264E-04
  2.0528546499095E-05  1.3150272459087E-05  2.7764959886848E-05  6.4548006158103E-04
  5.5345999664987E-04  5.2068917535531E-04  4.0931653286081E-05  9.2286227515007E-06
  4.0050597555169E-05  4.3814557459401E-04  3.7965328067275E-04  2.7968012930623E-04
  6.0019113259599E-05  5.2457777803976E-06  5.7958469458621E-05  2.6625551620305E-04
  2.4018945996132E-04  1.1410689353524E-04  5.5928113856066E-05  2.5597303952005E-06
  8.7728263710134E-05  1.7219197242968E-04  1.5728780945218E-04  3.7465314844236E-05
  2.6416194206536E-05  1.0028698411886E-06  1.3435459706642E-04  1.2724658980327E-04
  1.1206244963071E-04  8.9683268120494E-06  6.6446547081607E-06  2.3330546583406E-07
  1.8877977648531E-04  1.1111145113936E-04  8.8493014759160E-05  1.1192158938022E-06
  7.6030032620082E-07  1.8466203338477E-08  2.4232508530839E-04  1.1593728141497E-04
  8.0807626258991E-05  4.2166205219152E-08  2.4105801960156E-08  1.4608414765093E-10
  3.0978602021765E-04  1.4411423711395E-04  7.8623715633226E-05  2.0406325169544E-10
  8.5410491887150E-11  3.9212995131972E-15  3.9601079635398E-04  2.1335611229011E-04
  6.0255050809435E-05  6.4764143643259E-15  9.3878556295389E-16  5.8336791891741E-15
  2.1270119457035E-04  8.0719367734774E-04  5.4545049001612E-05  2.8130779366040E-15
  1.5962826914095E-14  3.3628950506219E-10  9.9471750785899E-05  1.7250516858194E-03
  4.1629957978141E-05  1.9698374704163E-10  4.1234235420428E-10  9.4756442124803E-08
  4.5256131280549E-05  1.6110019425824E-03  2.5277941007935E-05  3.1717757325485E-08
  4.6113416818940E-08  2.9968594307183E-06  1.8546632473547E-05  5.3033778698062E-04
  1.3884476156774E-05  4.4350307964751E-07  5.3712620551927E-07  2.5995428159333E-05
  6.6500482953037E-06  1.2994718258305E-04  6.1179748722536E-06  2.0950877469844E-06
  2.2277041546146E-06  1.6917546600780E-05  6.0084432306268E-04  3.2264240480962E-05
  5.5002943101554E-04  1.6965691343837E-05  1.7438343392704E-04  5.5495062275507E-05
  1.7822462896000E-04  1.7654098997523E-05  3.9963723757192E-05  2.9345705406849E-05
  4.3018188572622E-05  2.3853705766552E-05  1.1400818575502E-05  9.8196358634733E-06
  1.1718731814320E-05  4.7749375490407E-05  4.4929060311841E-06  4.2792739235882E-06
  4.4271053409356E-06  2.8023148958129E-11  1.6203074807264E-04  8.7494391997955E-04
  1.3561996176266E-04  5.7762108331950E-05  2.5133638888120E-11  4.2969837952489E-11
  1.4205581083039E-11  6.4622828941506E-09  1.2313939759823E-04  6.6440575910567E-04
  1.0029044345974E-04  5.9104945962702E-05  8.1585123859276E-09  9.9889520125522E-09
  5.1114914490856E-09  1.3172947021045E-07  1.0088544066469E-04  4.0073475548584E-04
  8.6554313065528E-05  6.3370740847373E-05  3.0522869220216E-07  3.3002012901184E-07
  2.1061936449575E-07  7.4650906729498E-07  8.9082016903042E-05  1.9390060367684E-04
  8.7994098382436E-05  7.6760325754545E-05  3.2193819853249E-06  3.3091401871899E-06
  2.3708312915118E-06  2.1851222973816E-06  8.0458676388945E-05  9.4445670207381E-05
  1.0549457864305E-04  1.0248248891570E-04  1.6149819812492E-05  1.6376512825666E-05
  1.1913661518153E-05  4.6885713178755E-06  6.9925878387362E-05  5.2615680491834E-05
  1.4835379494439E-04  1.4864188275156E-04  5.4528329325469E-05  5.5349464175991E-05
  3.4978419952599E-05  8.5717883972868E-06  5.7656798814026E-05  3.3314068936304E-05
  2.3828140527891E-04  2.3185386159404E-04  1.4812813216862E-04  1.4923191441569E-04
  5.7102906162324E-05  1.3414002614382E-05  4.5049633478665E-05  2.3096817013105E-05
  4.0796723583350E-04  3.7694222577090E-04  3.4249102826433E-04  3.3325980530597E-04
  5.1365745583065E-05  1.3028259477724E-08  7.1447779916829E-05  1.4822096012695E-03
  6.8649412226206E-05  3.5727229942050E-05  8.1680742017696E-09  1.1763732773609E-08
  6.5880628932483E-09  1.8877310145451E-07  5.5039397303408E-05  6.3893228820411E-04
  5.3533962497699E-05  3.5813288209133E-05  1.6073793662790E-07  1.9046825189810E-07
  1.2517233234151E-07  1.0003644186798E-06  4.7228420785884E-05  2.1977125345547E-04
  4.8557017232425E-05  4.0813066021807E-05  1.4268366487478E-06  1.5452984350063E-06
  1.1087001931013E-06  2.9535479042411E-06  4.5565032463073E-05  8.8232390881077E-05
  5.1926604600853E-05  5.1293717763417E-05  7.1649903124579E-06  7.5364980879551E-06
  5.5234255872790E-06  6.2283120629721E-06  4.8065731245672E-05  4.3649459375612E-05
  6.5479978111008E-05  6.9812784862347E-05  2.4841794648244E-05  2.6132668777066E-05
  1.8284218718183E-05  1.0958223595428E-05  5.2702032990634E-05  2.5362777145906E-05
  9.7871237814326E-05  1.0462708758082E-04  6.9148884094456E-05  7.2910491165168E-05
  4.1187058088346E-05  6.5513696048004E-07  3.1309817834933E-05  7.1816639761059E-04
  3.1348846653834E-05  2.1170456626632E-05  2.0359841641798E-07  2.5000198728527E-07
  1.8253106135487E-07  2.3697564040777E-06  2.4417939222510E-05  2.1733840787091E-04
  2.5295976214728E-05  2.0777657709261E-05  1.0967643096706E-06  1.2205358633122E-06
  9.3417997509659E-07  5.7767157327252E-06  2.2243946710320E-05  7.6601729701495E-05
  2.4622702909515E-05  2.3549277706313E-05  4.5715003049873E-06  4.8726753093477E-06
  3.7722357081031E-06  1.0986060565418E-05  2.3769064164811E-05  3.3669782444823E-05
  2.8627143853498E-05  3.0012283104337E-05  1.4892834784409E-05  1.5794391087271E-05
  1.1891473035918E-05  8.2254086143593E-06  1.2272351567911E-05  1.9940405942396E-04
  1.2618297164147E-05  1.0696571001088E-05  1.3026701238385E-06  1.4302459755134E-06
  1.2129669250468E-06  1.5137278311112E-05  9.8995354805455E-06  6.3218451363435E-05
  1.0714621001082E-05  1.0205129014356E-05  3.9867879462570E-06  4.1373215835298E-06
  3.5441746421112E-06  9.4539585459609E-07  3.3609887190554E-05  0.0000000000000E+00
  1.0249511340634E-04  5.1643868747355E-06  1.7792780385375E-21  2.5784518476630E-06
  3.5110861380992E-06  1.2176549560811E-04  1.1276588074766E-04  1.1347752575997E-04
  4.4193882632201E-06  2.3558451809662E-06  5.8394977992806E-06  1.5273233667578E-04
  1.3038358393045E-04  1.1685347422529E-04  9.0929268970334E-06  1.4145053005184E-06
  8.5339451977095E-06  1.1758350183676E-04  9.8925695408211E-05  6.6024101848752E-05
  1.3268396196088E-05  6.7945144770303E-07  1.2713399263621E-05  7.1149112040607E-05
  6.3499236073065E-05  2.5538856613959E-05  1.1722624354157E-05  3.0150936369657E-07
  2.0202465087705E-05  4.3492790264661E-05  3.9983320321869E-05  7.4141278544845E-06
  4.9042173055626E-06  1.1790854561600E-07  3.2707054449358E-05  3.0757739037337E-05
  2.6665734673042E-05  1.5410325123080E-06  1.0886005728265E-06  2.7425513102653E-08
  4.7344195332665E-05  2.6389269189951E-05  1.9622894327177E-05  1.7702987144631E-07
  1.1824185245669E-07  2.0201656318346E-09  6.1537314059785E-05  2.7861965373984E-05
  1.6465544390387E-05  6.2054060034402E-09  3.4609461486136E-09  1.3759658536684E-11
  7.9883796710088E-05  3.5943060030353E-05  1.2626168432789E-05  2.2738664011989E-11
  9.0341719793931E-12  2.6615473289459E-16  1.0527191463005E-04  5.5770020485149E-05
  6.9880777323228E-06  4.6645309611966E-16  6.4446440390073E-17  4.0424684138558E-16
  5.5077341016812E-05  2.1267287486423E-04  6.5559835986802E-06  1.9585861238425E-16
  1.1563858820199E-15  3.7831449405321E-11  2.3511448294253E-05  3.7409717915147E-04
  6.7309285079485E-06  1.8809139214397E-11  4.0667002421840E-11  1.4366285568663E-08
  9.3431868477532E-06  3.2732201004667E-04  4.3300762984670E-06  3.5097247072148E-09
  5.2386165371530E-09  4.8414600544406E-07  3.0854005239745E-06  1.2347643919344E-04
  2.1383896399512E-06  5.2329270010226E-08  6.4168238671782E-08  4.8411818632573E-06
  8.6858972359115E-07  2.8543086893648E-05  7.7986893767133E-07  2.4580832994933E-07
  2.6082276527529E-07  3.2909742245823E-06  1.3288094220890E-04  7.0373990338829E-06
  1.2333479656205E-04  3.0317562213629E-06  4.1865710735039E-05  1.2287868853176E-05
  4.4256941988741E-05  3.2347134146505E-06  8.4240911107957E-06  5.9266797053278E-06
  9.5332598478677E-06  4.7506265825779E-06  1.9450150792314E-06  1.6450051072830E-06
  2.0462995133208E-06  9.7505270302344E-06  5.7791452813953E-07  5.4777190012085E-07
  5.6397396826305E-07  2.6105091591885E-12  4.0316908621875E-05  2.2397106454832E-04
  3.3496820246807E-05  8.6565777100466E-06  2.3666571010726E-12  4.1364195108826E-12
  1.3005165929883E-12  7.1232146334708E-10  2.9284249718792E-05  1.7863538438007E-04
  2.3590980970282E-05  1.0990842792450E-05  1.0190361239754E-09  1.2530561221034E-09
  6.2164491960430E-10  1.5893142586778E-08  2.3079177690740E-05  1.1029255251871E-04
  1.9626199246388E-05  1.3170900713141E-05  4.4129883073275E-08  4.8024353369273E-08
  2.9926724577598E-08  9.3790664796157E-08  2.0037234316087E-05  4.9031568020525E-05
  1.9841717552236E-05  1.7302189547088E-05  5.2036035721435E-07  5.4137558899927E-07
  3.7121003702411E-07  2.7549177477810E-07  1.8153482067414E-05  2.1586538740501E-05
  2.4437850572633E-05  2.4732975183642E-05  3.0064111987434E-06  3.0908431745181E-06
  2.1112457454789E-06  6.1748806566729E-07  1.5749653847418E-05  1.1208591776698E-05
  3.6040342475419E-05  3.7633502253467E-05  1.1540554667872E-05  1.1956818021377E-05
  6.9996716863633E-06  1.2794585926338E-06  1.2806216278839E-05  6.7455649057977E-06
  6.0638463870902E-05  6.0004801526772E-05  3.4325704483098E-05  3.5316498276567E-05
  1.2396686065924E-05  2.3221342210725E-06  9.8860811171388E-06  4.5358935800027E-06
  1.0215197407588E-04  9.4480010630814E-05  8.1593221684984E-05  8.0307373183401E-05
  1.1412522731790E-05  1.6788687577259E-09  1.6071314450878E-05  3.3787903348766E-04
  1.5306113604518E-05  6.2725601785476E-06  9.0033963171671E-10  1.3228357494062E-09
  7.1827264830875E-10  2.5035023891175E-08  1.1682465637736E-05  1.6798897277469E-04
  1.1324439698487E-05  6.7850529886603E-06  2.0663381053637E-08  2.4811229005015E-08
  1.5843229844057E-08  1.4158785256685E-07  9.7216184310003E-06  5.4683383842423E-05
  1.0036479948098E-05  8.3262347442469E-06  2.1439221870770E-07  2.3572511219938E-07
  1.6268743600915E-07  4.3402655468324E-07  9.3974261304609E-06  1.9898491367104E-05
  1.0885287851214E-05  1.1246471554121E-05  1.2565068586676E-06  1.3504360982084E-06
  9.3544317233187E-07  9.4335237892063E-07  1.0169387664358E-05  9.0543875509110E-06
  1.4347555013112E-05  1.6293970354710E-05  4.9906592476118E-06  5.4062897477233E-06
  3.5093296543567E-06  1.7736289500985E-06  1.1443531617051E-05  4.8754805744452E-06
  2.2564649876446E-05  2.5538401386789E-05  1.5401720694701E-05  1.6906075480215E-05
  8.6645590286067E-06  9.8785370744655E-08  5.9563278956468E-06  1.7030020223191E-04
  5.9683680387924E-06  3.6106103572673E-06  2.4565947181207E-08  3.0681769843377E-08
  2.1832921779731E-08  3.7508011811655E-07  4.4566352795715E-06  5.2305957696752E-05
  4.6330080515411E-06  3.6720891077608E-06  1.5121176379334E-07  1.6980836257405E-07
  1.2654040464285E-07  9.8041488941828E-07  4.0956619568222E-06  1.7086169733060E-05
  4.5927803809411E-06  4.4808028167002E-06  7.3604317121317E-07  7.9921642494065E-07
  5.9308903229127E-07  1.9448922003709E-06  4.5672165679667E-06  6.8645762243666E-06
  5.6559476595806E-06  6.2146510894740E-06  2.7827875319852E-06  3.0566755620582E-06
  2.1561051150571E-06  1.4226100762286E-06  1.8679818318682E-06  4.6109583293065E-05
  1.9363323923550E-06  1.5772653833048E-06  1.6137179325778E-07  1.7835858039159E-07
  1.4909998932579E-07  2.8644386423122E-06  1.5305730665294E-06  1.3760137604882E-05
  1.6723879941560E-06  1.5881879646430E-06  5.6918533086664E-07  5.9606150067693E-07
  5.0027497881125E-07  1.5499851706426E-07  4.7686196858495E-06  0.0000000000000E+00
  2.2428215189712E-05  3.9723153990476E-07  2.2267756068463E-27  3.9547777954299E-07
  5.7464441441518E-07  1.7471143279984E-05  1.6984077781993E-05  1.6587950074051E-05
  7.6256823921829E-07  3.1310544781759E-07  9.6182394534288E-07  2.5377366820607E-05
  2.2958965706432E-05  1.9428225290433E-05  1.6414673914660E-06  1.5023845898047E-07
  1.4282021676726E-06  2.4253960899204E-05  2.0348679037996E-05  1.2399596803684E-05
  2.4490838411962E-06  5.6068049713810E-08  2.1993504201964E-06  1.5179205357126E-05
  1.3720341600766E-05  4.8009354973540E-06  2.0793510129577E-06  2.2524214982448E-08
  3.6562856122818E-06  8.5511385425785E-06  8.3895004302696E-06  1.2600417946669E-06
  7.8489645162204E-07  9.7589120330830E-09  6.1869703006351E-06  5.7685342010438E-06
  5.2211377966409E-06  2.2377770497652E-07  1.5071343424074E-07  2.5588125964187E-09
  9.2906519261496E-06  4.9595002753362E-06  3.5170876560527E-06  2.2531703468801E-08
  1.4729254107965E-08  1.8922348590633E-10  1.2514129088748E-05  5.3490464077484E-06
  2.5913671302324E-06  7.5324245990965E-10  4.1767728423649E-10  1.2514623340437E-12
  1.6551287333611E-05  7.2412572343133E-06  1.4502933817312E-06  2.5315168711554E-12
  9.7571885005970E-13  2.1910520032346E-17  2.2365280795345E-05  1.1811821994434E-05
  5.9134794143791E-07  4.0425328655724E-17  5.4140006599080E-18  3.4453569401440E-17
  1.1536415865330E-05  4.2170118479324E-05  5.7061210381125E-07  1.6166945958292E-17
  9.8676478879029E-17  4.2659145751275E-12  4.4418749317909E-06  5.6030595036589E-05
  7.9633586911834E-07  1.7035351430342E-12  3.7655426520045E-12  1.7778833368811E-09
  1.4819841531764E-06  4.6773690154240E-05  5.5697669539582E-07  3.3046252834049E-10
  5.0204688956812E-10  6.4724199686698E-08  3.6859589318180E-07  2.2067912800010E-05
  2.3354223079419E-07  4.6694248540496E-09  5.7604672606304E-09  7.7507785783623E-07
  7.2910479534376E-08  5.2365967333359E-06  6.3587256057529E-08  1.8866431859563E-08
  1.9718382349413E-08  4.9030448568241E-07  2.1196517077425E-05  1.2338351826167E-06
  2.0454450978318E-05  4.0338168716111E-07  8.1430832857841E-06  2.2209080105376E-06
  8.9713443501841E-06  4.5240468775521E-07  1.4129924459805E-06  9.6516687387738E-07
  1.7246998326780E-06  7.6668356359919E-07  2.5315971164182E-07  2.0997303027532E-07
  2.7322669515805E-07  1.6854671170505E-06  4.8937637935994E-08  4.6246555981068E-08
  4.7154188641307E-08  2.5231651544194E-13  8.0402748064340E-06  4.2485509138362E-05
  6.6689122794763E-06  9.3289249878710E-07  2.2716744331468E-13  4.0289883067127E-13
  1.2248170967291E-13  6.9510923138655E-11  5.5325472365149E-06  3.6790182298029E-05
  4.4102053727092E-06  1.5423135644450E-06  1.1150726105502E-10  1.3702108557312E-10
  6.7011836109520E-11  1.5849872410958E-09  4.1433066887120E-06  2.4211991905050E-05
  3.5148864660347E-06  2.1574969032706E-06  5.2807645512154E-09  5.7586826671165E-09
  3.5313555021843E-09  8.9669528693919E-09  3.5075223676193E-06  9.7709794064579E-06
  3.4880446875306E-06  3.1413155388782E-06  7.0911343576364E-08  7.4495638083093E-08
  4.8959534543709E-08  2.3910643782042E-08  3.2301668473000E-06  3.8536959299813E-06
  4.3983745602297E-06  4.8568771200960E-06  4.7256649160797E-07  4.9600525661521E-07
  3.1747825728632E-07  5.3722170335978E-08  2.8477344074198E-06  1.8518176420414E-06
  6.9427031927665E-06  7.8240065886071E-06  2.0525309974150E-06  2.1772569322872E-06
  1.1757000904016E-06  1.3139319852329E-07  2.2882331328766E-06  1.0542422286570E-06
  1.2421967830856E-05  1.2614645488638E-05  6.5481388381998E-06  6.8848944407018E-06
  2.2434051292635E-06  2.9444305577423E-07  1.7514348686655E-06  6.8255010939854E-07
  1.9416605258977E-05  1.8393956641456E-05  1.5059594129146E-05  1.5150185179942E-05
  2.0850237434141E-06  1.8821411079372E-10  2.8213691081553E-06  5.2774440297767E-05
  2.6810771386709E-06  8.3081243453901E-07  8.6912574345332E-11  1.2919964915798E-10
  6.8711917400589E-11  2.7965050158441E-09  1.9235536400205E-06  3.3580690658838E-05
  1.8609977758900E-06  9.8809765180718E-07  2.2379309130516E-09  2.7171883756734E-09
  1.6858602665953E-09  1.6266427955691E-08  1.5461780338084E-06  1.0961118043494E-05
  1.6010709288484E-06  1.3329077244126E-06  2.6795344511601E-08  2.9786279882693E-08
  1.9955030010086E-08  4.8608767719071E-08  1.5115264953842E-06  3.5646835016105E-06
  1.7750205796019E-06  1.9758321608669E-06  1.8299667665026E-07  2.0063690118359E-07
  1.3252552336120E-07  1.0437765938811E-07  1.7121833663615E-06  1.4618225439970E-06
  2.4687789454669E-06  3.0988953393062E-06  8.2544159178729E-07  9.2657064519356E-07
  5.5504915541675E-07  2.0854440346733E-07  2.0224091613338E-06  7.1202092869912E-07
  4.1841509420659E-06  5.1168416853199E-06  2.8042093445482E-06  3.2411933802358E-06
  1.4970651081282E-06  1.2313324840451E-08  8.5402457149799E-07  2.9944674466499E-05
  8.5323045452373E-07  4.5886017029878E-07  2.4033747230278E-09  3.0416530219219E-09
  2.1227871775313E-09  4.9739312924698E-08  6.0313371331924E-07  1.0171300345723E-05
  6.3374872594631E-07  4.8585933787542E-07  1.6382237857590E-08  1.8655027295001E-08
  1.3610194769240E-08  1.3447172579727E-07  5.7206884733324E-07  3.0824108211603E-06
  6.5008606835640E-07  6.5557185881049E-07  9.3645120860173E-08  1.0360371025920E-07
  7.4527357087708E-08  2.6820705557729E-07  6.8795604012713E-07  1.1076145086543E-06
  8.7206831541884E-07  1.0232177761221E-06  4.1567523630532E-07  4.7532958480026E-07
  3.1388045028743E-07  2.0840039778904E-07  1.9803792430975E-07  8.7022303416517E-06
  2.0482249137488E-07  1.6066202670473E-07  1.4355198919527E-08  1.5882974128166E-08
  1.3313861409464E-08  4.4965136595968E-07  1.6964852669340E-07  2.4664722016298E-06
  1.8811972406257E-07  1.7777828861127E-07  5.9194095201761E-08  6.2487866142476E-08
  5.1717769956395E-08  1.9569032191407E-08  5.3077153580795E-07  0.0000000000000E+00
  3.8410469328289E-06  1.9410006146915E-08 -1.3779446994785E-22  4.5841691177620E-08
  7.2745937997882E-08  1.9144271343241E-06  1.9800932115223E-06  1.8844101270426E-06
  1.0258267948779E-07  3.0082595133631E-08  1.2264377671327E-07  3.0018864689252E-06
  3.0481258328316E-06  2.4202883078319E-06  2.3736879908048E-07  1.0455451402821E-08
  1.8292813613283E-07  3.5159816131237E-06  3.2064977738634E-06  1.7864411857744E-06
  3.7049004157163E-07  2.5939482314129E-09  2.8706370408834E-07  2.2675309872602E-06
  2.3675573125557E-06  7.3117165315062E-07  3.0642156149908E-07  9.1218427871011E-10
  4.8875421370528E-07  1.1266544094798E-06  1.4249443435953E-06  1.8018902412059E-07
  1.0481674494698E-07  5.2329653485888E-10  8.1352143880369E-07  7.5946684932968E-07
  8.1811526121872E-07  2.7964765047625E-08  1.7907142521894E-08  1.8199940870551E-10
  1.3037487017326E-06  7.0178889761341E-07  4.9541941793553E-07  2.4102060777665E-09
  1.5357887204627E-09  1.5051812594720E-11  1.9494099596358E-06  8.1390449736559E-07
  3.1042466677999E-07  7.4268764170929E-11  4.1227434300920E-11  1.0327169911306E-13
  2.6469127993180E-06  1.1669763327378E-06  1.1915030237541E-07  2.5491483912717E-13
  9.7952827210629E-14  1.9908380465298E-18  3.6561614662296E-06  2.0263282338998E-06
  3.4237769604396E-08  3.9025180664894E-18  5.1166634045371E-19  3.3314227374333E-18
  1.9322889425041E-06  6.0917718768142E-06  3.3578539584761E-08  1.4683420897231E-18
  9.0547864551041E-18  4.3838508283139E-13  6.5601259838598E-07  6.2403131025714E-06
  6.7435717204752E-08  1.3979178242144E-13  3.1148335953612E-13  1.7801634695213E-10
  1.7808419980207E-07  5.0276191898016E-06  5.2476615166789E-08  2.5855114688098E-11
  3.9922165498972E-11  7.3337392235638E-09  2.9807330128884E-08  2.9367196523082E-06
  1.7358250873814E-08  3.0141848079507E-10  3.7301844973193E-10  1.0496941428266E-07
  3.4919890624630E-09  7.8119015259923E-07  2.9076951403752E-09  8.4136410385865E-10
  8.4558338159087E-10  5.4692851516421E-08  2.4881645492691E-06  1.7073795687938E-07
  2.5684770612998E-06  3.8885315339138E-08  1.2399103136043E-06  3.2644277286822E-07
  1.4324988620970E-06  4.7449886233180E-08  1.8749000781667E-07  1.2424677117346E-07
  2.4883028497691E-07  9.8433815959177E-08  2.4234270653941E-08  1.9852040498443E-08
  2.7366598122078E-08  2.4059166535285E-07  2.4796815089858E-09  2.3375264960890E-09
  2.3180543650865E-09  2.3192187164978E-14  1.2633281616428E-06  5.8243368312037E-06
  1.0497491751288E-06  7.1200263790228E-08  2.0596242917369E-14  3.6522506655414E-14
  1.1006613383175E-14  5.8651188784534E-12  8.1047543665746E-07  5.4499228462751E-06
  6.4413928813450E-07  1.6170275751459E-07  1.0237783322259E-11  1.2637506366993E-11
  6.1199089922050E-12  1.2907762366199E-10  5.6550192007958E-07  3.7788878848404E-06
  4.7834295423183E-07  2.7382691060340E-07  5.2796604388683E-10  5.7690448721621E-10
  3.4510160876044E-10  6.2741664804382E-10  4.5716981594096E-07  1.3642733478863E-06
  4.5287351881451E-07  4.4916482753382E-07  8.1774268163015E-09  8.6314696570590E-09
  5.4713724909389E-09  1.3233753022351E-09  4.3002652777347E-07  5.0381036982193E-07
  5.7812366949043E-07  7.6744460616602E-07  6.2511551988780E-08  6.6390261370190E-08
  4.0210647550243E-08  2.7967312702683E-09  4.0137607325459E-07  2.2799735468645E-07
  1.0003549928505E-06  1.3115336955398E-06  3.0145402550569E-07  3.2700966513074E-07
  1.6619491811853E-07  8.7652687694966E-09  3.2276274008416E-07  1.2421525756989E-07
  1.9254199773157E-06  2.1038935211006E-06  9.8498175898970E-07  1.0740353361796E-06
  3.3463143430325E-07  2.6553494123168E-08  2.4377918465052E-07  7.7184062290512E-08
  2.6806579345040E-06  2.7318642808653E-06  2.0741458561013E-06  2.1763222052291E-06
  3.0549775901194E-07  1.7812337461990E-11  3.8180108309537E-07  5.9270182311080E-06
  3.6164231047713E-07  8.1443299588670E-08  7.2555128030185E-12  1.0854385993077E-11
  5.6872009677241E-12  2.6266606269893E-10  2.4052690301367E-07  4.7685177222694E-06
  2.3115721623722E-07  1.0890476916148E-07  2.0311861888054E-10  2.4825875769807E-10
  1.5169248571914E-10  1.4797015696691E-09  1.8359994897875E-07  1.6917830699490E-06
  1.9103050854295E-07  1.6396255609750E-07  2.7411553343204E-09  3.0983548951869E-09
  2.0260872147569E-09  4.0195990623616E-09  1.8244884127322E-07  4.8905681444915E-07
  2.1633326087238E-07  2.7035412786972E-07  2.1595916847131E-08  2.4118078926132E-08
  1.5354094160298E-08  8.0155263955228E-09  2.2217092264998E-07  1.7930505938881E-07
  3.2698418852962E-07  4.6657951672827E-07  1.1035945917623E-07  1.2919453120134E-07
  7.2110167473909E-08  1.7180941965699E-08  2.8450895210397E-07  7.7573206766880E-08
  6.1034140901925E-07  8.2334157351914E-07  4.0887860216607E-07  5.0116830330345E-07
  2.1186535782599E-07  1.2827448898389E-09  8.9154135094404E-08  3.8231703901650E-06
  8.9296532929644E-08  4.2468450203200E-08  1.8628736772983E-10  2.3885088324888E-10
  1.6519225324948E-10  5.4540477495129E-09  5.9409304086435E-08  1.5405941245371E-06
  6.2500626875278E-08  4.7114097301123E-08  1.3741284920312E-09  1.5763681331583E-09
  1.1398233715594E-09  1.4719069059797E-08  5.9219352101356E-08  4.3918580577139E-07
  6.8367041585041E-08  7.2431719846176E-08  9.1941524036748E-09  1.0396771094766E-08
  7.2654474285417E-09  2.8273417260852E-08  7.9535002021427E-08  1.3853540648214E-07
  1.0245020323747E-07  1.3134006542853E-07  4.8755754226452E-08  5.8135293585927E-08
  3.6019028231713E-08  2.5695139964166E-08  1.3694075132872E-08  1.2976960449858E-06
  1.4161352899034E-08  1.0698143102023E-08  8.7365967250107E-10  9.5552500376827E-10
  8.0363942977054E-10  5.7582297038241E-08  1.2897512575384E-08  3.5582487359761E-07
  1.4316986597025E-08  1.3682240684145E-08  4.3069842261555E-09  4.5890315982894E-09
  3.7419628747186E-09  1.8995344930304E-09  4.8190609411181E-08  0.0000000000000E+00
  5.0134782370802E-07  4.6041498641815E-10  3.9573483329317E-29  3.9966094023020E-09
  7.0667556807666E-09  1.6929183609082E-07  1.8661985816070E-07  1.7257547474628E-07
  1.0785831609800E-08  2.0614450596397E-09  1.1845913038508E-08  2.6310348473978E-07
  3.1121730717139E-07  2.3339335028360E-07  2.6981606253321E-08  4.4879433868401E-10
  1.7833924938251E-08  3.3151141654468E-07  3.7566760248908E-07  1.9295169919317E-07
  4.4587433656489E-08  5.5525251889871E-11  2.7645947627138E-08  2.0219470586418E-07
  3.1853824271021E-07  8.7972068802846E-08  3.7734610850292E-08  1.5522791599141E-11
  4.2993036809095E-08  8.6679904392098E-08  1.9422982012444E-07  2.1250300964061E-08
  1.1938237805178E-08  1.7110452611132E-11  6.3837504135424E-08  6.1216106590520E-08
  1.0322145737580E-07  2.9425236064207E-09  1.8330645543088E-09  9.8895430826266E-12
  1.1508845713960E-07  6.7893971748436E-08  5.5599409193717E-08  2.2057252317173E-10
  1.3677580262241E-10  1.0095269953305E-12  2.2032585197397E-07  9.4186087843789E-08
  2.8426158063725E-08  5.9846300380775E-12  3.3128013802530E-12  7.4014098844319E-15
  3.2097982071026E-07  1.4916331684271E-07  6.8964803875943E-09  2.1291411010070E-14
  8.2828832263932E-15  1.7929400114123E-19  4.5087938589062E-07  2.7493284858322E-07
  1.2107046429578E-09  3.7566462861541E-19  4.8996189187010E-20  3.2624933014759E-19
  2.4934165777519E-07  6.4320995105251E-07  1.2039043585342E-09  1.2920541405770E-19
  7.9346371742967E-19  3.6570756679764E-14  7.4670446193871E-08  5.4994883051790E-07
  4.0639585253305E-09  9.9393838792900E-15  2.2433483877576E-14  1.4925455225834E-11
  1.5836712831398E-08  4.3174126826120E-07  3.6395013028938E-09  1.6767358060075E-12
  2.6149102157406E-12  7.1505303493068E-10  1.6199177023526E-09  2.8727696130785E-07
  8.6677515506628E-10  1.3709054420840E-11  1.6775927816385E-11  1.1955339442421E-08
  7.8193689872923E-11  9.2071402490891E-08  6.1983688276009E-11  1.7874106920531E-11
  1.6825923564954E-11  4.5373290072512E-09  2.2457946443521E-07  1.8294941740280E-08
  2.5351019640260E-07  2.6674118725135E-09  1.4094422317744E-07  3.8201448445928E-08
  1.7650875687171E-07  3.6381807158027E-09  1.9342814012481E-08  1.2522661109782E-08
  2.8106214885900E-08  9.8606240158684E-09  1.7061975396919E-09  1.3911945255599E-09
  2.0058081556359E-09  2.8059736321460E-08  6.4756314889695E-11  6.0803616802388E-11
  5.8259661307056E-11  1.8449460921701E-15  1.5347529348710E-07  5.7768875092423E-07
  1.2891300276451E-07  3.7763637354297E-09  1.6143727404233E-15  2.8665812067203E-15
  8.6333122784644E-16  4.1803686353360E-13  9.1155399220838E-08  5.5037682303463E-07
  7.2166507334814E-08  1.2479494423913E-08  7.9396125637254E-13  9.8417558442162E-13
  4.7161861283056E-13  8.4907418307227E-12  5.7115825658717E-08  3.5457162763717E-07
  4.8114039759752E-08  2.6859895202077E-08  4.4667671062511E-11  4.8968909474489E-11
  2.8911657508961E-11  3.1519326734956E-11  4.1270096646517E-08  1.1569315015343E-07
  4.1169519632897E-08  5.0823571282599E-08  7.8295957968961E-10  8.2923521173111E-10
  5.1725078416879E-10  4.3225982857761E-11  3.8944755526443E-08  4.4562236711107E-08
  5.0920089998229E-08  9.6501585442038E-08  6.7532820610862E-09  7.2772271137820E-09
  4.2717085712715E-09  7.7480317812542E-11  4.0907714397107E-08  2.0423157795126E-08
  9.6653238705246E-08  1.7411901390773E-07  3.5015827927780E-08  3.9405842656152E-08
  1.9180463637259E-08  3.5677874021102E-10  3.5311433194976E-08  1.0761854559380E-08
  2.1221317158753E-07  2.6837693536190E-07  1.1413458316436E-07  1.2974552357068E-07
  4.0925526812609E-08  1.6646016807380E-09  2.6605605281739E-08  6.4490945606800E-09
  2.6079215478314E-07  3.0575699876222E-07  2.1109485293109E-07  2.3611245000189E-07
  3.5791450508630E-08  1.3917939117260E-12  3.9426792792329E-08  5.0788162069637E-07
  3.6898446338594E-08  5.8217962516916E-09  5.1477322390526E-13  7.7453832973975E-13
  4.0009232760748E-13  2.0355078109709E-11  2.2315923255601E-08  4.6093717081908E-07
  2.1119664239142E-08  9.0083660111580E-09  1.5172527733419E-11  1.8676467659222E-11
  1.1272102739408E-11  1.0636755184568E-10  1.6130005476117E-08  1.8838944569718E-07
  1.6719758690428E-08  1.5456003147260E-08  2.2875715835746E-10  2.5911254152032E-10
  1.6822098635770E-10  2.4289008105925E-10  1.6248220538391E-08  4.9809441821890E-08
  1.9410752667892E-08  2.8836655536751E-08  2.0427525242372E-09  2.3189926822782E-09
  1.4269315871807E-09  4.2498617399002E-10  2.1807516314012E-08  1.6270083207128E-08
  3.2430679482082E-08  5.5525180638083E-08  1.1749432090894E-08  1.4349579784177E-08
  7.5327724593996E-09  9.6467184341930E-10  3.1373345052367E-08  6.2016069349980E-09
  6.8537200658020E-08  1.0376654052988E-07  4.6863684169089E-08  6.1545168783584E-08
  2.3961838420941E-08  1.1404422158482E-10  6.7225512114672E-09  3.6012598780503E-07
  6.7468292087723E-09  2.8661537051422E-09  1.1346901064856E-11  1.4643371117307E-11
  1.0044608849424E-11  4.8903193705266E-10  4.1913930844874E-09  1.7573317929457E-07
  4.4232311909226E-09  3.3203948871372E-09  8.7627548786941E-11  1.0065587331865E-10
  7.2776455981578E-11  1.2479055514780E-09  4.4717522462388E-09  4.8547740329961E-08
  5.1918737448706E-09  5.9350806633284E-09  6.9432003743271E-10  7.9626087068157E-10
  5.4262833872106E-10  2.2361366759570E-09  6.9086650880532E-09  1.3181647474470E-08
  9.1230232671944E-09  1.2848870924687E-08  4.3929305736630E-09  5.5264561036136E-09
  3.2049088574907E-09  2.6653673707801E-09  5.9012284638435E-10  1.4721605902287E-07
  6.1347314974811E-10  4.4751704496895E-10  3.4143616808795E-11  3.6505490240296E-11
  3.1544122576720E-11  5.9914949149387E-09  6.5835073229831E-10  4.0547710239239E-08
  7.3429544263496E-10  7.0854871284080E-10  2.1382972165382E-10  2.2709167407758E-10
  1.8517122311715E-10  1.3914039176247E-10  3.5425785936605E-09  0.0000000000000E+00
  4.8302194461147E-08  3.1717141057965E-12 -7.5226734387791E-24  2.6021052897501E-10
  5.1861816360087E-10  1.1929143067205E-08  1.4154591885826E-08  1.2688519311865E-08
  8.6024888358213E-10  9.9984073281152E-11  8.7298417428032E-10  1.7468165460186E-08
  2.4558474654365E-08  1.7613871142762E-08  2.4017472484158E-09  1.1866615075166E-11
  1.2927525648114E-09  2.0851828660655E-08  3.3076349517670E-08  1.5595650178692E-08
  4.3930656971785E-09  3.9665976044933E-13  1.8517687676531E-09  1.0653731544036E-08
  3.2472493273750E-08  8.1251415496215E-09  3.8480975652082E-09  6.3219329361955E-14
  2.3068913664682E-09  4.0454507557252E-09  2.0833229496883E-08  2.0412176450833E-09
  1.1376806708618E-09  3.1968754807210E-13  2.9696212626127E-09  2.9111022608718E-09
  1.0342436416115E-08  2.5826901557026E-10  1.5837767766911E-10  4.0343398471962E-13
  6.1585407365179E-09  4.0830355540327E-09  4.9053930770541E-09  1.6991409202890E-11
  1.0421695360658E-11  5.5701064693717E-14  1.7099681699988E-08  7.9101117538479E-09
  1.9913240125260E-09  4.1595711451083E-13  2.2624503046755E-13  4.5230965737341E-16
  2.8354300608134E-08  1.4752529966288E-08  2.9017586930362E-10  1.4335602965941E-15
  5.5923211291736E-16  1.3623232482989E-20  4.0374221741406E-08  2.9183072209787E-08
  2.2682825878488E-11  3.0290001229821E-20  4.0459456650252E-21  2.6893843047472E-20
  2.4970382324991E-08  5.0054379349438E-08  2.3010357710649E-11  9.6554362986486E-21
  5.8538737627620E-20  2.4843910022600E-15  6.4944879253293E-09  3.8661948347221E-08
  1.7466379313051E-10  5.9882640761977E-16  1.3687844412740E-15  1.0632394564616E-12
  1.0447692237129E-09  2.9333604837045E-08  1.8571289257240E-10  8.7928532117878E-14
  1.3805524963055E-13  5.9342432410537E-11  5.8364287985506E-11  2.1160600587850E-08
  2.9029842368140E-11  4.3603891596166E-13  5.2519126324430E-13  1.1094476139900E-09
  5.9745169305625E-13  8.3557159979894E-09  4.4502856614813E-13  1.3156602316915E-13
  1.0905384093570E-13  2.7607411981220E-10  1.5977246762331E-08  1.5271432757325E-09
  1.9564077103907E-08  1.3124800571852E-10  1.1819261967223E-08  3.5596106238886E-09
  1.6496571626086E-08  2.0699603660253E-10  1.5256295297409E-09  9.7660670970676E-10
  2.4768103547155E-09  7.5256851387877E-10  8.7737877882053E-11  7.1464973900628E-11
  1.0739008517414E-10  2.6055950678738E-09  7.2261407366834E-13  6.7851572704951E-13
  6.1700977333499E-13  1.2096408417919E-16  1.4285544948877E-08  4.2394335932755E-08
  1.2271873863868E-08  1.3659657358918E-10  1.0544970953625E-16  1.8700654750563E-16
  5.5681500350853E-17  2.5344974693899E-14  7.7065150109263E-09  3.7664055868158E-08
  6.0924023187188E-09  7.2345494412679E-10  5.1915552647971E-14  6.4431174602365E-14
  3.0824757121560E-14  4.4947835083449E-13  4.0817438534982E-09  1.9961282419674E-08
  3.4130376770639E-09  2.0490049438109E-09  3.1835404316186E-12  3.4918035543434E-12
  2.0614458808907E-12  1.1311401179622E-12  2.4705299508529E-09  5.8947352264853E-09
  2.4509328536841E-09  4.4875595498146E-09  6.2133337909118E-11  6.5556511696482E-11
  4.0792290823802E-11  7.8105398395395E-13  2.2295609295627E-09  2.5300137163835E-09
  2.8742778383436E-09  9.5646241440628E-09  5.8998629575172E-10  6.4886352368472E-10
  3.6852642563204E-10  9.9081597930930E-13  2.8140937420553E-09  1.2785345316259E-09
  6.0342165235137E-09  1.7966750965660E-08  3.2373817761079E-09  3.7427492088428E-09
  1.8107649849759E-09  8.6808324848900E-12  2.8793165476251E-09  6.8172498953410E-10
  1.5309366050076E-08  2.5830707952498E-08  9.8537350165943E-09  1.1720539643751E-08
  4.0127961287564E-09  7.3252106357870E-11  2.2187844954836E-09  3.9449477442907E-10
  1.8259464810033E-08  2.5790598071131E-08  1.5922162367202E-08  1.9443351170589E-08
  3.3161410615216E-09  9.2533354304785E-14  3.0559128213400E-09  3.3856958639071E-08
  2.8513551786933E-09  3.1197012613121E-10  3.0297885322225E-14  4.6824897838173E-14
  2.3789722306330E-14  1.3277316802251E-12  1.5341597791445E-09  3.0630601646718E-08
  1.4458986307003E-09  5.7107526859018E-10  9.2784772025945E-13  1.1576394538336E-12
  6.9746535184314E-13  6.0523343954461E-12  1.0273810644751E-09  1.4019172971874E-08
  1.0544244762068E-09  1.1170397174382E-09  1.5392310586249E-11  1.7296433846400E-11
  1.1313554325122E-11  1.0761493444698E-11  1.0437698144214E-09  3.5746074174415E-09
  1.2578949931368E-09  2.3784994230291E-09  1.5439620567950E-10  1.7526644083145E-10
  1.0761188483538E-10  1.5309655419585E-11  1.5524553756482E-09  1.0713800890275E-09
  2.3397614471448E-09  5.1257095537269E-09  9.7578860929433E-10  1.2375245923626E-09
  6.2049865389624E-10  3.7392758625678E-11  2.6689035184114E-09  3.5764515373458E-10
  5.7430773123522E-09  1.0188988550992E-08  4.1350916087800E-09  5.8189470529172E-09
  2.1687002387249E-09  8.5005948332850E-12  3.6949397848088E-10  2.5136910580936E-08
  3.7036357431187E-10  1.3984326708024E-10  5.3622400174036E-13  6.9004107803043E-13
  4.7736906551574E-13  3.5630956902753E-11  2.1248941660766E-10  1.4655755195805E-08
  2.2462538590026E-10  1.7208193767695E-10  4.2459357688893E-12  4.8754403309990E-12
  3.5488320627422E-12  8.3885340354894E-11  2.4750099077069E-10  4.0427421768686E-09
  2.8920877136411E-10  3.6758696896942E-10  3.9838364511197E-11  4.6073833321360E-11
  3.1378557326060E-11  1.3402457234320E-10  4.4883341145781E-10  9.3575710707993E-10
  5.9542594952999E-10  9.6498642264032E-10  3.0444432175080E-10  3.9881746033470E-10
  2.1942591429836E-10  2.2759047492986E-10  1.5452141000580E-11  1.2524875635531E-08
  1.6069819108130E-11  1.1401955917198E-11  8.3730028558712E-13  8.6693634672367E-13
  7.7108878775673E-13  4.9603420890528E-10  2.2280862169817E-11  3.6025433334079E-09
  2.4936465423635E-11  2.4411160561384E-11  7.1392934231538E-12  7.5641208040999E-12
  6.1841611587932E-12  7.7602191192784E-12  2.0700243947600E-10  0.0000000000000E+00
  3.3811027762817E-09  1.4947434809240E-15  1.1274492258771E-24  1.2593978999665E-11
  2.8855872726202E-11  6.7546250877782E-10  8.5499259088560E-10  7.4352569982139E-10
  5.3528132623226E-11  3.5883648173721E-12  4.8439667831720E-11  8.8715258956212E-10
  1.5424480623666E-09  1.0149925608526E-09  1.6644779499546E-10  1.9976113676973E-13
  6.9281460031434E-11  9.2306880708430E-10  2.1978002196919E-09  9.4590369641869E-10
  3.4370320957256E-10  6.1668662600492E-16  8.3142832450758E-11  3.8546369202485E-10
  2.4393269150097E-09  5.5863955191909E-10  3.2282099474891E-10  1.3992306460450E-17
  7.4910577994472E-11  1.2545336965829E-10  1.7329693059132E-09  1.5416671468804E-10
  8.9748655421597E-11  3.4352876152362E-15  8.6973719723477E-11  8.4716565536866E-11
  8.0726161180795E-10  1.8537167475714E-11  1.1120186965946E-11  1.2418921926195E-14
  2.1779439307128E-10  1.4796798739818E-10  3.3638306439643E-10  1.1103295442307E-12
  6.7578454868708E-13  2.4780751032814E-15  8.8409006943106E-10  4.5557364833497E-10
  1.0560043806878E-10  2.4854183366901E-14  1.3430214437900E-14  2.3124169552467E-17
  1.7992892062727E-09  1.1383969020953E-09  8.7955728684060E-12  8.1135926187563E-17
  3.0645452528620E-17  7.7197112157409E-22  2.6549710525753E-09  2.3555043703525E-09
  2.0392753212894E-13  1.8767890779172E-21  2.5169905555583E-22  1.5947580338295E-21
  1.8949635537729E-09  2.9059559975029E-09  2.1486228900566E-13  5.6958717634455E-22
  3.4204947380085E-21  1.3825425164530E-16  4.3382963027128E-10  2.1424939710508E-09
  5.3696344000462E-12  3.0954350666033E-17  7.1967033933714E-17  6.4370681886605E-14
  5.1413838461032E-11  1.6122936080797E-09  7.0476873720713E-12  3.7114237359924E-15
  5.9009998267748E-15  4.0351537436851E-12  1.4348630943658E-12  1.1966742887406E-09
  6.6778065811836E-13  9.9179089756144E-15  1.1610764330241E-14  8.4195394289214E-11
  9.9180313929644E-16  5.6716109957942E-10  7.2211372140574E-16  2.1219267315262E-16
  1.3877696528610E-16  1.2705284552254E-11  8.6555854618979E-10  9.7396786792310E-11
  1.2028853408011E-09  4.6862723999373E-12  7.1036065479432E-10  2.6157158410396E-10
  1.1488428729769E-09  8.6812870960631E-12  9.1076782121567E-11  5.7500962626457E-11
  1.6474295388097E-10  4.4773791152541E-11  3.3741875701600E-12  2.7414690722873E-12
  4.2827162741068E-12  1.8857710773086E-10  2.9635247765947E-15  2.7856028906800E-15
  2.4149912188291E-15  6.5771911473899E-18  9.9707822691686E-10  2.3424288709096E-09
  9.0029120910766E-10  3.4950642600132E-12  5.7146576892647E-18  1.0226489884626E-17
  3.0106130239401E-18  1.2986520743904E-15  4.8258785045664E-10  1.8264404443570E-09
  3.8237368543238E-10  3.2094045954250E-11  2.8801314209370E-15  3.6148414227179E-15
  1.7016303394903E-15  1.8992687867169E-14  2.0216362516517E-10  7.5612627865135E-10
  1.6597286264252E-10  1.2103095301031E-10  1.8856168822646E-13  2.0567226986569E-13
  1.2170821505244E-13  2.9996430188559E-14  9.5808068669621E-11  2.0164484863473E-10
  9.4019294478911E-11  3.1174474893585E-10  4.0211237646143E-12  4.2332966109118E-12
  2.6617439024295E-12  7.8314411601630E-15  7.9576820444337E-11  9.1885658175044E-11
  1.0359094165030E-10  7.2674666135912E-10  4.1574042121955E-11  4.5997106741662E-11
  2.6120140288503E-11  5.5343192095495E-15  1.2176812649146E-10  5.4276426923548E-11
  2.4613245988748E-10  1.4027408044098E-09  2.3090957385412E-10  2.7648373612703E-10
  1.3938030377344E-10  1.3152386308566E-13  1.7083645430825E-10  3.0977392593434E-11
  7.3765185765957E-10  1.8451870637275E-09  6.3579625074187E-10  7.8667448407416E-10
  3.2155199675448E-10  2.3199152373826E-12  1.4312803630434E-10  1.8088033898329E-11
  9.2554238930868E-10  1.6722256868873E-09  9.0491137675832E-10  1.2086792737565E-09
  2.4063265374717E-10  5.2334928518255E-15  1.7915467014961E-10  1.7627163323902E-09
  1.6646195864739E-10  1.2721749692277E-11  1.5125830675028E-15  2.3527161933843E-15
  1.1779767115981E-15  7.0646326734783E-14  7.7818823274690E-11  1.4424735542594E-09
  7.2437022772309E-11  2.7608102170156E-11  4.6602004731093E-14  5.7405106323477E-14
  3.4827803591035E-14  2.6744010158895E-13  4.6666799085668E-11  6.7483009944116E-10
  4.7789986492516E-11  6.1705705260188E-11  8.1800525433015E-13  9.0639753521682E-13
  6.0879919922532E-13  3.5177421575843E-13  4.7077433881678E-11  1.7606188666738E-10
  5.6343386770724E-11  1.5013006399626E-10  9.2333405502732E-12  1.0273785177817E-11
  6.4453654933329E-12  3.9256053855571E-13  7.8865951432221E-11  4.9822722671230E-11
  1.2021668871528E-10  3.6597864453035E-10  6.3373159360424E-11  8.1900625567776E-11
  4.0559427196781E-11  1.0225580165085E-12  1.7052764090829E-10  1.5204539745481E-11
  3.4766406135067E-10  7.5266261843057E-10  2.7708061481934E-10  4.1669915910888E-10
  1.5468366574030E-10  5.3426007092984E-13  1.4907462717459E-11  1.3641856798326E-09
  1.4760378259395E-11  5.1271122808260E-12  1.9919191347510E-14  2.5545043631052E-14
  1.7540309207053E-14  2.0800686682855E-12  7.8175082099446E-12  8.7537395643577E-10
  8.1846452315305E-12  6.5661597123917E-12  1.5845122832842E-13  1.7964471302087E-13
  1.3177372427239E-13  4.3064670862282E-12  1.0068999517461E-11  2.5377478634030E-10
  1.1650850665237E-11  1.6999914688709E-11  1.7591675461322E-12  1.9987680263780E-12
  1.3852511920791E-12  6.0760154830620E-12  2.1981132620369E-11  5.0679659006913E-11
  2.9383345196897E-11  5.4861669943395E-11  1.6161902619639E-11  2.2151562982707E-11
  1.1755770723932E-11  1.5973296803105E-11  2.5373702793272E-13  7.8623830495401E-10
  2.6431832611126E-13  1.8731187536386E-13  1.3173543347572E-14  1.3268754885887E-14
  1.2239429266635E-14  3.2453526342553E-11  5.1703153911041E-13  2.4210643173858E-10
  5.7725787802901E-13  5.8054610824865E-13  1.6605297407779E-13  1.7396480478058E-13
  1.4481236525978E-13  3.3133013971186E-13  9.3852452068771E-12  0.0000000000000E+00
  1.7063923517500E-10  5.4059575105945E-27 -1.0704792202178E-25  4.6743677831004E-13
  1.2352985241570E-12  2.8731652412673E-11  3.9964189420129E-11  3.3348710795846E-11
  2.4898805656055E-12  9.6733267830969E-14  2.0243497156386E-12  3.4180926778059E-11
  7.5056225482009E-11  4.5504293849576E-11  9.0252933453180E-12  2.4249598568543E-15
  2.6939198259373E-12  2.9560144332018E-11  1.1100849621528E-10  4.3078680317276E-11
  2.1731650987529E-11  2.7118840041841E-19  2.4905734456393E-12  1.0292294332021E-11
  1.3636109512500E-10  2.8188046204352E-11  2.1956538559533E-11  3.0261016684540E-23
  1.5059849633293E-12  2.5408082649705E-12  1.0585938416126E-10  9.1524606305109E-12
  5.6981925077454E-12  2.5231665360021E-17  1.5822032647148E-12  1.5105282121464E-12
  4.9337318095897E-11  1.0893340415030E-12  6.5921996190588E-13  3.0456263755798E-16
  5.1157813957371E-12  3.3238619285788E-12  1.8555416241328E-11  5.9928253131040E-14
  3.7196344432696E-14  9.1885974905892E-17  3.0631422820432E-11  1.6800812166459E-11
  4.5476131739860E-12  1.2685171964419E-15  6.8624298690008E-16  1.0023158627109E-18
  7.7852144387150E-11  6.6612688606176E-11  2.0602189552194E-13  3.8346094300104E-18
  1.4743077539689E-18  3.4273385740573E-23  1.2535516116557E-10  1.4433192586298E-10
  1.0218991679111E-15  9.0911322643318E-23  1.2056860328583E-23  7.1213011267232E-23
  1.0559299775124E-10  1.2853718226016E-10  1.1338903307741E-15  2.6622049859644E-23
  1.6412012551958E-22  6.6407209385138E-18  2.1896838663862E-11  8.8617556908083E-11
  1.2783549061597E-13  1.3073366712439E-18  3.0722877597668E-18  3.3773726505585E-15
  1.9364788900604E-12  6.7802268892679E-11  2.1129519323736E-13  1.2763301769595E-16
  2.0542739464164E-16  2.2741949819279E-13  2.6122689990698E-14  5.2911937685237E-11
  1.1379132452073E-14  1.7105824961521E-16  1.9950206166388E-16  4.9563407760973E-12
  4.0469097870225E-19  2.9180239792230E-11  3.4153610218654E-19  8.4782846159530E-20
  4.3093524210512E-20  4.4707685382802E-13  3.6641323785775E-11  4.7923191395401E-12
  5.7197046511393E-11  1.2563940673162E-13  2.9759023427109E-11  1.4769827177238E-11
  5.8887836390643E-11  2.7228605170215E-13  4.1406055741070E-12  2.6346327672590E-12
  8.2419526596451E-12  2.0559645791971E-12  9.9334159758527E-14  8.0796733555870E-14
  1.2965402540597E-13  1.0379026288561E-11  5.7914878648311E-18  5.4732910052700E-18
  4.5866773214074E-18  2.9296378324063E-19  5.1890538468074E-11  9.7385697378918E-11
  5.0626471659955E-11  6.4410191434486E-14  2.5818579383464E-19  4.6808822083558E-19
  1.3919636363051E-19  5.4746148232786E-17  2.2472187638782E-11  6.4798318412722E-11
  1.8018799987334E-11  1.1112390146369E-12  1.3465498991116E-16  1.6886346989945E-16
  7.9127947960628E-17  6.2861995890463E-16  6.8924918353078E-12  2.1369723334296E-11
  5.5010060428995E-12  5.4911721875726E-12  9.1780668868767E-15  1.0029176226696E-14
  6.0479998747358E-15  6.0840381344561E-16  2.3644435795279E-12  4.6272321685940E-12
  2.2398828368429E-12  1.6614239541622E-11  2.1142307463941E-13  2.1713179839694E-13
  1.4015680987080E-13  5.2960809136082E-17  1.7623631591206E-12  2.1042891112773E-12
  2.3750335703653E-12  4.2464962371566E-11  2.3249056521570E-12  2.5890307548006E-12
  1.5051719412827E-12  1.7270464113115E-17  3.3001395107986E-12  1.5306711044123E-12
  6.6917550570294E-12  8.1448238209629E-11  1.2282620713515E-11  1.5306014309989E-11
  8.4391266132851E-12  1.4185825713894E-15  6.9730701601369E-12  1.0376749849744E-12
  2.4252527508287E-11  9.8865400014206E-11  2.9325313885636E-11  3.9650024652635E-11
  2.0507219778710E-11  5.5139707779659E-14  6.9412878520837E-12  6.2485457280708E-13
  3.4943812734833E-11  8.2843762883412E-11  3.8977324301131E-11  5.7575328487689E-11
  1.3620498425393E-11  2.4904473592257E-16  7.9191287750110E-12  7.0253990680721E-11
  7.3608705646072E-12  4.0028333858181E-13  6.1392465199512E-17  9.5241432985189E-17
  4.8253144693006E-17  3.0403416828280E-15  2.9450354667645E-12  5.1065177437467E-11
  2.7280651894540E-12  1.0315448993689E-12  1.8869072029920E-15  2.3260268307811E-15
  1.4304132513901E-15  9.4449832469652E-15  1.5378158768770E-12  2.2683365733208E-11
  1.5641018448084E-12  2.6777956441061E-12  3.5077011570981E-14  3.7699674334230E-14
  2.6372058704824E-14  9.0380836399675E-15  1.4994179078323E-12  5.8589943106999E-12
  1.7968035753874E-12  7.3834821892358E-12  4.3102976399440E-13  4.6565256484341E-13
  3.0630290346321E-13  7.4713544159737E-15  2.7839966079425E-12  1.6514372853180E-12
  4.3340874405161E-12  1.9357764596770E-11  3.2147462332810E-12  4.1483336281199E-12
  2.0837034362574E-12  2.0530399598565E-14  7.8477040330073E-12  4.7392459726316E-13
  1.4998221592588E-11  4.1378610370248E-11  1.3700240409149E-11  2.2753284392697E-11
  8.5044014917696E-12  2.6963883181131E-14  4.5741089809008E-13  5.6810332038307E-11
  4.5132085375271E-13  1.4313864854429E-13  5.8750653465852E-16  7.5546290894630E-16
  5.1519183294922E-16  9.8746337285684E-14  2.1605282767663E-13  3.7403118993575E-11
  2.2484478731677E-13  1.9565807878286E-13  4.6385144674068E-15  5.1250548123868E-15
  3.8660069584794E-15  1.7792205273060E-13  3.0658379809819E-13  1.1459289158745E-11
  3.5179233734438E-13  6.0557255697933E-13  6.0821907948704E-14  6.6340717896555E-14
  4.8323677860065E-14  2.1416787016639E-13  8.1021735935916E-13  2.0130180402088E-12
  1.0745785909901E-12  2.3917938534095E-12  6.6656649354199E-13  9.0885363802449E-13
  4.8340840010491E-13  8.9543411742838E-13  2.9491885164405E-15  3.7208456563676E-11
  3.0769042320858E-15  2.2004718718380E-15  1.5014058661388E-16  1.4794055611963E-16
  1.4051828577754E-16  1.6543867900715E-12  8.8457910413339E-15  1.2402723428853E-11
  9.8266344868453E-15  1.0335180295129E-14  2.8958177126096E-15  2.9523784511250E-15
  2.5461829836613E-15  1.1193740664681E-14  3.2351734199186E-13  0.0000000000000E+00
  6.2825956236236E-12  0.0000000000000E+00 -7.6171977071408E-27  1.3781149637161E-14
  4.1026137897977E-14  9.2980196555622E-13  1.4074115231012E-12  1.1302626416086E-12
  9.3216587412414E-14  2.0566844690497E-15  6.5458345594764E-14  1.0192653274825E-12
  2.6876588941297E-12  1.5671153916528E-12  3.9009646533684E-13  2.4808689979648E-17
  7.7772016323789E-14  7.3445620160854E-13  4.1698132438447E-12  1.4778448347859E-12
  1.1066356436333E-12  1.7996074321667E-22  4.8367324984979E-14  1.9357039267535E-13
  5.3772236235239E-12  1.0251879533958E-12  1.2407535820767E-12  1.0322022454122E-26
  1.7008127088112E-14  2.9963546751413E-14  4.8859189614967E-12  4.0308716733628E-13
  2.9462062183442E-13  1.6833001177613E-19  1.4344815584942E-14  1.2745615238081E-14
  2.3924413778100E-12  5.2218186446549E-14  3.1789988875527E-14  5.9156945685113E-18
  7.7116933061628E-14  4.5137927562119E-14  7.9622185475088E-13  2.6877643991512E-15
  1.6930044966994E-15  2.6872161930016E-18  7.3136067893152E-13  4.1223013896478E-13
  1.5612805971576E-13  5.2830776817743E-17  2.9249648575657E-17  3.5929369616669E-20
  2.4761041164635E-12  2.8559081220826E-12  3.9462277573350E-15  1.6000420405216E-19
  6.0175844745996E-20  1.1531805038515E-24  4.4411675505357E-12  6.3703640573184E-12
  3.9161449551923E-18  3.7866018882208E-24  4.9825567618078E-25  2.3574647207276E-24
  4.3531532075072E-12  4.3592805614921E-12  4.6232508173611E-18  1.0657300994909E-24
  6.6744161380419E-24  2.6588517901650E-19  8.3229748108064E-13  2.8197307233131E-12
  2.4580829859965E-15  4.5959598231198E-20  1.1376271739788E-19  1.4350106101504E-16
  5.6346585415018E-14  2.1925686038331E-12  4.9208270192071E-15  3.5437312356183E-18
  5.9246179724295E-18  1.0715092059013E-14  3.8473752093839E-16  1.8017022163498E-12
  1.6346687321769E-16  2.4179768292093E-18  2.8263466128603E-18  2.2880280854325E-13
  2.2851648744424E-22  1.0839876516369E-12  2.3795165678967E-22  4.7191993395759E-23
  2.2130656620586E-23  1.2026229808634E-14  1.1597371616539E-12  1.8145945447336E-13
  1.9905729609988E-12  2.5847970143535E-15  9.3581997073505E-13  6.7032664386237E-13
  2.2095224269048E-12  6.6787263834808E-15  1.3628773408868E-13  9.1071174934068E-14
  3.1219639281449E-13  7.4423412704431E-14  2.2923575569980E-15  1.8829493773390E-15
  3.0434874694349E-15  4.4524337472559E-13  1.1637034701526E-20  1.1035588650493E-20
  9.5638768271046E-21  1.0853163229802E-20  1.9401227649505E-12  3.0972271793362E-12
  2.1013267570918E-12  9.6824802401625E-16  9.9724581012273E-21  1.8678470617103E-20
  5.3902315944360E-21  1.8621922370219E-18  7.5303810234149E-13  1.6962856872838E-12
  6.2353853091165E-13  3.1112059752980E-14  5.1778089685856E-18  6.5444506030652E-18
  3.0956924156402E-18  1.7140957047174E-17  1.6194660823810E-13  4.3864361266207E-13
  1.2270605386868E-13  2.0150624260017E-13  3.6217516598479E-16  3.8735617883472E-16
  2.4572600459963E-16  1.0068759466314E-17  3.5867431775590E-14  6.9552358604883E-14
  3.2480826405759E-14  7.0270823020050E-13  8.9343860686171E-15  8.8904212567840E-15
  6.0524537947010E-15  3.2649278670556E-19  2.3624078565535E-14  2.7071526828281E-14
  3.1233111853753E-14  1.9622411299902E-12  1.0180431073084E-13  1.0831821881695E-13
  6.8507168601554E-14  5.4960083496068E-20  5.8077410558795E-14  2.8612877620596E-14
  1.2161004608137E-13  3.6040089249413E-12  4.9014914381426E-13  6.3544807881255E-13
  4.2303129783398E-13  1.2622769366755E-17  2.0035857267209E-13  2.5592346183420E-14
  5.8103428934206E-13  3.8320550217419E-12  1.0331027381784E-12  1.4761972756238E-12
  1.0752969356621E-12  1.0386847355072E-15  2.6100200043414E-13  1.6456691793916E-14
  1.0025635536927E-12  3.0130069394683E-12  1.2740622932361E-12  2.0436203959016E-12
  6.2143037308563E-13  9.7777024645284E-18  2.6310379148287E-13  2.1527312317806E-12
  2.4961764599765E-13  1.0041799125704E-14  1.9973584334276E-18  3.2628389923565E-18
  1.6220929351184E-18  1.0746163108837E-16  8.4458556055306E-14  1.3128679939760E-12
  7.6046804696071E-14  3.0948439087070E-14  6.1645542073523E-17  7.3196529310463E-17
  4.6255949950669E-17  2.6548443786521E-16  3.6776902425977E-14  5.3402237436897E-13
  3.6540891553532E-14  9.0320741204790E-14  1.2024157281356E-15  1.2112695238013E-15
  9.1584452606403E-16  1.8793389169533E-16  3.3414577301404E-14  1.3286105104316E-13
  3.8710354165062E-14  2.7835084680187E-13  1.5993667899749E-14  1.6017061296842E-14
  1.1521504030939E-14  1.1790410596340E-16  6.9696424232281E-14  3.9102245383854E-14
  1.0683666502269E-13  8.0763537513295E-13  1.2460720159615E-13  1.6242874094763E-13
  8.4584387186727E-14  3.3415628985339E-16  2.5743490740394E-13  1.1051165496113E-14
  4.5196872378317E-13  1.7300076812444E-12  4.9457740862993E-13  9.1872376657058E-13
  3.8053839809076E-13  1.1462500053649E-15  1.0933236079997E-14  1.7609436585625E-12
  1.0515417905611E-14  3.2333601457971E-15  1.3958070817226E-17  1.7716673809859E-17
  1.2310236875246E-17  3.7713553999412E-15  4.6403593942439E-15  1.1467796763913E-12
  4.8256130841440E-15  4.5910229560417E-15  1.0912677154451E-16  1.1413579336076E-16
  9.1521276730454E-17  5.7814437507070E-15  7.1564080928189E-15  3.9232556654234E-13
  8.0568741324326E-15  1.6592448258362E-14  1.6704280641194E-15  1.7192387334038E-15
  1.3471968829749E-15  5.9384409938475E-15  2.2943883357420E-14  6.0616324098840E-14
  2.9843954945746E-14  7.7928672060137E-14  2.1463599491962E-14  2.8423370420817E-14
  1.5778282700146E-14  3.9055540021848E-14  2.8689654750425E-17  1.2967536749868E-12
  2.9702960513221E-17  2.1505997209170E-17  1.4462371944218E-18  1.3607507832013E-18
  1.3247177287682E-18  6.7616823249714E-14  1.2280509619606E-16  4.8436897697466E-13
  1.3610013229418E-16  1.4868312927167E-16  4.1367887626379E-17  4.1161269708399E-17
  3.6777857616427E-17  2.9260418726951E-16  7.6402738552099E-15  0.0000000000000E+00
  1.7816582298720E-13  0.0000000000000E+00  7.1476936455591E-35  3.2517821454762E-16
  1.0773290732926E-15  2.1917277972685E-14  3.5039398528179E-14  2.7913591798882E-14
  2.7581515012508E-15  3.6288067602723E-17  1.6780403808770E-15  2.1945475427367E-14
  7.2514993000415E-14  3.9044567467645E-14  1.3270048165590E-14  2.2528950239809E-19
  1.7188749096938E-15  1.2779989039686E-14  1.1242554216974E-13  3.7735193051642E-14
  4.4490005261713E-14  3.5501660892259E-25  6.5372570233531E-16  2.6637145879981E-15
  1.5813152850479E-13  2.7644482972865E-14  5.7911446493662E-14 -9.0715204805309E-28
  9.2330739680820E-17  1.7561166395230E-16  1.7242211454556E-13  1.3158384978320E-14
  1.2726118986741E-14  1.1779824044470E-21  4.1571378402675E-17  3.5194396177974E-17
  9.3222957741537E-14  1.9290863862528E-15  1.2524597685849E-15  9.7709501775300E-20
  6.7564264072841E-16  3.5796635967548E-16  2.8050543701194E-14  9.4364428763722E-17
  5.9975315305366E-17  6.3996919366539E-20  1.2225624306769E-14  6.7381168835546E-15
  4.6245774449842E-15  1.8322637960692E-18  1.0150155566681E-18  9.9094664855488E-22
  5.6870835328973E-14  9.6780636975265E-14  6.2859416801386E-17  5.5640032001709E-21
  2.0868260622149E-21  2.9753552566648E-26  1.1534382726407E-13  2.0906316629154E-13
  1.6506250105428E-20  1.3703437280086E-25  1.7818444787023E-26  5.7807570558676E-26
  1.3144152563488E-13  1.0853301102982E-13  2.0744640363340E-20  3.6761620142678E-26
  2.3030019434328E-25  8.1800822568377E-21  2.5359986401083E-14  6.6810336156112E-14
  3.9224007764927E-17  1.3553252961770E-21  3.4555040581921E-21  5.2177784045352E-18
  1.2982833842078E-15  5.0993308149956E-14  9.6220185025900E-17  7.8627090517255E-20
  1.3913987434891E-19  4.1070371605920E-16  4.8934358903241E-18  4.4444453018807E-14
  2.0701084919669E-18  2.9657621137548E-20  3.3903767062204E-20  8.4465790780973E-15
  4.0664247107534E-25  3.0950627208682E-14  4.7758925716399E-25  8.2398284290953E-26
  3.9387807222673E-26  2.6228075027291E-16  2.7687111743175E-14  5.5453148706081E-15
  5.0855159305069E-14  4.3048634601189E-17  2.0963893629522E-14  2.3836065645879E-14
  5.9126519068193E-14  1.2881642562213E-16  3.5545377421955E-15  2.5301122854808E-15
  8.8576516350687E-15  2.1015105391681E-15  4.1559919225682E-17  3.5273074142576E-17
  5.5650801142758E-17  1.4461611238062E-14  3.7557718175867E-23  3.6015692999466E-23
  3.1778978550679E-23  3.1724191889728E-22  5.5648948471612E-14  7.1546233066218E-14
  6.7712718166061E-14  1.2695456341772E-17  3.2473008250269E-22  6.1545074280373E-22
  1.7347780242845E-22  5.1216500201613E-20  1.8255433277989E-14  3.2888740041961E-14
  1.5580611253731E-14  7.3201930869094E-16  1.6164448411397E-19  2.0785641061836E-19
  9.6592482176376E-20  3.6898538093406E-19  2.4923056443179E-15  6.5276978337967E-15
  1.8420740667982E-15  5.8782715243395E-15  1.1392280932273E-17  1.2164525091312E-17
  7.9863037961303E-18  1.4196649305994E-19  3.1694209598962E-16  5.9603573745475E-16
  2.6436315353522E-16  2.3018385137804E-14  2.9457399076231E-16  2.7775491974377E-16
  2.0184649477759E-16  2.1155277784009E-21  1.7756018536140E-16  1.8907199300924E-16
  2.2783511441303E-16  6.7883788007260E-14  3.4579774904652E-15  3.4612457362259E-15
  2.5415146454810E-15  2.3414703763304E-22  7.1426021767538E-16  3.4716806769643E-16
  1.5041259510932E-15  1.1659734409205E-13  1.4511350351508E-14  1.8646031036138E-14
  1.7000676060069E-14  1.1110198062993E-19  4.0776182068500E-15  4.4723672543658E-16
  1.0076461841210E-14  1.1084017287200E-13  2.6227339681637E-14  3.7122592924364E-14
  4.5847070702696E-14  1.6291856361780E-17  7.6271540949583E-15  3.3558066535853E-16
  2.0965628380271E-14  7.8965364616208E-14  3.0591713807493E-14  5.1747809174388E-14
  2.2594530077294E-14  3.1282176734323E-19  6.9344148708145E-15  4.7683339772712E-14
  6.6011535268602E-15  2.0385789064194E-16  5.3984422768676E-20  9.1801788150558E-20
  4.3402311916055E-20  2.9894605610987E-18  1.7914207033385E-15  2.4898314454067E-14
  1.6322602831611E-15  7.4243725277307E-16  1.6002807213217E-18  1.8662183959123E-18
  1.2212650913980E-18  6.0695476791346E-18  6.5150905005498E-16  8.6979590184593E-15
  6.1723355927849E-16  2.4184646928255E-15  3.2842138209870E-17  2.9554425947818E-17
  2.5067843784398E-17  3.2584407916537E-18  5.3304760911983E-16  2.0795923740549E-15
  6.0754952898111E-16  8.2040096428093E-15  4.7252908640378E-16  4.0857490986308E-16
  3.4639379912814E-16  1.6077671678296E-18  1.2419774579118E-15  6.6501036707399E-16
  1.9074001918357E-15  2.5588307216951E-14  3.6204468938845E-15  4.6348559639905E-15
  2.7633315331581E-15  4.6492723389944E-18  6.2230939074831E-15  1.9894777904624E-16
  9.7485554275940E-15  5.1173191054481E-14  1.3282655177653E-14  2.6785140494689E-14
  1.3400068539108E-14  3.8886575121494E-17  2.0308431210825E-16  4.0461955366077E-14
  2.0040157397095E-16  5.8743357951776E-17  2.6442798314561E-19  3.4363953951665E-19
  2.3697259375267E-19  1.1230661520768E-16  8.0124606435245E-17  2.5405603454196E-14
  7.8991367037782E-17  8.8031488613347E-17  2.1030718674075E-18  2.0599127071039E-18
  1.7845595541915E-18  1.4839887192065E-16  1.3147091636390E-16  9.8024934140783E-15
  1.4581592310808E-16  3.6488797886044E-16  3.7062332919955E-17  3.4565714154406E-17
  3.0210989365362E-17  1.2986837235869E-16  4.9775057875458E-16  1.4020264191341E-15
  6.3891310976232E-16  1.9646744590650E-15  5.2346367906549E-16  6.6969869485753E-16
  4.0077879860536E-16  1.4088011871146E-15  2.6446528426082E-19  3.4609260928493E-14
  2.6758987664786E-19  2.0414977323453E-19  1.3221295128880E-20  1.2060564096566E-20
  1.1935694815818E-20  2.1972711046529E-15  1.4982181153450E-18  1.4059286409295E-14
  1.6041691548114E-18  1.8691214657788E-18  5.1827460356643E-19  4.9178250304548E-19
  4.5967931894835E-19  6.2595626680224E-18  1.2577719057551E-16  0.0000000000000E+00
  3.8094521176302E-15  0.0000000000000E+00  2.5654135500122E-36  6.0652478440970E-18
  2.2975494800834E-17  3.3820663327215E-16  5.7922969920757E-16  4.6675117869680E-16
  6.5354582493631E-17  5.2058102865537E-19  3.4331246325236E-17  3.3525314267498E-16
  1.2732970505515E-15  7.1002173287764E-16  3.6592998698221E-16  2.1271179886819E-21
  2.7998877335076E-17  1.7242082975683E-16  2.2363186135193E-15  6.9705499231055E-16
  1.4711220938679E-15  1.3531722505160E-27  5.8321501558820E-18  2.5286001344285E-17
  3.5292834362233E-15  5.2003345173314E-16  2.1442847048176E-15  4.7096465814438E-29
  1.9331590447386E-19  4.3364679215478E-19  4.5346716534248E-15  3.0614824267573E-16
  4.3185120959507E-16  8.6980953414181E-24  1.4467507522198E-20  9.9079820215193E-21
  2.9032584716575E-15  5.4099641337153E-17  3.8483590654264E-17  1.3196925611936E-21
  3.5190421801031E-18  1.7419026401527E-18  8.1819627263148E-16  2.4613091111548E-18
  1.6788561639855E-18  1.2146930244478E-21  1.4867374356512E-16  8.6092974697655E-17
  1.1442947496108E-16  4.6592728057536E-20  2.6408141235665E-20  2.1248411684470E-23
  9.3555019363102E-16  2.2885914191456E-15  9.1155902916640E-19  1.4776579780589E-22
  5.7514258993158E-23  5.4802841688038E-28  2.2704536050175E-15  5.1232405695334E-15
  8.6629282682640E-23  4.0073523656317E-27  5.2692716773581E-28  1.0424152548677E-27
  2.9951282984476E-15  2.0119334939325E-15  1.0981947003259E-22  1.0712714425572E-27
  6.7313476063316E-27  1.9094776385347E-22  5.8256726766871E-16  1.0397342110657E-15
  5.4952314689861E-19  3.2764736678332E-23  8.7884389994892E-23  1.4989252341336E-19
  2.4520089957387E-17  7.9943869050505E-16  1.5612194382967E-18  1.4031685472637E-21
  2.6273365926218E-21  1.2895683622427E-17  5.6374765863574E-20  8.0689495872608E-16
  2.3295507454905E-20  3.2605960251345E-22  3.9072994308655E-22  2.4158981689578E-16
  1.4665927226028E-27  6.8904326331729E-16  1.9606014123621E-27  2.8986132737220E-28
  1.2424994745460E-28  4.5131763455833E-18  4.4774348967302E-16  1.3564008760161E-16
  9.0862684133746E-16  5.9440072809217E-19  3.3302072425320E-16  6.1164109050978E-16
  1.1587201481737E-15  1.9991894119630E-18  7.0621445943336E-17  5.3983729199683E-17
  1.8613988275080E-16  4.5683208166412E-17  6.1956011435070E-19  5.3753404351853E-19
  7.9487558145575E-19  3.4936410013426E-16  1.7980152204386E-25  1.7675227558909E-25
  1.5513101374602E-25  7.0902310881559E-24  1.1606664668688E-15  1.1631378361162E-15
  1.7188478963457E-15  1.5637477797951E-19  8.5049094389836E-24  1.6439558232995E-23
  4.5704482879961E-24  1.1139562280977E-21  3.2618365519167E-16  4.5880666262707E-16
  3.0173636931053E-16  1.4621931188297E-17  3.8479596761577E-21  5.0738443486361E-21
  2.4421399645357E-21  6.5071439890609E-21  2.7682183824420E-17  6.8335998847997E-17
  1.9958981351336E-17  1.4216609325832E-16  2.7914140000125E-19  2.9201766905430E-19
  2.0074954890031E-19  1.7389569622422E-21  1.5396814938855E-18  3.0019774883435E-18
  1.2482596717397E-18  6.1193108115093E-16  7.2503476933167E-18  6.5581309011201E-18
  5.5043390463498E-18  1.5294224824644E-23  6.7841658846182E-19  7.3091719572913E-19
  8.9807606482198E-19  1.8773556141407E-15  8.5717892732477E-17  8.5279403661155E-17
  7.5081326483505E-17  1.3274015472918E-24  5.9274437576758E-18  2.7814363733086E-18
  1.3204678411504E-17  2.7271605700664E-15  3.0741723565170E-16  3.8812911887895E-16
  5.4951726375899E-16  9.4390160707732E-22  6.0320121086016E-17  6.2831969377706E-18
  1.3045759601664E-16  2.2167451418268E-15  4.8982008771767E-16  7.1151964459909E-16
  1.5153073932370E-15  2.1244686999194E-19  1.7211393590564E-16  5.5123111000934E-18
  3.0518120709998E-16  1.5020491068951E-15  5.2668982332456E-16  9.7360713033678E-16
  6.3011346901529E-16  7.8797816100996E-21  1.3951881245478E-16  7.5726109405677E-16
  1.3506103540153E-16  3.4771667716736E-18  1.1349690161857E-21  2.0765094975622E-21
  9.4378369946387E-22  6.6253187117222E-20  2.9716881155968E-17  3.6434869814462E-16
  2.6799084512690E-17  1.4012085816008E-17  3.2400454337679E-20  3.8473186996239E-20
  2.5132650397640E-20  1.1003320501836E-19  8.6498661433690E-18  1.1011693826120E-16
  7.7534305614899E-18  4.9739298819746E-17  7.2345688402423E-19  5.7465923100625E-19
  5.5246715739988E-19  4.6097717693173E-20  5.8997676036495E-18  2.4069525750006E-17
  6.8331752414474E-18  1.8831002259885E-16  1.0181258450289E-17  7.9159790251829E-18
  8.4246971282581E-18  1.8755623723323E-20  1.6105167249797E-17  8.4526956340004E-18
  2.4258133416687E-17  6.0359832299319E-16  8.1202900122705E-17  9.1665924752153E-17
  7.1416867731677E-17  5.6411858872761E-20  1.0973449089126E-16  2.6996664495688E-18
  1.4882303152781E-16  1.1526971306783E-15  2.5711348017723E-16  5.4320933647354E-16
  3.6806959258041E-16  1.0677502432296E-18  3.1707317728400E-18  7.0271427797026E-16
  3.1128991227592E-18  9.1373196469070E-19  4.1034538682128E-21  5.6219455679784E-21
  3.7757033053114E-21  2.6737552154436E-18  1.1196964486224E-18  4.3322782590625E-16
  1.1005759265923E-18  1.3530907044638E-18  3.3605539351497E-20  3.0512062013767E-20
  2.8301763371404E-20  3.1039450630865E-18  1.9513953848950E-18  1.8431254829762E-16
  2.0406681885084E-18  6.2316480575024E-18  6.5765673911170E-19  5.1178714984802E-19
  5.3576247114129E-19  2.2287953166871E-18  8.3149279014591E-18  2.5838208797412E-17
  1.0983276977227E-17  3.6462058709054E-17  1.0050064641487E-17  1.1052848319212E-17
  8.1747923129223E-18  4.0395543734940E-17  2.3463726873085E-21  6.6926052601938E-16
  2.2910407037592E-21  1.8645435921436E-21  1.1765100086956E-22  1.0350282293548E-22
  1.0592630769857E-22  5.5336719692444E-17  1.6524057957054E-20  3.0634287271548E-16
  1.7515423285851E-20  2.0541275525497E-20  5.7528730425091E-21  5.1418162914445E-21
  5.1734168036902E-21  1.0919011184010E-19  1.3707987951995E-18  0.0000000000000E+00
  5.9371097700581E-17  0.0000000000000E+00  7.5750783070306E-31  9.1768136482167E-20
  3.8023048696675E-19  3.5655162514086E-18  6.6192687690311E-18  4.9877133101242E-18
  1.2004506671195E-18  6.6519748474542E-21  5.2773615920242E-19  3.4008113198417E-18
  1.6433803245671E-17  8.3164121547496E-18  7.7266798671172E-18  1.8808424432278E-23
  3.7976158912791E-19  1.6338694795235E-18  3.1908422286933E-17  9.4771952252026E-18
  3.6116725934393E-17  3.2472583891335E-30  3.9817117181102E-20  1.6907164141245E-19
  5.4947114808525E-17  7.4085607583292E-18  6.1410378364786E-17  7.4192322705803E-31
  1.7166464334855E-22  4.8253480292649E-22  8.7279695136888E-17  4.9442340963957E-18
  1.1322048372353E-17  6.3192814168945E-26  1.9649128513979E-26  2.4533928153145E-27
  7.2589931646266E-17  1.0005973717548E-18  8.5006189058659E-19  1.4957185542051E-23
  1.1818477574003E-20  5.3932778349374E-21  1.9307401146231E-17  4.5855230383185E-20
  3.4066928494684E-20  1.8633001500500E-23  1.3775826272331E-18  8.7021201268493E-19
  2.3471684246333E-18  8.4171596098773E-22  5.0417753115737E-22  3.5640367918181E-25
  1.1658658474543E-17  3.9971014169668E-17  1.2771621224270E-20  2.9490153982034E-24
  1.1844616875232E-24  7.9658083808619E-30  3.3799540661461E-17  9.1643588385760E-17
  5.6109045180750E-25  9.5109779030878E-29  1.2510843217312E-29  1.4757491808785E-29
  5.1829631566076E-17  2.5519896118653E-17  7.2159768218770E-25  2.5188358341646E-29
  1.5540948385372E-28  3.2074857108821E-24  1.0769486598611E-17  1.1193640716693E-17
  6.9914618033902E-21  6.3469145064719E-25  1.7548126917382E-24  3.4836341844453E-21
  3.5510880063039E-19  8.6647159985544E-18  2.1171831883947E-20  1.9869675758311E-23
  4.1123559662115E-23  3.3896269492183E-19  5.6656744636868E-22  1.1007678739929E-17
  2.4228106153711E-22  3.0312512520550E-24  3.8714288700332E-24  5.1910066705694E-18
  6.9394527931553E-30  1.1003306476863E-17  1.1662328728885E-29  2.4006829844612E-30
  1.9596835456178E-30  6.6224739112367E-20  4.8448868595789E-18  2.5889790949683E-18
  1.1177889678314E-17  6.8585011316557E-21  4.2042647448511E-18  1.1383513154688E-17
  1.6452407043080E-17  2.5793174997875E-20  1.0682081063030E-18  9.2285151949274E-19
  2.5648534903265E-18  8.0061724798701E-19  7.7655766185201E-21  6.8551577023006E-21
  8.7190381212448E-21  6.5701914534181E-18  1.0536287089044E-27  1.0410759625005E-27
  9.4315289672880E-28  1.1007230826407E-25  1.8885687281111E-17  1.4632715082568E-17
  3.2601116600173E-17  1.7103242577054E-21  1.8389398368430E-25  3.5754821416116E-25
  9.9331553329407E-26  1.9559428420129E-23  4.5745753847651E-18  4.9403711542278E-18
  4.6991298345171E-18  2.4599155944398E-19  7.4338196050783E-23  9.9769212525550E-23
  4.8041878441304E-23  9.2124464467853E-23  2.3940680740706E-19  5.1382524630186E-19
  1.6238400152541E-19  2.7401512918849E-18  5.2387477071880E-21  5.2714000672386E-21
  3.8236275689317E-21  1.8498202891391E-23  4.9688196359479E-21  9.6394937544868E-21
  3.7947602765834E-21  1.3483394824802E-17  1.3727278357372E-19  1.1948042111237E-19
  1.1550669075796E-19  1.1537984343476E-25  1.5482234299334E-21  1.5895407694634E-21
  2.0427809098411E-21  4.0250623862665E-17  1.6534157737485E-18  1.2334427656737E-18
  1.7006475148314E-18  8.6257357978615E-27  3.6786274401934E-20  1.6545972330532E-20
  8.1142119580792E-20  4.8546953582641E-17  5.1262909789372E-18  5.1771314870976E-18
  1.3640776278780E-17  8.1669129724956E-24  7.2530857393682E-19  6.7602473275028E-20
  1.2605650346126E-18  3.2831010394540E-17  7.1219547133401E-18  9.4964650242433E-18
  3.8171596222744E-17  2.5027149591605E-21  3.1000216904746E-18  7.2419438671835E-20
  3.5108682998695E-18  2.0794126640861E-17  6.7441494810410E-18  1.2786485800755E-17
  1.4089590096176E-17  1.6100121332691E-22  2.2768836274006E-18  7.6775477458673E-18
  2.2897342453135E-18  5.0834528313014E-20  1.9826521264597E-23  3.7129149280383E-23
  1.6198959664823E-23  1.1734263615985E-21  3.9580178736035E-19  3.7643516177019E-18
  3.6141276351173E-19  2.1895389620716E-19  5.3336760480031E-22  6.1702588175105E-22
  4.2689953597578E-22  1.6260851355283E-21  8.2037597078089E-20  1.0073263342230E-18
  7.7510138657162E-20  8.6560872870075E-19  1.1878299492653E-20  8.4408382888555E-21
  9.8188439119747E-21  5.4732747770143E-22  4.9359344604091E-20  2.0825078946429E-19
  5.6058057769457E-20  3.3419389059301E-18  1.7852706877912E-19  1.0239498485365E-19
  1.5698502462360E-19  1.9338747539094E-22  1.6860614203750E-19  8.3783275200565E-20
  2.4758931361337E-19  1.1285841441819E-17  1.4849096348721E-18  1.0643683782108E-18
  1.4989919251566E-18  5.6527828208306E-22  1.5584242760978E-18  3.1287739409775E-20
  1.7282713645296E-18  1.7633508561095E-17  3.9239067589443E-18  7.2190651993939E-18
  7.7661733939701E-18  2.4177238618415E-20  4.1022397631383E-20  8.1815859499197E-18
  4.0589717927184E-20  1.1978827551524E-20  5.0755720859768E-23  7.2964726044351E-23
  4.6749935900861E-23  5.2539298550942E-20  1.2814240230384E-20  5.6643466196733E-18
  1.2766428777677E-20  1.8144239580763E-20  4.1605890005260E-22  3.6143313801988E-22
  3.6826860608980E-22  5.1054518482629E-20  2.2374697242210E-20  2.5596460294699E-18
  2.3924263198317E-20  8.6381590215368E-20  9.3264029985208E-21  5.7798820855854E-21
  8.0764253799861E-21  3.2788627903600E-20  1.1676403837487E-19  3.8298237641319E-19
  1.4287038906556E-19  5.2893806523133E-19  1.6281962406222E-19  1.2789794839585E-19
  1.3330611519781E-19  9.4988381826390E-19  2.0049445314208E-23  9.9963925720171E-18
  1.9512746990543E-23  1.6621464667476E-23  9.5852587053916E-25  8.8224781344019E-25
  8.6150515257224E-25  1.1013669131050E-18  1.6255746135677E-22  5.0696788941751E-18
  1.6976636525575E-22  1.9717796185629E-22  5.9070714324669E-23  4.6026894764863E-23
  5.2728186582349E-23  1.3473048230456E-21  8.6941937580905E-21  0.0000000000000E+00
  7.2969388483569E-19  0.0000000000000E+00  1.6242073682609E-39  1.0700369677824E-21
  4.8957134781862E-21  2.5078486941153E-20  4.4593377543888E-20  3.4808583203117E-20
  1.7668359670800E-20  6.9049220011164E-23  6.7377545618303E-21  2.6027256347130E-20
  1.4527713154743E-19  6.8624537639052E-20  1.3527832168456E-19  1.5720094260408E-25
  3.8893485290934E-21  1.1669071372761E-20  3.4945563238944E-19  9.4848187267237E-20
  6.9613204712974E-19  8.3404679110837E-32  2.1030211601993E-22  8.9924439997650E-22
  6.8867332490080E-19  7.9622551119161E-20  1.2935102748020E-18  3.6504006003753E-32
  1.1045576295935E-25  3.8197574489850E-25  1.2124022597981E-18  5.4688377938370E-20
  1.9447116366864E-19  4.3942306600465E-28  1.2831045981743E-33  3.3137310633591E-34
  1.4408085079554E-18  1.2612592502483E-20  1.2955396181941E-20  1.3804277211973E-25
  2.9007647106239E-23  1.2810457632616E-23  3.8695681118948E-19  5.2536195565087E-22
  4.6954640756454E-22  2.2775209111931E-25  1.0325902495699E-20  7.3580700957670E-21
  3.3641646743832E-20  1.0400015221579E-23  6.8330706906143E-24  4.5081830546995E-27
  1.1455515656771E-19  4.1485539670691E-19  1.4415407230695E-22  4.1112296431498E-26
  1.6367022163661E-26  8.7927051954560E-32  3.7598808176774E-19  1.0473599010368E-18
  3.6772658517756E-27  1.5272797462531E-30  1.9385730090068E-31  1.5872880219237E-31
  7.0456613321807E-19  2.5658308169383E-19  4.8779189353702E-27  5.0112893257881E-31
  2.9229354533847E-30  4.0761809223029E-26  1.5728413338687E-19  7.9484919831037E-20
  7.1284386795108E-23  1.0281161932357E-26  2.6695779699890E-26  6.3951664477196E-23
  4.5604934987458E-21  5.6628330498171E-20  2.3765690838272E-22  2.2204605038825E-25
  4.8906301008377E-25  7.2045239961357E-21  5.0635941506144E-24  1.0961599440032E-19
  2.2755926757243E-24  2.3237542261046E-26  3.3781058158787E-26  8.1615062600915E-20
  1.0427104307811E-31  1.4476020628607E-19  1.6212281715946E-31  1.8645120746437E-32
  3.3760415194006E-32  7.3457034094293E-22  3.6950458100438E-20  3.7865427053136E-20
  8.3496610563996E-20  6.4139274266010E-23  4.1385532716874E-20  1.3075944292272E-19
  1.5825189199319E-19  2.6800311500217E-22  1.3515811020923E-20  1.2465467569019E-20
  2.0906978466036E-20  1.1256171011390E-20  8.1636556051801E-23  7.2297018249931E-23
  7.4775497293091E-23  9.2266702464015E-20  6.3189773196345E-30  6.3846674388409E-30
  5.8243202865792E-30  1.3687265037902E-27  2.4089081666493E-19  1.2267320290298E-19
  4.4459444088607E-19  1.6987949936715E-23  3.0861666819770E-27  5.4918346308402E-27
  1.6262437125105E-27  2.6498436648569E-25  5.0234356030997E-20  3.8509716390995E-20
  5.3821194532407E-20  3.1783125927120E-21  1.0810233451298E-24  1.3875097246881E-24
  6.8583772747040E-25  1.0244195394639E-24  1.6257737620347E-21  3.0474382425330E-21
  1.1184977543571E-21  4.3980250162066E-20  6.8141355090709E-23  6.7710098738000E-23
  5.4950222038684E-23  1.6423075602821E-25  1.2779369863347E-23  2.4767603018116E-23
  9.3955401321748E-24  2.4492985502096E-19  1.8813072355985E-21  1.4755002560139E-21
  1.7879147020120E-21  8.1875097820700E-28  2.7111876089455E-24  2.5526049962395E-24
  3.6232715023144E-24  6.9728795827131E-19  2.3247236829787E-20  9.6124541618777E-21
  2.9359743916683E-20  5.7594798400227E-29  1.8761551316427E-22  7.9776399278311E-23
  4.1805541484962E-22  6.0127201303698E-19  6.3246267141667E-20  4.4688244293463E-20
  2.5932539590053E-19  6.6428034046213E-26  6.4070052540234E-21  5.9770590948350E-22
  9.1964360254298E-21  3.6724394308127E-19  7.6074099521028E-20  9.3086371658849E-20
  6.0062814190669E-19  2.5047194068529E-23  3.8695353706110E-20  7.7612808730777E-22
  2.7773627836370E-20  2.0364632931999E-19  6.3491676157356E-20  1.1536728866985E-19
  2.2337909177368E-19  2.4569543231222E-24  3.0401176851047E-20  5.4890733918055E-20
  2.9440592230784E-20  5.9335940642412E-22  2.7560644692371E-25  5.2607102371299E-25
  2.1821456665900E-25  1.7146399428276E-23  4.5757569744052E-21  2.8929411407689E-20
  3.9429146845927E-21  2.8952739833213E-21  6.9915261294702E-24  7.7253792395356E-24
  5.4778912612598E-24  1.9362238114237E-23  6.7789376206308E-22  7.4720382588029E-21
  6.6272273416970E-22  1.1903514563877E-20  1.4913497283440E-22  9.4689493664950E-23
  1.4171774126535E-22  5.5147889073655E-24  3.4056536113410E-22  1.3686287085873E-21
  3.8459021380271E-22  5.0134237610910E-20  2.5759454327229E-21  7.9236007721444E-22
  2.4687376610986E-21  1.7663386739789E-24  1.3834592024534E-21  6.6601797631365E-22
  2.0214666712177E-21  1.5745304834041E-19  2.1344300333967E-20  6.9699498967005E-21
  2.5485176304748E-20  5.0247628405330E-24  1.6459149496865E-20  2.9789454519699E-22
  1.6090208396734E-20  1.9100241424660E-19  4.4149318681485E-20  5.8850709819682E-20
  1.1292684415005E-19  4.5022830202094E-22  4.4840089980479E-22  7.0066950131873E-20
  4.3175294193244E-22  1.3399921803716E-22  5.1189910025176E-25  7.8080032587638E-25
  4.6635369318943E-25  8.5391555858812E-22  1.2303277362530E-22  5.2599097046333E-20
  1.2165996987179E-22  1.9906298892869E-22  4.1229541709122E-24  3.3312281891766E-24
  3.7461947439243E-24  7.0770012816160E-22  2.2257018365859E-22  2.7646543995214E-20
  2.3452660112000E-22  9.4721084575420E-22  1.0838945126182E-22  4.9352966860094E-23
  9.8492205732771E-23  3.9345273640858E-22  1.3498697283595E-21  4.6605963638206E-21
  1.6024406931864E-21  5.5603262948619E-21  2.1277935782329E-21  9.6184812203264E-22
  1.8300179755179E-21  1.7469338522267E-20  1.6274580324109E-25  1.1669521544556E-19
  1.6112448894041E-25  1.3941181930043E-25  6.8855885641740E-27  6.8674082241008E-27
  6.5942606025880E-27  1.8089016725041E-20  1.3577641802892E-24  6.6259409566541E-20
  1.3913459938358E-24  1.5908923577327E-24  4.8590367795759E-25  3.4672368175476E-25
  4.3563518455109E-25  1.5572725148275E-23  3.4736210323474E-23  0.0000000000000E+00
  6.7168773549205E-21  0.0000000000000E+00  2.1928322534993E-41  1.1167361385017E-23
  5.5190587277803E-23  1.0228461158691E-22  1.9140248055695E-22  1.4791247814998E-22
  2.0850687042878E-22  5.6428609185017E-25  6.6115290655167E-23  1.3679596096329E-22
  7.6465421312303E-22  3.9328304178188E-22  1.6979402042874E-21  1.1512316649561E-27
  3.1752627314719E-23  6.7225042623208E-23  2.7285515803379E-21  6.3563938835727E-22
  8.2964074683546E-21  1.9422140859738E-33  1.0202654172740E-24  3.8474896163473E-24
  6.3195638839509E-21  6.5186051869224E-22  1.6623481299239E-20  5.3863614233948E-35
  9.1650462245098E-29  3.6591955269844E-28  1.2982296797221E-20  4.4620319152032E-22
  2.2618952719781E-21  2.7156258350426E-30 -1.5476628014431E-36  1.6212856674556E-35
  2.0133501091134E-20  9.1463248567829E-23  1.2968197232023E-22  1.0085613999290E-27
  6.9039165756427E-26  2.9326734918178E-26  6.3769706385782E-21  4.0099418612223E-24
  4.5274770475851E-24  2.0607528385907E-27  5.8582866561095E-23  4.8088517948922E-23
  3.1424180789460E-22  8.6936613100246E-26  6.3225450302032E-26  4.2631717243787E-29
  8.5166978238275E-22  2.5739819565169E-21  1.1133935892001E-24  3.7870786430037E-28
  1.4330145268641E-28  7.1224478367272E-34  3.0838548950037E-21  9.8106988437589E-21
  2.0376914709815E-29  1.5483748867914E-32  1.9891632169619E-33  1.3052591669107E-33
  6.7902169694775E-21  1.8165806166254E-21  2.7052140782361E-29  6.8688855774877E-33
  3.7379221979409E-32  3.7192592826742E-28  1.7896501018131E-21  3.4647268730735E-22
  5.5160706327182E-25  1.3223574796649E-28  3.5514459671752E-28  8.3585955147782E-25
  4.5946358444266E-23  2.4113621100680E-22  2.2525233042288E-24  1.8997542322108E-27
  5.2085922291478E-27  1.3063292537297E-22  4.3324134888501E-26  7.9255999316993E-22
  1.9581991836667E-26  1.5255046550992E-28  2.7391479967528E-28  1.0508765232025E-21
  3.1108674275346E-35  1.3997765079331E-21 -1.1760879399237E-33  4.8883174743878E-36
 -4.3754551208965E-34  6.8920950746565E-24  1.8622061047425E-22  4.2608280746031E-22
  4.1557289728153E-22  5.2829884230521E-25  3.1258078977305E-22  9.2449966605194E-22
  1.0822388119922E-21  2.4361021694351E-24  1.3868318600871E-22  1.2421235075466E-22
  1.0380506159881E-22  1.3018169222388E-22  6.8020394244759E-25  6.6464300977983E-25
  4.7765661761424E-25  1.0430840017468E-21  3.8679178244354E-32  3.9277978031059E-32
  3.6690876873736E-32  1.2274763105120E-29  2.3411931305404E-21  7.8546508358192E-22
  4.4888042674734E-21  1.2436859295893E-25  3.7627073199612E-29  6.4247061783319E-29
  1.9814591926338E-29  2.9158882812039E-27  4.3620296115643E-22  2.2431855934558E-22
  4.3408122779502E-22  3.0177859380535E-23  1.1306159648936E-26  1.3772603324742E-26
  7.0636634596081E-27  9.0959848901088E-27  9.7593944163530E-24  1.4891633494818E-23
  6.4904565451666E-24  5.7714597214342E-22  6.6783124025733E-25  6.1025333475048E-25
  5.8451039918504E-25  1.2139186072687E-27  3.1749322793518E-26  5.7034484298809E-26
  2.0611470317029E-26  3.6215052826047E-21  1.8870191835420E-23  1.0403277898641E-23
  1.9279108300829E-23  5.4589346111877E-30  4.7952590841390E-27  4.4934100985272E-27
  6.8703362219436E-27  9.5716532605646E-21  2.4213404298972E-22  4.9957835147582E-23
  3.7619413612365E-22  3.7655935547873E-31  7.8069685622330E-25  3.2287801539096E-25
  1.7141648801883E-24  6.0003213185223E-21  6.1112058260382E-22  2.6425322798362E-22
  3.4028705840505E-21  4.5721035026347E-28  4.6357872957334E-23  4.7720746300047E-24
  5.1826926553740E-23  3.1373348355891E-21  6.4602135999846E-22  6.5234565777974E-22
  5.6712228631023E-21  1.9729514065463E-25  3.3749705742950E-22  6.8558944771420E-24
  1.7194172423505E-22  1.3839019229344E-21  4.1380723814074E-22  7.6233717035692E-22
  2.3184744517765E-21  2.8870733411669E-26  3.3479433398144E-22  2.5316141829632E-22
  3.1628363620468E-22  5.8599097704165E-24  3.0409754231222E-27  5.9764535617642E-27
  2.4594948528335E-27  2.1179951869434E-25  4.1050478695232E-23  1.7633743389147E-22
  3.4150488380137E-23  3.3009902356507E-23  6.7700250272284E-26  8.0470363961904E-26
  5.5045605365595E-26  1.9500828742900E-25  5.0780790028745E-24  4.4073234685613E-23
  4.6205868044028E-24  1.3718107210091E-22  1.5180746055259E-24  8.0657811826338E-25
  1.4530494885133E-24  4.8630932910010E-26  2.0745419368601E-24  8.0785454922460E-24
  2.3138248390606E-24  6.0926266401340E-22  3.0424064789188E-23  3.6670472495304E-24
  3.1598600973916E-23  1.3824742876779E-26  9.2055384147293E-24  4.1453394574432E-24
  1.3589272238238E-23  1.4892142276138E-21  2.3405103064286E-22  2.5761899288868E-23
  3.3076564934843E-22  4.0413365601935E-26  1.1734914280234E-22  2.3617666266890E-24
  1.1612506424403E-22  1.4129314926912E-21  4.1849403634373E-22  3.2154499566858E-22
  1.1045899231305E-21  6.8635990267097E-24  3.9251296164536E-24  4.2462883686578E-22
  3.8851124317450E-24  1.2935974912076E-24  4.2200783989331E-27  6.8815426104366E-27
  3.6523701241680E-27  1.0729759149525E-23  1.0460967865274E-24  3.8151498993506E-22
  9.4695136008818E-25  1.8265964916521E-24  3.6761548995238E-26  2.5673160691145E-26
  3.1362701357096E-26  7.7925119546707E-24  1.7739004237935E-24  2.2296019005070E-22
  1.9669921145228E-24  8.4483711878357E-24  9.8626772199447E-25  2.7665896918057E-25
  9.5976002278487E-25  3.9672693174354E-24  1.2063958593739E-23  4.7564779041901E-23
  1.4695317101685E-23  4.0500686676391E-23  2.1598675041845E-23  4.2828750158892E-24
  2.0141927199368E-23  2.6943661022403E-22  1.1033857791745E-27  1.0267517521453E-21
  1.2075813433970E-27  1.0675108068611E-27  4.2476040370736E-29  4.5116039988824E-29
  4.4379188964518E-29  2.3749339740936E-22  1.0114731699624E-26  6.4398435623561E-22
  1.0758526706115E-26  1.1332532478943E-26  3.5199213713339E-27  2.1920453118057E-27
  3.3952599534523E-27  1.4916290536998E-25  6.9750174660107E-26  0.0000000000000E+00
  4.9705978709836E-23  0.0000000000000E+00  1.8282295914095E-43  1.0124330301165E-25
  5.1467005705019E-25  2.3503889794274E-25  4.6127698251063E-25  3.5220987249874E-25
  2.0527860645223E-24  4.6322453989228E-27  4.9288231395830E-25  4.9057039800924E-25
  2.9355656749029E-24  1.4010396131296E-24  1.6897093197704E-23  7.6180355894111E-30
  1.8806100887530E-25  3.0567677935223E-25  1.4764667070368E-23  3.4374987284602E-24
  6.5719169741863E-23 -2.5683395227696E-36  4.2252618556885E-27  1.5315134086624E-26
  4.3889006025298E-23  3.9658514632442E-24  1.3290083488332E-22  1.0778713437587E-36
  1.2444222958351E-31  5.4038337859300E-31  1.1352342492542E-22  2.7779549192298E-24
  1.7120620025330E-23  1.4326688233709E-32 -2.9164572377087E-37 -2.0165789224574E-37
  2.4304822348658E-22  4.5269605015222E-25  8.8407961010180E-25  5.5368762349953E-30
  1.7345794774154E-28  7.2958983820674E-29  7.8455963374709E-23  2.3276355505590E-26
  3.4142774098241E-26  1.3134489767919E-29  2.8935671222680E-25  2.4851319711331E-25
  2.2073998115686E-24  5.6130098854653E-28  4.5531681914337E-28  2.7724012798859E-31
  4.8509684950270E-24  1.2661227329317E-23  5.6527822811630E-27  2.6149679802690E-30
  9.2782767602287E-31  4.8162843024107E-36  2.0470027550041E-23  7.2604644400228E-23
  8.7735957042468E-32  1.1533777752422E-34  1.4399551192275E-35  8.3024448829335E-36
  5.4091928397666E-23  9.7861715322521E-24  1.2257404151632E-31  6.2958269555700E-35
  3.4863963931630E-34  2.3923565164995E-30  1.6573593911645E-23  8.3605129531999E-25
  3.0655651176531E-27  1.3106973291043E-30  3.5802742373097E-30  8.1337090445830E-27
  3.9641734612658E-25  5.9319983740695E-25  1.8677115321358E-26  1.1827897650835E-29
  4.7779400374115E-29  1.8098937178875E-24  2.9055064268304E-28  4.1669611417968E-24
  1.5182664086082E-28  7.4828262527406E-31  1.8257654512320E-30  1.0019752799561E-23
 -1.1114320159045E-35  1.1168873133722E-23 -1.2303426984947E-35 -1.5311800921137E-36
 -2.0456485118628E-38  5.5806198637546E-26  6.1379324865814E-25  3.7936477489405E-24
  1.3576742313972E-24  3.6769763058943E-27  1.7666973734184E-24  4.8222257580740E-24
  5.8238982483631E-24  1.7994193183349E-26  1.1705520538778E-24  9.1005180348022E-25
  3.3100360085706E-25  1.2121909292272E-24  4.7578539224419E-27  5.0228136751254E-27
  2.2034992746398E-27  9.5868324124477E-24  2.2408246586066E-34  2.0345515224465E-34
  2.1351449571648E-34  8.3473629817142E-32  1.7339481437858E-23  3.3728997388648E-24
  3.1987099236969E-23  6.6275831449218E-28  2.8681721468282E-31  5.5302576908078E-31
  1.5006314505931E-31  2.1822246683767E-29  3.0180147176768E-24  1.0353615196637E-24
  2.4166802386902E-24  1.9973338088086E-25  7.5711030984143E-29  1.0103417303336E-28
  5.2614963513340E-29  6.2557139125701E-29  5.1923674678468E-26  6.0777034377745E-26
  3.1393884149568E-26  6.2875706653309E-24  4.1463179899904E-27  3.8469052808655E-27
  4.3571002231065E-27  7.1475441135905E-30  8.0429895128331E-29  1.4351694215810E-28
  5.3977821638601E-29  4.5572292511666E-23  1.2957386079230E-25  4.9657690136604E-26
  1.5443086295787E-25  3.0012364008195E-32  9.3789503036169E-30  8.9054909206646E-30
  1.4744090201937E-29  9.5282792504038E-23  1.8541252265132E-24  1.9410537834805E-25
  3.2642808146645E-24  2.0989788554978E-33  2.9887383775640E-27  1.2819322290752E-27
  7.0269670558164E-27  4.5363421825476E-23  4.2989648373987E-24  1.1103248388083E-24
  3.0477207451192E-23  2.8981810195137E-30  2.4841754147936E-25  3.1309771338456E-26
  2.4771579296538E-25  2.0132997007732E-23  4.3600985363678E-24  3.3937260908165E-24
  3.7792987846233E-23  1.5482573114417E-27  1.9960323951140E-24  5.3062519298073E-26
  8.0023400818810E-25  6.8024495352854E-24  2.0453142625860E-24  3.7279353628696E-24
  1.6671790074162E-23  2.5054382589598E-28  2.9311909728991E-24  7.4560373953490E-25
  2.5304348898076E-24  4.3974855627123E-26  2.4537181748395E-29  5.1602566561739E-29
  1.9031397317222E-29  2.0959407155307E-27  3.2845970916887E-25  7.8391602393360E-25
  2.4413585407606E-25  3.0145005282547E-25  5.2829414719653E-28  6.0051736993212E-28
  4.5085306945692E-28  1.5645117279315E-27  3.2514868931696E-26  2.2342284809827E-25
  2.8124510351729E-26  1.3457151832703E-24  1.2024814210517E-26  4.8389196032980E-27
  1.2327214569064E-26  3.5537738169920E-28  1.1037259245108E-26  4.2186452483897E-26
  1.2520980162394E-26  6.0680180533946E-24  2.7049965536215E-25  1.0967801472343E-26
  3.0102715422894E-25  9.3422126524752E-29  4.7274965456183E-26  2.5615120565841E-26
  8.5386741426167E-26  1.0089290206369E-23  2.1851391006139E-24  6.4303246795073E-26
  3.2519751652687E-24  2.7792476422158E-28  6.0758091331477E-25  1.6602001652716E-26
  6.8892155106291E-25  7.3985357997237E-24  3.0367871514727E-24  1.2400564342684E-24
  7.0991044622897E-24  8.6662109006340E-26  2.9076569450110E-26  1.7854468345012E-24
  3.0851919981166E-26  1.0671618910769E-26  2.4994172668021E-29  5.1320577290889E-29
  2.2109577322805E-29  1.1584382171346E-25  7.2041020952904E-27  2.2814810881520E-24
  6.8843523881054E-27  1.4011493125175E-26  2.5279672203206E-28  1.5793788696394E-28
  2.2833049010556E-28  7.4135598541287E-26  1.2883390603854E-26  1.5421710780380E-24
  1.3474019841143E-26  6.3838349210987E-26  7.8367557981817E-27  1.1263492079903E-27
  8.2597902004756E-27  3.3930860245410E-26  7.9953996463206E-26  3.8647660797085E-25
  1.1780113021466E-25  1.9982566558814E-25  1.9026635020311E-25  1.0075605593780E-26
  1.8416601748099E-25  3.2285150914016E-24  7.4079087327881E-30  7.0550437323449E-24
  7.3121970205604E-30  7.5017245760940E-30  2.4313548792600E-31  2.6707437089523E-31
  2.2390290473277E-31  2.5112369309365E-24  7.1474219127486E-29  5.2709109632115E-24
  6.8759095371060E-29  7.2273297295803E-29  2.3224058474043E-29  1.2290638236436E-29
  2.1696674543100E-29  1.1777780921771E-27  5.2955020030083E-29  0.0000000000000E+00
  2.7530738007873E-25  0.0000000000000E+00  9.3811299370869E-46  7.8465769857355E-28
  3.7662948015153E-27  2.5190792679807E-28  5.3119980177565E-28  3.9637619936241E-28
  1.5894734024218E-26  3.2979765735529E-29  2.9824899896659E-27  1.2106752207921E-27
  7.8958295278107E-27  3.4749001552314E-27  1.1934226375920E-25  4.5987186825956E-32
  8.0881331562990E-28  1.1296005210896E-27  6.7273482023916E-26  1.4356873835540E-26
  3.8140918782711E-25 -1.3422138950699E-38  1.5750395835723E-29  5.0435279905230E-29
  2.6044528691325E-25  1.9435378788269E-26  6.6441163561775E-25 -1.7731410980308E-37
  2.2116761400430E-34  9.8417686607387E-34  8.0697199985867E-25  1.2902753145374E-26
  9.6668583412454E-26  6.2213198915529E-35  1.2611896688216E-39  2.5683536930959E-39
  2.2149308064136E-24  1.8338275977493E-27  5.4446335294375E-27  2.0033806575984E-32
  5.0199204244660E-31  1.7724833273014E-31  6.7049969257994E-25  1.0676336032348E-28
  1.7838343045367E-28  4.8557959562138E-32  1.2732467718673E-27  9.1315523312774E-28
  1.0280107168552E-26  2.8867461941753E-30  2.1003362899821E-30  1.3944171804620E-33
  2.3996468566224E-26  5.4408769758727E-26  2.6291491520922E-29  1.3537923713814E-32
  4.7813016936091E-33  2.1278006401535E-38  1.0930475489523E-25  3.8078571049342E-25
  3.3322613551070E-34  6.0993738764658E-37  7.0149260344757E-38  3.9147580940362E-38
  3.3744438290455E-25  3.9809185290966E-26  4.4787761138786E-34  3.5101092090758E-37
  2.1042045135614E-36  1.3307694382456E-32  1.1584697043400E-25  1.1018275193008E-27
  1.4627227454532E-29  7.1933006877969E-33  2.8688281376299E-32  5.7627708252142E-29
  2.8964217218895E-27  7.2876662376425E-28  1.3452049543462E-28  4.7069149423719E-32
  3.7160789272452E-31  2.0080052150774E-26  2.0119640410613E-30  1.7673413745469E-26
  1.0509048505719E-30  2.8831424331321E-33  1.1464981322014E-32  7.8448044441573E-26
  3.6620289205445E-38  6.8365760935774E-26 -1.2939619257015E-37  4.4935897867550E-39
  1.0423511595529E-37  4.0816594145902E-28  1.2639473747376E-27  2.4273733827449E-26
  2.8882529567148E-27  2.3474052887775E-29  8.3366293223460E-27  2.0939180586067E-26
  2.3318689783649E-26  1.2635890646867E-28  6.7003113692133E-27  4.2205119620358E-27
  7.5686933091981E-28  9.5099051442844E-27  3.3057075190719E-29  3.3544743662444E-29
  8.0004455780907E-30  7.0331700669585E-26  9.5405845128538E-37  8.5846591846905E-37
  8.8755194842545E-37  4.2168003801519E-34  1.0981063312050E-25  1.1537977007641E-26
  1.6924274475582E-25  2.8784711037340E-30  1.5656105395175E-33  3.3278314603982E-33
  8.5687988984533E-34  1.2132452492623E-31  1.6307968449542E-26  3.7645140901449E-27
  1.0699132196879E-26  1.1414451478373E-27  3.9577371589482E-31  5.9792863686857E-31
  2.8062603496153E-31  2.7321825350673E-31  2.4125878918608E-28  2.0016924406981E-28
  1.1620636265555E-28  5.3031147229431E-26  1.9674669317579E-29  1.7150408737020E-29
  2.1251472598703E-29  3.3084519665765E-32  2.3564986888862E-31  3.9091874660744E-31
  1.4931331943889E-31  4.3146185971840E-25  6.5827164622256E-28  1.8697767179425E-28
  9.5846446418147E-28  1.4969924649951E-34  2.2260005904916E-32  2.1592117219061E-32
  3.7767737982042E-32  7.4957735979270E-25  1.0497318489685E-26  5.8614124601235E-28
  2.1666313123074E-26  1.0922119629450E-35  9.6500503770982E-30  5.3043398329410E-30
  2.5359503852224E-29  2.7912478458004E-25  2.5020243412701E-26  3.6204854241991E-27
  1.7728315750243E-25  1.7634379714321E-32  9.2408237766177E-28  1.4687102082807E-28
  1.0363195231380E-27  1.0377387994022E-25  2.0858695102610E-26  1.2652273466867E-26
  1.8072555124560E-25  9.6835836173435E-30  9.7479600342924E-27  3.1620663270991E-28
  2.7617136812756E-27  2.4261618704711E-26  7.5611032735049E-27  1.2583906971780E-26
  8.8693264793087E-26  1.5325470639936E-30  2.3318424786556E-26  1.4059945642715E-27
  1.6594225134628E-26  2.8983088703463E-28  1.2955666846056E-31  3.7623194958128E-31
  9.7381392151963E-32  1.6651565445516E-29  2.3731677486176E-27  2.5837576699012E-27
  1.3309810633235E-27  2.3231050901204E-27  3.1236490519561E-30  3.3706710297721E-30
  2.6527356064050E-30  1.1023675381420E-29  1.9420409578966E-28  8.5106523004052E-28
  1.3506372456017E-28  1.1251020283710E-26  7.4891255484343E-29  1.7468602359581E-29
  8.1216392863000E-29  2.1736325801562E-30  5.1360908497097E-29  1.9845715231530E-28
  6.2810537052310E-29  4.8191056550676E-26  1.9030178631510E-27  2.1453557487889E-29
  2.2498422854079E-27  5.8266250228233E-31  1.6468047882589E-28  1.4977885467459E-28
  4.3172987888830E-28  4.7287362280847E-26  1.4518961696723E-26  9.0460816251653E-29
  2.1403620175225E-26  1.6646156903178E-30  2.4028324203150E-27  1.0328507203812E-28
  3.2922445251461E-27  3.0249359619096E-26  1.7450862292116E-26  3.3022591425329E-27
  3.6342011787658E-26  8.4157162076550E-28  2.1133284716434E-28  5.4420154832993E-27
  2.0800960836637E-28  7.3115215255305E-29  1.0662505232437E-31  3.3669856976127E-31
  9.7022761873652E-32  1.0016418457920E-27  4.5455368323560E-29  1.0935768734033E-26
  4.0398233671141E-29  9.4829505035934E-29  1.4722755278410E-30  8.6107237648362E-31
  1.3434463184529E-30  5.4619631605021E-28  7.3334649708840E-29  8.5817003423379E-27
  8.6767830645533E-29  3.8666773683939E-28  5.4955754189371E-29  3.1633546977487E-30
  5.8873990204908E-29  2.3060144536622E-28  4.6152592939483E-28  2.5001736459205E-27
  8.7592677055147E-28  6.9236206778418E-28  1.4807568441732E-27  1.2566799333128E-29
  1.3971697900081E-27  3.0962636532950E-26  4.4959944334339E-32  3.8056275766221E-26
  3.9154596433244E-32  4.3713508578149E-32  1.0872275112750E-33  1.5227808115159E-33
  9.9133611059729E-34  1.9547733382585E-26  4.0676237948122E-31  3.2793882889143E-26
  4.2569912715701E-31  3.7964882008919E-31  1.3249413748464E-31  5.3264590077807E-32
  1.3108535921451E-31  7.3849712409321E-30  7.2403075599545E-33  0.0000000000000E+00
  1.3608329810449E-27  0.0000000000000E+00  4.6767235258620E-48  4.3473886781059E-30
  2.2235192132941E-29  9.7800717711856E-32  2.2392036482764E-31  1.6806713445006E-31
  9.2167109133831E-29  1.9242558648970E-31  1.5040792109718E-29  2.0714334288038E-30
  1.4093645446676E-29  6.3549144291179E-30  5.6858162404608E-28  2.6253588008951E-34
  2.8932711809031E-30  3.5108095096036E-30  2.4520486173777E-28  4.7936102277793E-29
  1.7658550882888E-27  1.1019515849556E-39  4.3769510417107E-32  1.6645745055967E-31
  1.0526240513344E-27  7.6262550270442E-29  3.3773100209653E-27  7.9333611668723E-41
  4.8228274181162E-37  2.5048755794653E-36  4.3093872013948E-27  4.8861553650989E-29
  4.2757443893442E-28  2.0879234035038E-37 -4.7037956595983E-41  2.3999598512041E-41
  1.3690780200755E-26  6.3935808674068E-30  2.7093441017871E-29  4.7620899471644E-35
  1.5029118165840E-33  4.4533638397995E-34  4.1862231872461E-27  3.9652630040428E-31
  8.0742435026989E-31  1.2107110978656E-34  4.5287874239194E-30  2.8637386170972E-30
  5.2128738161767E-29  1.1925031305915E-32  9.3794695889389E-33  4.4396191395553E-36
  9.3992716345743E-29  2.1203237489006E-28  1.0927772535694E-31  5.7579074484198E-35
  2.1207280605126E-35  7.2641871617582E-41  4.8571118628199E-28  1.8885577936721E-27
  1.0542290595944E-36  2.7166093470710E-39  3.2511365953368E-40  1.4636357553021E-40
  1.5963871603371E-27  1.2655228063477E-28  1.3565152868257E-36  1.5252858496791E-39
  1.0151032905433E-38  6.1092119858067E-35  6.5014922085510E-28  6.7316436744457E-31
  5.7215112020902E-32  2.5783482525858E-35  1.7520576587029E-34  2.6221020413844E-31
  1.9829233140272E-29  3.7093843132889E-31  7.6300198060024E-31  1.1355462568080E-34
  2.1204015557027E-33  1.4809419986441E-28  1.0717114523082E-32  5.0054488138013E-29
  6.1899726967496E-33  6.9486394571422E-36  5.6025688163749E-35  5.1668739557342E-28
  2.1941264849401E-39  3.3937810167847E-28 -2.1223836906477E-39  2.0218367691147E-40
  4.1650492128472E-40  2.5238173300845E-30  1.7057355806567E-30  1.2112044509952E-28
  4.0924833350466E-30  1.2621220873033E-31  3.4388727405015E-29  7.9238430077098E-29
  7.2715488975223E-29  6.8318392307502E-31  4.0478775496161E-29  1.8103664078110E-29
  9.6441721962103E-31  4.6863233787662E-29  2.0313865708351E-31  1.7794360509251E-31
  1.9044370859080E-32  3.7710896869451E-28  5.9252740302502E-39  5.5449584764699E-39
  4.6336029939069E-39  1.7012152870645E-36  5.4933728736067E-28  2.8863268561246E-29
  6.8566028449842E-28  1.0807704121602E-32  6.4779323310604E-36  1.6558634982713E-35
  3.3012333968759E-36  4.0869510904055E-34  7.7388176785500E-29  1.0887270656654E-29
  3.6765197995585E-29  5.1952130746710E-30  1.5534624698761E-33  2.6467370511537E-33
  1.0159552769124E-33  8.5306766182880E-34  1.2260841685004E-30  6.4332351406903E-31
  3.6178328925419E-31  3.2712348777117E-28  8.2370558996420E-32  6.7185177350125E-32
  9.8172947930746E-32  1.0976711132719E-34  6.4432644883829E-34  1.2066963190901E-33
  3.8702897955518E-34  2.6597936173008E-27  2.5630132906123E-30  5.5090400282406E-31
  4.5490682192862E-30  5.9873249058678E-37  5.4603099876123E-35  6.2930514165838E-35
  1.0669973531984E-34  4.1678146637573E-27  4.3730119529645E-29  1.4578357760242E-30
  1.0843033505061E-28  4.9226657431041E-38  2.5716530244304E-32  1.9648362803955E-32
  9.0392563521104E-32  1.2836075998799E-27  1.1947982935593E-28  9.4606205292006E-30
  8.1242628780154E-28  9.0584537550606E-35  2.9265941027928E-30  6.0397591085765E-31
  3.6181265711173E-30  4.0633050224634E-28  8.7690383701815E-29  4.1004581908702E-29
  8.1199489524581E-28  5.3599086745162E-32  4.0541098587278E-29  1.6446520740148E-30
  7.8990191980190E-30  6.3111315771935E-29  2.2940253128276E-29  3.3199621336045E-29
  3.4357219513724E-28  6.8538487605179E-33  1.6176383795960E-28  1.5505467695385E-30
  8.3264047294359E-29  1.5380327234575E-30  3.9773800964393E-34  2.0510826455149E-33
  3.3411657283211E-34  9.6543115312223E-32  1.5271071585820E-29  7.6840479830140E-30
  5.0531259797134E-30  1.4266323812397E-29  1.1664970915152E-32  1.5781426627460E-32
  1.0186031634870E-32  5.7083329364154E-32  9.9127397811745E-31  3.2087415343605E-30
  5.3438263283290E-31  7.2294130459421E-29  3.5452377001568E-31  5.2562765231968E-32
  4.0782139122877E-31  1.1431191536859E-32  1.6686591752255E-31  8.9811061417668E-31
  2.8241529465553E-31  2.6724035966436E-28  1.0723069441991E-29  2.7278792633597E-32
  1.1530372604254E-29  2.8014364615646E-33  5.1697114000034E-31  8.4378194814258E-31
  2.2943990529934E-30  1.6452446181149E-28  7.9521075809561E-29  5.9973450210371E-32
  1.0518367296689E-28  9.0030157376562E-33  8.4714245141856E-30  5.2212195184344E-31
  1.2967894223335E-29  9.6837746270640E-29  8.4171465125670E-29  6.3964072965956E-30
  1.3734570028381E-28  5.7698641671391E-30  1.3488074118153E-30  1.3167421170490E-29
  1.0713885891991E-30  4.6275998801937E-31  2.8665741313940E-34  2.0031997774573E-33
  2.6273775461610E-34  6.5774105883359E-30  2.6141611299700E-31  4.2434807972838E-29
  2.1249512675824E-31  5.5511107659318E-31  7.2985162647292E-33  3.7416248010097E-33
  6.6561442877904E-33  3.3520821329098E-30  3.8639724207947E-31  3.5038319195558E-29
  4.7500483948176E-31  1.8850767752937E-30  3.2930441446755E-31  5.3371341753851E-33
  3.5165295816378E-31  1.3856303875210E-30  1.8091458654754E-30  1.4262396794965E-29
  5.4172554690014E-30  1.8049224382562E-30  1.0227419925578E-29  7.1754531465281E-33
  7.7923168849107E-30  1.9929896831714E-28  2.3770713719934E-34  1.5694533826740E-28
  2.1626538982940E-34  2.2044517611379E-34  4.0825883836674E-36  7.0848153762450E-36
  3.8019659424696E-36  1.0360069744725E-28  2.1443389101367E-33  1.7071180643565E-28
  2.2529772140913E-33  1.7600440760996E-33  6.5426668347211E-34  2.0434541909044E-34
  6.4275193581974E-34  3.5005401172402E-32  6.5835654612975E-39  0.0000000000000E+00
  4.9503231554380E-30  0.0000000000000E+00  5.1231856916438E-43  2.3923779839817E-32
  1.0301911236799E-31  1.0872668664411E-35  3.3976495878582E-35  2.1169088864829E-35
  3.9373744776519E-31  9.2878472294136E-34  6.2585817534545E-32  2.7617897238213E-33
  1.8038171186223E-32  8.9309056863140E-33  2.2174528873443E-30  1.3151744633507E-36
  8.6836142277797E-33  9.5369947915950E-33  6.4869297885710E-31  1.3078751555257E-31
  7.0606939620117E-30 -1.6158063256679E-41  1.0882419456347E-34  4.5120000516508E-34
  3.9825578985640E-30  2.4497616578319E-31  1.3502361604129E-29  5.2854743163386E-42
  1.0286243810127E-39  7.2465711743321E-39  2.0279371077772E-29  1.5369946628018E-31
  1.6135103339811E-30  4.0406960857049E-40  1.9094934774523E-43  7.9648163619996E-44
  5.7750189212922E-29  1.8828126187347E-32  1.0398590945692E-31  6.1125786148000E-38
  4.2985215254096E-36  1.0238840989984E-36  1.4820804384954E-29  1.1668246709205E-33
  3.1372973483232E-33  2.2157039257364E-37  1.5022174516151E-32  7.4884769928389E-33
  2.0606247551854E-31  4.0168105897725E-35  2.8816267938945E-35  1.2631503389391E-38
  3.2551770943990E-31  7.8260736401095E-31  3.7042544545853E-34  2.1506606307336E-37
  6.9368096920505E-38  2.2846957568932E-43  1.6335963089118E-30  7.0273997456109E-30
  2.9887105178857E-39  1.1168808825646E-41  1.3013421117335E-42  4.3945948428236E-43
  7.1371891106300E-30  3.2897808672020E-31  3.7677871277358E-39  5.6476420937839E-42
  4.2668900262550E-41  1.9228668867350E-37  3.4513981106040E-30  2.0706549756138E-34
  2.2850828203152E-34  6.7611655711985E-38  8.3788443848047E-37  1.0800264364199E-33
  1.1312765415268E-31  7.7095169402589E-35  4.0973835843803E-33  1.6115618910306E-37
  1.1719687364001E-35  6.8478911626241E-31  4.5938982058363E-35  1.0548802309399E-31
  3.5162858516187E-35  9.8381419508711E-39  2.4967947063834E-37  2.5359562889679E-30
 -2.5317763139267E-41  1.2481509756958E-30 -6.9663753244951E-42 -1.7847980833020E-42
  4.5271523637661E-43  1.2016177407098E-32  1.6339673644032E-33  5.0703313921540E-31
  3.8241622790246E-33  6.0007598817688E-34  1.1120022034015E-31  2.6088828336305E-31
  1.8238507982228E-31  3.2863034242477E-33  2.0275319492005E-31  5.7229607146265E-32
  9.9304780388995E-34  2.1249293624165E-31  1.2620227185094E-33  9.3382422338876E-34
  4.1792097745602E-35  1.7353216188779E-30  2.4110254219108E-41  2.2872089301556E-41
  2.5321339047381E-41  4.8549379718784E-39  2.2527108517645E-30  6.1639812824256E-32
  2.6011234032507E-30  3.3392573059909E-35  1.9087704997193E-38  6.8691017026008E-38
  1.1144844770876E-38  1.1709563637386E-36  3.0436749648643E-31  2.8813026354822E-32
  1.0939809873844E-31  2.0939343666154E-32  4.7187652286307E-36  9.9057900098190E-36
  3.2995548949612E-36  1.6664097551141E-36  5.6020172981223E-33  1.7767037698981E-33
  8.8518832678821E-34  1.4272253960359E-30  2.6528061840681E-34  1.8214124790561E-34
  3.5857483321633E-34  2.5411818703759E-37  1.9801618049752E-36  3.9325521785333E-36
  9.9973041145647E-37  1.0886718029680E-29  9.2103622857175E-33  1.2663407706332E-33
  1.6711156950445E-32  2.4245325832503E-39  1.1327325832604E-37  2.0213506719665E-37
  3.1334541977636E-37  1.7717012136914E-29  1.4912625979412E-31  3.0702132879780E-33
  4.0776782283696E-31  2.1623645966593E-40  6.0771485073965E-35  5.8039373055557E-35
  3.1792343048783E-34  4.9151217889919E-30  5.1049749492583E-31  1.9828318854369E-32
  3.3255540339197E-30  4.3071417385361E-37  8.4834192746447E-33  1.8503563550972E-33
  1.1027200369249E-32  1.2441484385448E-30  3.0907651075076E-31  9.7259257739350E-32
  2.9636801925629E-30  2.8640138713928E-34  1.3549729230407E-31  6.5815866052594E-33
  1.9064516300467E-32  1.4993059851504E-31  5.5291669797692E-32  6.9023875290198E-32
  1.3728115259974E-30  2.5527385820098E-35  1.0053678416806E-30  1.1948653349141E-33
  3.4711146260112E-31  6.2393662431403E-33  9.9961852848894E-37  9.7368145773391E-36
  7.5801317005217E-37  3.9135966982582E-34  8.4896666605462E-32  1.7134739659376E-32
  1.7437308809593E-32  7.5376852500066E-32  3.3737826550961E-35  5.0953086972615E-35
  3.0849658983882E-35  2.3283215780587E-34  3.8947623632321E-33  9.0126004955525E-33
  1.6705751664708E-33  3.3655349077619E-31  1.3723320841420E-33  1.1834592852387E-34
  1.5003929588212E-33  4.4578881700105E-35  4.6145125541596E-34  3.3677301112275E-33
  1.1004827311825E-33  7.7295075600588E-31  4.6397770951050E-32  2.0853406654771E-35
  5.1120271992613E-32  1.2352177053174E-35  1.3907368290018E-33  3.4822733678230E-33
  1.0499231303087E-32  5.2806045202993E-31  3.9164103632665E-31  1.3741998071963E-35
  4.3038644934059E-31  4.7765068077963E-35  2.3353582576953E-32  2.1688160437229E-33
  4.9180395918053E-32  2.7579184183250E-31  3.3923635034077E-31  9.4618943056139E-33
  4.7040617143588E-31  2.5289691693908E-32  7.9792710478981E-33  2.4944031479203E-32
  5.1917429491779E-33  2.6402965715570E-33  5.7678032972210E-37  8.8294025631038E-36
  4.7464495009873E-37  2.6660347840120E-32  1.4373157841516E-33  1.4108787154218E-31
  1.1059943681479E-33  2.5017218760696E-33  2.6661658236547E-35  1.3615776111314E-35
  2.4147481856333E-35  1.3254827250645E-32  1.6838318308647E-33  1.3772407153032E-31
  2.1964299795220E-33  6.8836176196249E-33  1.7960525453537E-33  7.3864301013254E-36
  1.6807141321118E-33  5.4481967974286E-33  6.5873617479261E-33  6.3779509233884E-32
  3.1261638626359E-32  3.1670393913881E-33  6.5968891678922E-32  1.3509457037965E-36
  3.2476272655756E-32  8.2850208505051E-31  1.1066212062390E-36  5.2600856197539E-31
  1.0346178006132E-36  9.2499083566293E-37  1.1924853961295E-38  2.8638072500105E-38
  1.0314081656402E-38  4.5986141060641E-31  1.0900935866570E-35  7.3829963906802E-31
  9.0356070133944E-36  7.0077808323547E-36  3.0501059862840E-36  7.2168939671825E-37
  2.6476303370599E-36  1.4765383378266E-34  1.1409262594033E-49  0.0000000000000E+00
  1.3953619309665E-32  0.0000000000000E+00  7.0911997993405E-53  9.7389338990913E-35
  3.9121424936627E-34  5.8061850895106E-40  2.2940961333225E-39  1.3092007801963E-39
  1.4051552825695E-33  4.6522971839167E-36  2.1848871240192E-34  3.4194123963799E-36
  2.2034123321060E-35  9.7333459799622E-36  7.5768352842777E-33  6.2363245943001E-39
  2.3597840271381E-35  2.3569672303760E-35  1.6956369105073E-33  2.9117266831186E-34
  2.5443926168230E-32 -1.4849532377177E-43  2.2860144850460E-37  1.1365892087678E-36
  1.4094179933290E-32  6.3659242398916E-34  4.3764504730785E-32 -8.1890787188868E-44
  1.9016053930841E-42  1.8342292670617E-41  8.7119827626197E-32  4.4149787921461E-34
  6.4665890184861E-33  6.6167589902936E-43 -2.9254725763458E-45  2.3884983171293E-45
  1.9176632892196E-31  4.3377680562086E-35  3.3765900851622E-34  3.7240121477091E-41
  1.3180788589043E-38  1.8442693729282E-39  4.1724023673004E-32  2.8344283666382E-36
  7.1326656436930E-36  2.6129166333907E-40  4.1533570006502E-35  1.6894028676196E-35
  7.9453435040468E-34  9.0954071754413E-38  7.5124704601420E-38  2.9512841946742E-41
  9.5613900429399E-34  1.9502481222802E-33  1.2441323612130E-36  6.8843288084319E-40
  2.1741301816202E-40  5.8619579388993E-46  5.2698206708910E-33  2.0563688589760E-32
  6.6188815344803E-42  4.3059746685463E-44  3.2387548921689E-45  1.1001625983553E-45
  2.8883453361975E-32  7.8323477847631E-34  1.0251045227744E-41  1.6756026350819E-44
  1.5908590181518E-43  6.1362945539997E-40  1.5084254507923E-32  4.0410476519522E-38
  7.4903735932884E-37  1.6233792377523E-40  2.7841847632094E-39  3.6244199433247E-36
  4.8313408176961E-34  8.7281204141998E-39  1.6170957831240E-35  1.6234720306811E-40
  4.5548871541344E-38  1.6347394898566E-33  2.1113286928475E-37  2.2449108389809E-34
  1.4338937145442E-37  8.7786272250203E-42  1.1569418703728E-39  1.2084589310990E-32
  7.2716361157966E-44  4.5163457030365E-33 -1.5182928254261E-43  4.3064344141544E-45
 -6.0278056702439E-44  4.7907280180924E-35  1.3268756512479E-36  1.7095865158980E-33
  2.7276673895980E-36  2.4822645350729E-36  3.3614499522481E-34  7.7569007596590E-34
  3.7474520932882E-34  1.2182520114317E-35  8.4271353908123E-34  1.5366480882332E-34
  7.6904854035988E-37  6.6716176675457E-34  6.4929722001316E-36  3.5271718393895E-36
  6.5129534676971E-38  7.0364985235787E-33  1.1682796772745E-43  1.1136605043909E-43
  8.6203948933971E-44  1.5090409530044E-41  8.5003277927638E-33  1.0716948398056E-34
  8.2743018541557E-33  1.0435018137629E-37  5.3634664855767E-41  2.6176775045178E-40
  2.8684225498489E-41  2.3548593402482E-39  1.1274310091792E-33  6.1949761265785E-35
  3.2583523424595E-34  7.4386140160510E-35  1.1095733633565E-38  2.9364585212570E-38
  8.8094196804463E-39  2.6533963605864E-39  1.9934396293915E-35  4.4221828084655E-36
  1.9520876490042E-36  5.5025970158543E-33  8.3208758498876E-37  4.6449176276999E-37
  9.5563684706937E-37  4.6936486389822E-40  5.1939675793492E-39  1.1242039971382E-38
  2.1085878506832E-39  2.9655576715844E-32  2.7781348759543E-35  2.4652168597993E-36
  5.0089847609762E-35  7.0139365143336E-42  2.4530422358367E-40  5.4402031981395E-40
  8.4004562033211E-40  5.4735765121591E-32  4.7627743206054E-34  5.0969438012535E-36
  1.3402240280043E-33  9.9825388188808E-43  1.2704861083639E-37  1.2318315138465E-37
  9.6802387162074E-37  1.7772783081942E-32  1.5694711685023E-33  3.3137613696310E-35
  1.0543073185861E-32  2.0413347295614E-39  2.2773423368931E-35  4.6943676270837E-36
  3.3226959369224E-35  3.1323402930446E-33  1.0134080993020E-33  1.9360860922020E-34
  9.5612510571433E-33  1.2529602193815E-36  3.8683032877668E-34  2.2741783896802E-35
  3.8674705868071E-35  2.6833093141113E-34  1.1029696009526E-34  1.2086880120246E-34
  4.6221488551875E-33  8.4621728741446E-38  5.3985942409787E-33  7.3089494496438E-37
  1.1931481329871E-33  2.2705686333934E-35  1.7205371940281E-39  3.4724084209848E-38
  1.3939125470191E-39  1.0002600493169E-36  4.5162106095724E-34  3.8731201924237E-35
  5.6066087535117E-35  2.7766054145502E-34  7.1081578772975E-38  1.5313035210919E-37
  6.5905700596681E-38  6.3724965004610E-37  1.0835732421800E-35  2.6086790508612E-35
  4.6105316549730E-36  1.0211922709617E-33  3.9479287106203E-36  2.4948769767818E-37
  4.2903749970784E-36  1.4448290085812E-37  1.1652834166670E-36  1.0928807710265E-35
  3.3316832651378E-36  2.0453068030537E-33  1.5453601975035E-34  1.2570462011950E-38
  1.7702777116739E-34  4.7450439808137E-38  3.2633554059526E-36  9.8352745597693E-36
  3.7004606950294E-35  1.3419675520121E-33  1.7054305166221E-33  1.7464479037340E-39
  1.4239702736032E-33  2.0773560221334E-37  5.6896928547792E-35  7.6014762718483E-36
  1.7111887875528E-34  6.2927789181432E-34  1.3338865305749E-33  1.2437609535598E-35
  1.4374880588806E-33  7.0260478356972E-35  4.2180744775759E-35  3.7567327652833E-35
  2.3264863712004E-35  1.2102052269846E-35  6.4694750697163E-40  3.7010446531721E-38
  5.3390283595895E-40  7.1178006686612E-35  7.3529590299583E-36  3.9409283573926E-34
  4.7759082297039E-36  9.7771488532856E-36  7.4306780203107E-38  4.0358557472462E-38
  5.7764867381094E-38  3.9236981801031E-35  6.2458537311589E-36  5.0459275257147E-34
  9.7798041367516E-36  1.8802165312791E-35  8.5558628005408E-36  9.2624328761160E-39
  6.6048783705893E-36  1.8327085599520E-35  1.8253416601125E-35  2.0895938156368E-34
  1.5754657713618E-34  5.5901700066312E-36  3.6689866261571E-34  1.0510369871711E-40
  1.1956695929563E-34  2.4796988071887E-33  4.9322832869873E-39  1.5739077108642E-33
  4.2215567704312E-39  3.4876799370829E-39  2.6049547523314E-41  1.2426011165396E-40
  2.1303443512836E-41  1.5207596021064E-33  5.0958999224566E-38  2.6487098623207E-33
  4.0958690389649E-38  2.4543119358550E-38  1.2230176944746E-38  2.1528751104158E-39
  9.7991850601052E-39  3.9344809592297E-37  7.8459562046490E-47  0.0000000000000E+00
  5.7369421026295E-35  0.0000000000000E+00  2.3250466299286E-55  3.7963615459900E-37
  1.1161677133995E-36  5.7538759261358E-44  2.6696135532095E-43  1.3396738487873E-43
  4.6052330463645E-36  2.0093381745015E-38  6.0694720100971E-37  4.0211730495625E-39
  2.3577212318985E-38  1.0425308624885E-38  1.9750162550042E-35  2.7185169704307E-41
  6.5657170162042E-38  5.3248277804949E-38  3.4579606596495E-36  6.2654945633635E-37
  7.2491099997808E-35 -1.8858030057811E-46  4.3872033343961E-40  2.8406851771369E-39
  5.0370552628893E-35  1.8146319752036E-36  1.4134227483851E-34  8.5482160559835E-47
  3.4839850596377E-45  4.3282528586376E-44  2.9917096035791E-34  9.6972315136873E-37
  1.6397206503896E-35  9.5235284652896E-46  1.5976356389642E-48  1.0366985075004E-47
  5.2602753120765E-34  1.0101308992512E-37  7.7820223144578E-37  1.1214579551292E-44
  2.9599603588695E-41  2.7410953898928E-42  1.2824610899475E-34  5.1989402309031E-39
  1.5902907435537E-38  1.8669894974652E-43  1.2427073878179E-37  2.9181972525147E-38
  2.4095694686245E-36  2.0526017533795E-40  1.7605410423902E-40  5.0908705513965E-44
  2.3844915238729E-36  4.0773170408154E-36  3.4393106754184E-39  1.7789457104602E-42
  4.5062584784246E-43  8.3548866795397E-49  1.3317745025237E-35  6.1212742038521E-35
  1.2835754938854E-44  1.1432571536385E-46  9.0636245915106E-48  1.9792933761097E-48
  9.4526399270702E-35  1.5940385669515E-36  1.7469473809244E-44  4.7789490750421E-47
  5.2693968216927E-46  1.7067383490551E-42  4.8733531793573E-35  1.1386168068807E-41
  1.8760798953214E-39  3.1544290595887E-43  9.2404830470271E-42  1.1864854903865E-38
  2.0080059683720E-36  1.5725736685641E-42  6.4174394453371E-38  1.0047942325602E-43
  1.7466333455054E-40  3.7115208631672E-36  9.1010204089256E-40  4.2910740442395E-37
  4.6114251224005E-40  4.8967731969837E-45  5.1353693235730E-42  4.4990528104091E-35
 -8.4859383304282E-46  1.3693558565890E-35  4.6892906977571E-46 -3.7335622002045E-47
  1.8308091315695E-46  1.7115999983795E-37  1.0524753077820E-39  5.4060341758119E-36
  2.2230652917154E-39  8.3240070857223E-39  9.3396665860160E-37  1.9571678102755E-36
  7.0798145781683E-37  4.5170047436106E-38  3.8635173149413E-36  4.4580160709717E-37
  6.6405521056543E-40  1.7559424476676E-36  2.9235579731410E-38  1.2836825192498E-38
  1.0384669264195E-40  2.2869501467024E-35  4.1167864063189E-46 -3.2682433467098E-47
  6.9706025514105E-46  3.6480405320066E-44  3.4040157056806E-35  1.8230671670291E-37
  2.4726751984149E-35  3.0304554189077E-40  1.2597764898471E-43  8.4623311566886E-43
  6.9685658798250E-44  4.4181173934489E-42  3.7928175040512E-36  1.2416277163676E-37
  7.7978298085304E-37  2.1407710670041E-37  2.2991111293879E-41  7.3312838027310E-41
  2.1089533583617E-41  2.6055734836395E-42  5.0773962548530E-38  1.0284302361586E-38
  3.7056047032910E-39  1.3489747690800E-35  1.7500423642183E-39  9.0984128395048E-40
  1.7406711668061E-39  5.7224774994848E-43  1.1379270465841E-41  2.4907523190683E-41
  4.2696601044619E-42  6.8455347195340E-35  6.9728655667526E-38  4.1698093218538E-39
  1.4226637532221E-37  1.8619552891771E-44  4.4180478743946E-43  1.0951709643908E-42
  1.9467724919699E-42  1.4427220466109E-34  1.2543546826270E-36  6.8913690673390E-39
  3.4896375135415E-36  4.3758678103697E-45  2.0289468852162E-40  2.5611760064434E-40
  2.6614377823128E-39  5.2444463725338E-35  5.2931645529444E-36  5.6084889981223E-38
  3.1125641602358E-35  9.3622803118692E-42  4.3835682493431E-38  1.1656919798443E-38
  9.2039998086925E-38  8.3671091716893E-36  3.0999678498996E-36  4.0862617666667E-37
  2.8454493523618E-35  5.2233945103446E-39  1.1051280832016E-36  6.9978227248960E-38
  7.8950081073356E-38  5.0671105160576E-37  2.0356202950274E-37  2.0290902356215E-37
  1.2606657607886E-35  1.9611683628334E-40  2.7003814572934E-35  4.8640112844361E-40
  3.6479955966605E-36  6.8876717725572E-38  3.0111865948955E-42  1.0556745743216E-40
  2.4308694918623E-42  2.3527193000172E-39  2.2066093995490E-36  9.3726163114774E-38
  1.7042557417622E-37  1.0381611455517E-36  1.4217511748354E-40  3.7927835245824E-40
  1.1758526848103E-40  1.1550847900675E-39  3.0737047508841E-38  7.6789145348439E-38
  1.1938108039558E-38  2.9677310348402E-36  1.0464690413890E-38  4.1607511899256E-40
  1.0649594510496E-38  3.3886999367668E-40  2.7181300434137E-39  2.7227733591946E-38
  7.5926538219698E-39  3.8647388767465E-36  4.9221838758967E-37  6.3404436163286E-42
  5.4689271541213E-37  1.3743620776910E-40  6.5511301759783E-39  2.2710323145699E-38
  1.0879807595719E-37  2.6773259761717E-36  5.7440796746044E-36  2.0867942832165E-43
  3.8564929549055E-36  7.5540115646083E-40  1.1983043796023E-37  2.1693345045834E-38
  5.1545018576118E-37  1.2287269581267E-36  4.8977466610581E-36  1.6159308420921E-38
  3.7627936943013E-36  1.8051902070829E-37  2.0509103541612E-37  5.8137824557520E-38
  8.1529382903679E-38  4.4094571192505E-38  6.5432387131753E-43  1.3111070898812E-40
  4.4079971112710E-43  1.6690902392626E-37  3.0995381802271E-38  9.5557933225958E-37
  1.7181932172014E-38  2.7813855690170E-38  1.6040418431234E-40  1.0620976988050E-40
  9.9418831167260E-41  9.2582779703016E-38  1.7381046162452E-38  1.4935022239785E-36
  3.7358966770512E-38  4.0806895277744E-38  3.3010921182677E-38  1.0280147882424E-41
  2.4048908703041E-38  5.4964175228695E-38  5.8497069690308E-38  6.3139035640621E-37
  8.4270917592838E-37  9.4875932821503E-39  1.7566168903730E-36  9.1629924194212E-45
  3.9480436051305E-37  6.5238391581406E-36  2.0935309484222E-41  4.4598148632535E-36
  1.7081559566987E-41  1.3782032118010E-41  4.2984388967352E-44  4.7667308176787E-43
  2.6904548193158E-44  3.5980946733994E-36  1.6880700495746E-40  7.8580788353740E-36
  1.6942845623510E-40  5.4228256671663E-41  4.9676200991002E-41  6.2159590100551E-42
  3.6030472844999E-41  1.2071303999733E-39  2.2986733906913E-58  0.0000000000000E+00
  1.5262754968226E-37  0.0000000000000E+00 -2.1589622391877E-50  1.2988619192968E-39
  3.3984318179264E-39  1.1688893339002E-47  7.7299990240404E-47  3.4411693602034E-47
  1.1689236788521E-38  8.2942393779183E-41  1.3721432872869E-39  5.0865121605384E-42
  2.8543049188504E-41  1.1767805244960E-41  5.5964924857378E-38  1.1742433760323E-43
  1.3257330277458E-40  9.8585759165344E-41  7.6660372464274E-39  1.2565661163798E-39
  1.6374924615085E-37  1.1215346067685E-47  8.1096923999087E-43  6.8171269093922E-42
  1.3552875991701E-37  3.8473875730159E-39  2.5677858791157E-37 -7.2082765843269E-49
  6.0986429838167E-48  1.0054875348700E-46  8.2041611440954E-37  1.9214756917399E-39
  3.9832939503814E-38  1.0545554972383E-48  3.8991664653062E-50 -3.9761012378789E-50
  1.4043023537975E-36  1.8699899551259E-40  1.7355493525501E-39  4.2564055469868E-49
  6.4382661140706E-44  4.1769495403090E-45  3.6163502967272E-37  9.6088268455580E-42
  3.3040834651648E-41  1.2664557658153E-46  3.1340167125571E-40  4.2777650213447E-41
  6.9256029606027E-39  3.1560995785236E-43  2.5774516433555E-43  9.4756726951124E-47
  6.3318438962066E-39  9.3890667415841E-39  8.7572311044122E-42  4.1806516192388E-45
  9.1765784278230E-46  1.2432472378316E-51  4.9439092102089E-38  2.1830139294259E-37
  2.6292702476843E-47  3.2097457698994E-49  2.4174595824844E-50  3.1084170875148E-51
  2.7860149591290E-37  2.2958381082579E-39  2.8262434730189E-47  1.0316000043096E-49
  1.5915643344832E-48  4.2950128671720E-45  1.4650272492636E-37  4.2880267064998E-45
  4.8260369969717E-42  5.2258061067501E-46  2.3983010367374E-44  2.5453455542028E-41
  7.1398935714196E-39  5.5846758215362E-46  1.4696843222923E-40  3.6289543792625E-47
  5.8183638876952E-43  9.5182538065138E-39  3.4681390561746E-42  7.2494827712975E-40
  1.6464036644617E-42  1.7765735559108E-48  2.6253972605317E-44  1.4087467623340E-37
  2.0789638928435E-48  4.1514749838601E-38 -4.4991705944771E-48  5.2428962748701E-50
  9.5125823851392E-50  5.4029198814601E-40  8.2996478913173E-43  1.3360638598819E-38
  1.9484003363935E-42  2.5637749329884E-41  2.4797662317086E-39  4.3682260921614E-39
  1.4347945203529E-39  1.1085144377268E-40  1.3352087508194E-38  1.1175387063913E-39
  5.7477801390317E-43  4.1931352726792E-39  1.3564215894558E-40  4.2950468879713E-41
  1.5501319426385E-43  7.0772642582375E-38  1.2675637713702E-48  1.2542014504905E-48
  2.2847897050517E-48  7.4061765248432E-47  1.0939387608764E-37  3.0292373712013E-40
  6.6161361760184E-38  6.3680261217221E-43  2.9521867945245E-46  2.2505823708069E-45
  1.6458383440768E-46  7.3237752839728E-45  1.4437114954526E-38  3.2244466955147E-40
  1.9477422522431E-39  7.6447983961994E-40  4.1060010237564E-44  1.6202359659990E-43
  3.6518457936233E-44  2.4765550142704E-45  1.1342303091383E-40  2.4487613246639E-41
  7.3826465072789E-42  3.5441965519081E-38  2.8063633539270E-42  1.5818486870828E-42
  3.5941243366483E-42  6.5554130583186E-46  2.3009662712838E-44  6.0561768380975E-44
  8.5898683443416E-45  1.6664842056169E-37  1.6887883711276E-40  7.2077857548927E-42
  3.1473400855854E-40  3.8250406479672E-47  7.3106646536740E-46  2.2100984785285E-45
  4.3385086801398E-45  3.0950797225846E-37  2.8490915970159E-39  9.8433445813407E-42
  9.3652686741275E-39  1.0911393297453E-47  2.7845710868759E-43  5.6633251105063E-43
  6.7891910068230E-42  1.4087811124216E-37  1.4126634804210E-38  9.2749018467241E-41
  8.5715056338432E-38  4.1454241260660E-44  6.6542857715576E-41  2.9365739439320E-41
  1.9913718284451E-40  1.8509121232144E-38  7.4479958621505E-39  9.3723715799844E-40
  7.5504363732654E-38  1.7947559628090E-41  2.1653026173155E-39  2.0396421339773E-40
  1.4777287737346E-40  9.6612925023604E-40  3.4816255177751E-40  3.8410676943231E-40
  3.1210602281223E-38  5.0674089100353E-43  1.2282457061585E-37  3.5142793036509E-43
  1.0023551599840E-38  1.9232078002955E-40  4.5367897948275E-45  2.7329775379051E-43
  3.4496644583651E-45  3.9368134366622E-42  7.6984465651928E-39  1.6764836287946E-40
  4.2941645284713E-40  2.5354901330078E-39  2.2413495102829E-43  8.1667835805759E-43
  2.1347415448948E-43  2.1344821929530E-42  6.8413664260322E-41  1.9356493724287E-40
  2.7934327934576E-41  6.3809500600604E-39  2.2761268743258E-41  7.3833131711096E-43
  2.2917258141887E-41  6.8740648267189E-43  5.5847662768735E-42  8.5157410269809E-41
  1.9120504653009E-41  7.8600026374276E-39  1.3534303894433E-39  4.2172800154300E-45
  1.3361884530175E-39  4.0787610922855E-43  1.0836525067431E-41  4.5513822647690E-41
  3.3912854509563E-40  6.7799928567806E-39  1.5874648219193E-38  5.2112678922787E-47
  1.0578338498052E-38  2.3311577130351E-42  1.9779388746568E-40  5.2502983123102E-41
  1.5508312641784E-39  2.2573904972257E-39  1.5619880854039E-38  2.0513829924264E-41
  1.0628054792277E-38  3.8547298563301E-40  9.6018258477215E-40  8.9653177548849E-41
  2.7813564463639E-40  9.8638907391887E-41  4.9308086178135E-46  4.1690822738269E-43
  2.9274748055101E-46  3.3527226657529E-40  1.0355968593926E-40  2.4372469328520E-39
  5.1044902099615E-41  5.5433665545523E-41  3.0178530892575E-43  2.4931383015770E-43
  1.5419411767116E-43  1.9613693311997E-40  4.7017888146551E-41  4.1186176535330E-39
  1.2577077331842E-40  7.4790973112865E-41  9.6735303222354E-41  1.1112628814812E-44
  6.0375072394995E-41  1.2111651700073E-40  1.4277333529592E-40  1.4000394731263E-39
  2.9952552538955E-39  1.4429857224891E-41  7.0113883227308E-39  1.6546809973073E-48
  1.1096221879679E-39  1.3856011070823E-38  7.0358216989164E-44  9.5642172566160E-39
  5.6822947281187E-44  4.3423506848259E-44  6.9388276314285E-47  1.9497180721310E-45
  3.7746714140666E-47  8.4426518664512E-39  6.2397039100200E-43  2.0090268116722E-38
  6.7355904744075E-43  1.2707130308742E-43  1.7512231073607E-43  1.3939513034451E-44
  1.2033891307408E-43  3.2409592633030E-42  1.6254454644194E-61  0.0000000000000E+00
  3.3596459116263E-40  0.0000000000000E+00  5.7079005424228E-53  3.7544746627770E-42
  9.7496007111951E-42  1.5940626990527E-51  4.0477450385460E-50  2.4467501227837E-50
  3.2186555147789E-41  2.9392648702106E-43  3.6222320552590E-42  4.0710781804198E-45
  3.8072710402739E-44  1.5863341586473E-44  1.1099777836690E-40  7.1610672684444E-46
  2.7634575099509E-43  1.9409058052637E-43  1.6869688766464E-41  3.0468464492325E-42
  3.7212769427989E-40 -2.4974544534190E-51  1.3482942559689E-45  1.5280540041248E-44
  4.6906119655841E-40  9.3734417888730E-42  4.2846717446806E-40 -3.1599472954587E-51
  8.8776153454169E-51  1.7034606197572E-49  2.4938664709651E-39  3.5325041898824E-42
  9.0796893417763E-41  8.5326251545145E-52 -3.2536962404888E-52 -1.4112237948519E-52
  3.2158149733983E-39  3.0039646232921E-43  3.8498768625202E-42  2.9636752196742E-55
  1.1989161123785E-46  3.6911389889393E-48  7.9003086367055E-40  1.1853864713769E-44
  4.8183086452204E-44  6.3878231248396E-50  7.4697647493657E-43  4.9051341772396E-44
  1.7501462147237E-41  5.6939527310524E-46  3.4532186770406E-46  1.3155166409554E-49
  3.0472782908888E-41  3.1884221503434E-41  3.4736049668384E-44  8.3246722079014E-48
  1.6438618899298E-48  1.5791981034559E-54  1.0632823839745E-40  5.1940550683636E-40
  3.5998206606539E-50  7.7883846690495E-52  4.6339587609353E-53  3.4690719531081E-54
  6.9822633770055E-40  5.6575171367367E-42  5.3692300144883E-50  2.3747350387758E-52
  3.6056056947859E-51  1.0342209212492E-47  4.3833771037088E-40  2.9749382257746E-48
  8.6805521898399E-45  8.4782681228662E-49  6.6744866083998E-47  8.7689855927155E-44
  2.6749957174568E-41  3.5713297621797E-49  3.1820125707529E-43  9.5445088867075E-51
  2.0417017566352E-45  2.1029176804689E-41  1.1484830435574E-44  1.2493148651898E-42
  4.1479530031785E-45  3.2323105955187E-52  1.1617324681195E-46  3.1095524268671E-40
 -6.7656987379284E-52  1.0032412055144E-40  1.1042931128356E-50 -1.1911339646938E-53
 -2.4569684351780E-51  1.4198065134355E-42  7.0332858622352E-46  2.4790194318122E-41
  2.1451925725003E-45  8.2251160282631E-44  9.3782864672468E-42  1.3057983216048E-41
  4.1002721077709E-42  2.4202821368596E-43  3.5453194213993E-41  1.9734903368595E-42
  4.6927908879891E-46  1.0066935451517E-41  5.0062138074819E-43  1.1560043293737E-43
  2.2388320755248E-46  1.8548508391442E-40  7.7168942042908E-51  8.0029691650621E-51
 -6.5900663734961E-51  1.1621786818090E-49  3.5831573664306E-40  4.5748884401922E-43
  1.4036693809008E-40  1.3378052290948E-45  6.0886673642024E-49  4.5250193654244E-48
  3.0118484660443E-49  1.0793165359744E-47  4.7960020775055E-41  6.6081772909150E-43
  3.7788506334213E-42  2.0037851411548E-42  6.0588536167205E-47  2.7597969462196E-46
  5.7071234120788E-47  1.7822449305515E-48  3.3291157074735E-43  8.6517562158001E-44
  1.4236719949764E-44  1.1487383827957E-40  4.0146411207404E-45  2.5050705666982E-45
  6.1418269500310E-45  6.4448855063373E-49  7.0291838167476E-47  1.3576281294324E-46
  1.9037522190214E-47  5.2340315830649E-40  3.4925667289232E-43  1.1089089804158E-44
  5.9367610639001E-43  6.9599479592002E-50  9.7882292485606E-49  4.3527780140759E-48
  8.2713750052830E-48  6.9566816336629E-40  9.0351879875034E-42  1.5405047810869E-44
  2.1316549784859E-41  2.7684342570618E-50  2.9738154404651E-46  1.0786206847590E-45
  1.6709989124398E-44  3.4475521232287E-40  4.0197355410635E-41  1.4618846147076E-43
  1.9240803838805E-40  1.8272461502896E-46  9.3222706138508E-44  6.1594123450758E-44
  4.9144401455926E-43  4.3439431124826E-41  1.8129390927336E-41  1.6967760571613E-42
  1.6514729225471E-40  5.8311901194044E-44  4.4996770331689E-42  5.6305635325163E-43
  2.6332265334563E-43  1.8007340134478E-42  6.7841659538917E-43  6.0152256498821E-43
  7.7556202232371E-41  1.0462962513757E-45  4.4170306148300E-40  3.6529297755961E-46
  2.5879656030548E-41  4.4811787458317E-43  6.1767989794225E-48  5.8873482468930E-46
  3.9537895328880E-48  7.1167362182702E-45  2.4032128828614E-41  3.0364832293800E-43
  9.4387379320872E-43  6.0619945370583E-42  3.0257318346307E-46  1.8094311379962E-45
  3.2780119827619E-46  3.2272742198860E-45  1.4515191407697E-43  4.8013506590118E-43
  6.1917202240920E-44  1.3086902071519E-41  4.0612615663314E-44  1.1919609348092E-45
  4.6056011833929E-44  9.9631115050385E-46  1.1406839170459E-44  2.1604369405427E-43
  4.3259538104924E-44  1.6827853845847E-41  3.4225434486475E-42  3.4839709713553E-48
  3.1908775372522E-42  7.6120407248825E-46  2.0888781566849E-44  1.3737440314618E-43
  1.0533460685668E-42  1.1288469863989E-41  4.5018708294827E-41  2.3110843760008E-50
  2.3793243830379E-41  5.8561459471783E-45  3.8527122836319E-43  1.4111587461220E-43
  6.3548904226302E-42  6.2488401928331E-42  4.3157957719024E-41  2.7709414136679E-44
  2.3493492044729E-41  8.1259534283120E-43  3.6136978759529E-42  1.2583969163285E-43
  8.5619817001544E-43  2.4575991453882E-43  3.0416254307216E-49  1.0274254728686E-45
  1.4732522262253E-49  5.9271038143796E-43  3.3761586916570E-43  6.4406181784999E-42
  1.5139626764945E-43  1.2851532527174E-43  4.5371745395541E-46  5.9452047571293E-46
  2.7131324653797E-46  3.7376261566100E-43  1.1724314974289E-43  1.0101302616518E-41
  3.5638274241259E-43  9.7281346205829E-44  2.8580613914099E-43  1.4903129345209E-47
  1.3260754079075E-43  2.5177602594533E-43  3.2785405927296E-43  3.1526296895811E-42
  1.0578942909624E-41  1.9232550129758E-44  2.4454175761630E-41  6.9275392208663E-52
  3.0437375550967E-42  3.0554422184669E-41  2.0053214890825E-46  2.2134394603621E-41
  1.7310754017032E-46  1.0188682085855E-46  9.4757291345042E-50  7.7103653303590E-48
  5.2754172296225E-50  1.7020100954301E-41  1.5481135586673E-45  4.6919048157689E-41
  2.2954020942516E-45  2.4326867911219E-46  3.9336532234941E-46  2.8340171638390E-47
  2.5593675427668E-46  9.0044794542219E-45  1.0631724653395E-53  0.0000000000000E+00
  6.8484878681695E-43  0.0000000000000E+00  1.7671004007395E-55  1.0386694144452E-44
  2.3248207827558E-44  3.2792417909267E-53  4.5377434401412E-53  2.0780995957847E-53
  8.6987269094005E-44  1.0251812654801E-45  9.1850428398205E-45  7.1074325851970E-48
  5.7278171977027E-47  2.0922774730304E-47  2.2879158850655E-43  2.9678374799266E-48
  4.9048429022594E-46  4.3053292721628E-46  3.8171474099083E-44  5.7315716377597E-45
  7.3375889408437E-43  2.7414730562083E-52  1.6742341713703E-48  3.9143992809838E-47
  1.0885510593317E-42  1.9582894052223E-44  6.1584285382431E-43 -1.2124588685042E-53
  1.3080517407069E-53  3.7825602403527E-52  6.2309084407804E-42  6.9181800864840E-45
  1.8967564377080E-43  9.3978679571830E-55 -4.6066031360946E-55  4.8100632999029E-57
  7.5413196190295E-42  5.2785145153837E-46  6.3964869576963E-45  6.4137194485796E-62
  2.7774898235234E-49  4.4743573770098E-51  2.0193455008778E-42  1.5800498157152E-47
  6.6127779956794E-47  3.0976813694447E-53  4.5682908464453E-45  1.2473454066806E-46
  9.4367747960739E-44  6.3247394679785E-49  4.1782029444450E-49  2.5542820608149E-52
  7.9966481071460E-44  4.5227630463687E-44  7.8473869358016E-47  1.6608926232379E-50
  3.4101092930141E-51  2.1548716709040E-57  2.2591336996084E-43  1.1239377506064E-42
  4.4060094445835E-53  2.2540771948581E-54  1.3095929260470E-55  5.6473970510422E-57
  2.5144394216004E-42  9.0086064800811E-45  6.1521930790941E-53  6.1015487111113E-55
  1.2083895998855E-53  2.6568125054450E-50  1.1687255950211E-42  2.1689521356525E-51
  2.3622923258615E-47  1.8002630809355E-51  2.1037722912225E-49  1.8511389908234E-46
  8.3609382349020E-44  3.1064646969716E-52  7.3511390627919E-46  2.2392115807842E-54
  5.5554805576583E-48  4.8103892593817E-44  3.1242094198405E-47  2.1454910682926E-45
  9.6202043077470E-48  5.9080134890927E-56  4.3863999584064E-49  6.3783881052797E-43
  1.2997315956573E-53  1.6597881842234E-43 -6.9641383734847E-53  1.5764102883606E-55
  1.8349471327729E-53  3.2160043116949E-45  7.9751980766942E-49  5.2826058939695E-44
  2.8619154532609E-48  3.0866980775693E-46  2.5454940049841E-44  2.6142142706311E-44
  7.3791002848833E-45  5.7569354080658E-46  1.2088768445785E-43  3.9695994087180E-45
  5.9622182932157E-49  1.8387220649441E-44  1.5621677576850E-45  2.6530426318213E-46
  3.5165209559637E-49  3.8292773825444E-43 -1.1982245785487E-53 -1.1300983947391E-53
  2.5307836331821E-55  2.0289825795122E-52  1.0404643596868E-42  8.0663749239674E-46
  2.7221806374119E-43  4.8207849989819E-48  1.2096434843885E-51  1.3239538651551E-50
  5.3537504046033E-52  1.5187032329816E-50  1.4930877578909E-43  1.2779136636289E-45
  5.4095819872722E-45  5.6827729560559E-45  9.6747532909889E-50  4.9821871834627E-49
  6.5701595583130E-50  1.1472638454236E-51  8.0892761867616E-46  2.0717930234418E-46
  1.8717380286680E-47  2.4492307545961E-43  6.1492314500401E-48  3.6713315774966E-48
  7.1403276882838E-48  5.2232459059352E-52  1.3077079017960E-49  3.2828890719020E-49
  3.2629001546155E-50  1.3556588564750E-42  5.9114753669863E-46  1.1602678939973E-47
  1.0884788159613E-45  1.0978692139988E-52  2.4036804809247E-51  1.1801758680187E-50
  2.1653490796551E-50  1.9714254764367E-42  2.1304085973065E-44  2.1664193497849E-47
  4.2113502964334E-44  1.3676879080998E-52  5.4724201208441E-49  2.2338407660476E-48
  7.5588236253598E-47  1.2846117077110E-42  1.2258948755325E-43  2.6966543496030E-46
  3.6017054629567E-43  6.2563663683346E-49  9.9748410765529E-47  1.4318070257319E-46
  1.3920806106914E-45  1.0785436010703E-43  5.3665816001265E-44  3.3323388152193E-45
  3.1858027677790E-43  2.7338743573259E-46  9.4235441959859E-45  1.2611791411934E-45
  4.9095637691685E-46  3.2854154810182E-45  1.9435717213193E-45  1.4686579291067E-45
  1.9930936011181E-43  2.4652034142882E-48  1.3451771346790E-42  4.4195796601231E-49
  6.7218903229293E-44  9.6955340634703E-46  8.1210128966545E-51  1.2996827694424E-48
  4.5339265822121E-51  1.2674187791756E-47  5.8867554901085E-44  5.9420883765832E-46
  2.1113815453403E-45  1.4032499117332E-44  4.5057184850090E-49  3.6922315358069E-48
  4.9147431639698E-49  5.4939660999773E-48  3.3835054159949E-46  1.1035474695989E-45
  1.4554404559684E-46  2.7977651076138E-44  8.3379791770229E-47  1.9392967043207E-48
  8.2166965810844E-47  1.6942485565217E-48  2.2270792220328E-47  5.6323817592527E-46
  9.8295088206157E-47  2.7500258707305E-44  7.8916324749996E-45  3.8719359270204E-51
  6.0861734511649E-45  1.5491957653805E-48  2.8693271504357E-47  3.1842409395905E-46
  2.5564702124402E-45  2.0937408457687E-44  1.2032058994324E-43  1.8610065283225E-53
  5.2650481842164E-44  1.4169322399495E-47  5.4131008602896E-46  3.6824087728228E-46
  2.0425030439048E-44  1.3248466205952E-44  1.0579351949250E-43  4.3495911783751E-47
  4.3407744155734E-44  1.5980811661814E-45  1.1440003270217E-44  2.1089960357974E-46
  2.2378778433048E-45  3.5634519450301E-46  1.8082465641263E-52  2.7543022817107E-48
  7.4969717302144E-53  1.2667253479383E-45  9.4211153881414E-46  1.3230691981420E-44
  3.8367402871795E-46  2.6604947770694E-46  8.7328872117302E-49  1.2506605915014E-48
  4.4475336003802E-49  6.5674891570463E-46  2.8384399112919E-46  2.4683865647677E-44
  1.1367683427920E-45  1.5410754306673E-46  7.5043213281201E-46  2.2295413066748E-50
  2.3986980573730E-46  4.7523302922944E-46  6.1757080043493E-46  6.6072660755360E-45
  2.7360717660810E-44  1.9226770410788E-47  5.9991606651088E-44  5.6112561514473E-55
  6.4119485638554E-45  6.3239388818545E-44  4.4038606135189E-49  4.7729612122822E-44
  4.7294930752232E-49  2.0560642501308E-49  1.1441497369035E-52  2.4404187516067E-50
  7.4763141183654E-53  3.5217551106336E-44  3.7746848101974E-48  1.2069621048254E-43
  5.9280355583701E-48  4.2321006670105E-49  8.2647696152237E-49  5.1068701590687E-50
  4.9971914736307E-49  2.0814085796358E-47  3.7759152696351E-67  0.0000000000000E+00
  1.0140694085763E-45  0.0000000000000E+00  1.9731706286553E-65  2.5029816391152E-47
  6.6296103727271E-47 -1.2168570088691E-55  7.6622328187964E-56 -2.7860136367819E-56
  1.6607299708011E-46  4.9287493417117E-48  2.0290456461437E-47  1.1987333642884E-50
  9.8484398837166E-50  6.9929723240295E-50  9.3659787122866E-46  1.3669755902185E-50
  8.3213747810921E-49  1.0105071525661E-48  1.2206661701512E-46  1.2745623081101E-47
  1.3040135039065E-45 -2.4604185697377E-54  2.7685638094392E-51  1.2887762817736E-49
  3.2280688905416E-45  4.5612080227106E-47  7.3412314308110E-46  5.4001517626452E-57
  1.8501744623131E-56  6.7673191439907E-55  1.4611751240457E-44  1.4279521370310E-47
  3.0140620607386E-46  9.5405841137459E-58 -1.6513149473140E-57  7.8454068075711E-58
  7.6099116056827E-44  9.1143899949196E-49  1.0387000402578E-47  3.5024592131785E-66
  2.0336976747090E-51  1.2045240315724E-53  1.1822535651174E-44  1.7183086436285E-50
  7.6785038546918E-50  2.0114178813913E-56  1.2543943891283E-47  1.6350465728837E-49
  2.7177569838141E-46  6.0330744949303E-52  3.9388287913107E-52  4.3024164183470E-55
  1.6983795999203E-46  7.4066363454530E-47  1.5473875796119E-49  2.4667285649344E-53
  5.1156808879138E-54  1.8603215497135E-60  4.9639678986928E-46  1.8417752552422E-45
  3.3131816350045E-56  4.4411118099496E-57  2.3310373623382E-58  4.4306113090278E-60
  4.8770925029553E-45  1.3436800658641E-47  4.5432334584157E-56  1.2806371729411E-57
  2.7757438770199E-56  4.4937611167627E-53  2.9699651861059E-45  3.0395986449027E-54
  4.4410957121075E-50  2.9322733517752E-54  4.3511137665541E-52  4.9315471526835E-49
  2.0423543819892E-46  4.7518032985420E-55  1.2596506372755E-48  6.4452319890117E-58
  1.3133440853658E-50  9.2312580222955E-47  7.0302141253248E-50  3.7789647752274E-48
  1.7975033180845E-50  1.1788826202043E-59  1.2663031050141E-51  1.1517595258655E-45
 -1.5420884314028E-55  2.8074897701639E-46  3.9695017999198E-55 -1.0799775203709E-57
 -2.4586656310713E-55  8.9395517048251E-48  1.2087268796648E-51  1.2903732036912E-46
  4.0973929732184E-51  8.1034178920600E-49  5.9012079782411E-47  3.2637367884399E-47
  1.4416132230147E-47  1.1473766033520E-48  3.9915325236131E-46  8.3202740470370E-48
  8.1826452391463E-52  3.3750591987501E-47  3.5462350084305E-48  5.8272894021169E-49
  3.7057609076475E-52  6.3803686684518E-46  3.4045878285481E-56  3.4864016036478E-56
  1.1694677537460E-56  3.4419246675111E-55  4.7778642342264E-45  2.1757853870796E-48
  1.0268631434145E-45  8.4873463609981E-51  1.9765660607808E-54  2.6991542902100E-53
  9.3562875914164E-55  2.4702864596614E-53  4.0542267084043E-46  2.3618398586891E-48
  9.8798047216509E-48  2.3492346120387E-47  1.4875219820281E-52  7.3149052268357E-52
  9.6828338822797E-53  1.1640206994503E-54  2.1528942467272E-48  4.9074040259145E-49
  2.2991135493686E-50  5.9474483148947E-46  8.4983145836413E-51  3.6417668336058E-51
  7.7814808516295E-51  6.0374610946348E-55  2.6027436317973E-52  7.7979126321680E-52
  4.4622468098063E-53  3.5210371827614E-45  8.7415225271204E-49  1.8360891227855E-50
  1.6163897774900E-48  1.9713122747960E-55  3.3154536111469E-54  2.6876376047552E-53
  5.0324563737209E-53  4.0226007435342E-45  5.9750848102924E-47  3.7607238414110E-50
  1.1271615700418E-46  2.9148833506420E-56  5.3863691723716E-52  6.7706087295277E-51
  2.0487408116398E-49  3.6141244417868E-45  3.5334137946424E-46  5.3821964793336E-49
  7.1601078129551E-46  1.9942469369170E-51  2.3295984014578E-49  6.1177166575994E-49
  6.1871369188364E-48  4.0656016029384E-46  1.3905842868615E-46  6.9254234629800E-48
  5.6702737098012E-46  8.7834225261566E-49  3.0676961041550E-47  5.5632334679005E-48
  1.7242786347469E-48  1.3076479256184E-47  5.1054447875930E-48  2.3717707741372E-48
  4.4039085543694E-46  4.4942213842294E-51  3.7609266996327E-45  6.3436332707315E-52
  1.6252592466660E-46  1.9686374930963E-48  9.9239256132774E-54  2.9357319763900E-51
  6.4667493937163E-54  2.0805732799268E-50  1.4774481929665E-46  1.4512755007006E-48
  4.9525676519526E-48  2.3963144303768E-47  6.2776725442856E-52  6.9508180197492E-51
  6.9014091284905E-52  8.8358270786799E-51  9.0215033238987E-49  2.9454222320617E-48
  3.5425922809283E-49  6.4974006292670E-47  1.6483856799471E-49  3.1851236012806E-51
  1.7188283144999E-49  2.8360108870028E-51  4.8572147665106E-50  1.0641138725487E-48
  2.2866372991094E-49  5.1855529811336E-47  1.9499149322781E-47  4.1680586505815E-54
  1.3613382124446E-47  3.1926466167193E-51  3.8928691499635E-50  6.4546752061772E-49
  6.6289280436575E-48  3.1810792104689E-47  3.4354267417724E-46  1.9925779664053E-56
  1.2170449674884E-46  3.1433582163404E-50  7.2709221173041E-49  7.7906002273764E-49
  6.0745165240531E-47  2.4434923527921E-47  3.2467738125917E-46  7.8322046077994E-50
  7.5905093008920E-47  3.1521114685708E-48  3.0478764290832E-47  3.9066420273496E-49
  6.2584677485664E-48  7.7526357396378E-49  1.3667709408083E-55  7.0620562783271E-51
  4.6767132131440E-56  2.3024441251186E-48  2.7006121665668E-48  3.0816914370008E-47
  1.0472850438581E-48  5.5259663988787E-49  1.6082361139954E-51  2.6405878047079E-51
  8.6387283343327E-52  1.1979269187370E-48  6.6982916791313E-49  5.4095206123437E-47
  3.0607457509035E-48  2.5539798930077E-49  1.6219954257154E-48  3.3005853850521E-53
  6.3636967957307E-49  6.4585677490686E-49  1.3801604425265E-48  1.2824348703251E-47
  8.2045845763511E-47  2.1228245626542E-50  1.6354068043470E-46  5.1484520398012E-58
  1.5402416076950E-47  1.4333782544461E-46  1.0657651606249E-51  1.1283827856197E-46
  1.1942526867640E-51  4.5543167346689E-52  1.3233797201773E-55  1.0818464447775E-52
  1.2283622856209E-55  7.0061918904846E-47  8.6756748349360E-51  2.3908177270861E-46
  1.1604669936777E-50  7.9274541400792E-52  1.6515444183116E-51  1.0324815021280E-52
  7.1389567559212E-52  5.5173080571622E-50  1.6812683298171E-58  0.0000000000000E+00
  1.5353758038685E-48  0.0000000000000E+00 -2.3923168206519E-60  1.8196949209330E-49
  1.3525827481075E-49  2.4972440015054E-58 -6.5344300300101E-58 -1.1874212862499E-57
  9.6822715743231E-49  1.7649383469474E-50  4.3522549243636E-50  2.3098431038209E-53
  1.9589217361727E-52  1.1544843065756E-52  1.9079144621048E-48  5.0791467273205E-53
  1.7747792669930E-51  1.9119819837295E-51  3.3249518323460E-49  2.8394758841096E-50
  2.2244754088949E-48 -5.0799724037799E-58  3.2314001212729E-54  2.4725234452217E-51
  5.5405413111100E-47  1.2083597505435E-49  9.4167475084726E-49 -1.1421940378208E-58
  1.4748735893679E-58  8.4445951951971E-57  2.5586688728160E-46  3.0744273267308E-50
  4.2878027620242E-49  1.3397287542443E-60  4.2256565174101E-60 -9.4336348621379E-60
  1.7365101500185E-46  2.0939472276454E-51  1.4272642043483E-50 -2.6670460545027E-67
  7.0610986201353E-54  1.1272217606877E-56  3.6866663565592E-47  1.9294840953743E-53
  6.4052626456775E-53  1.4637417160516E-59  3.6508662542910E-50  1.2394486971349E-52
  8.1834322402393E-49  4.4020178521024E-55  2.8702097845795E-55  6.4906169239897E-58
  5.0962712653999E-49  1.0518693206736E-49  3.0957244540069E-52  4.8110592504000E-56
  7.6293821294931E-57  1.8028817419674E-63  1.0751159943101E-48  3.5020388759448E-48
  3.4038519688578E-59  1.1629645259690E-59  8.3418223621237E-61  4.8835328552267E-63
  8.1012268143012E-48  2.5698357818305E-50  5.2342238341270E-59  2.7882294833164E-60
  7.8434614320799E-59  8.8163993215881E-56  1.5447891379186E-47  1.0849434458047E-56
  1.6218159367798E-52  4.0362206474418E-57  1.3036152211676E-54  1.4782369575696E-51
  5.7343031436409E-49  1.9414027296753E-57  1.8545822451230E-51  2.9113938592599E-61
  3.9001788510350E-53  2.2560982575911E-49  1.3727354404514E-52  6.9922448463484E-51
  3.5872186291136E-53  4.9649533179432E-63  4.8473633051238E-54  2.0670622437031E-48
  4.7192995023482E-58  3.8027038171026E-49 -2.7308991681682E-58  2.0967429576170E-60
 -8.9375386617520E-58  5.5548922798835E-50  5.3613818301424E-54  6.1816809564260E-49
  1.8071172116112E-53  1.9001285162815E-51  1.6590431405316E-49  5.9419645623515E-50
  3.1661020310980E-50  2.8325835835423E-51  1.0066593778090E-48  1.6279995674209E-50
  1.2776881990878E-54  6.2432765111479E-50  8.9099453459551E-51  1.4219883659672E-51
  6.2287061673173E-55  9.8786553333150E-49  8.4413086648374E-59  8.7762089811708E-59
 -2.8593455381793E-58  6.2441961881399E-58  1.5201548440000E-47  3.7513556760704E-51
  1.7998762763720E-48  1.4030339342106E-53  4.3595183273335E-57  5.7456766547092E-56
  1.7128238885402E-57  4.0031810483392E-56  2.2401217002376E-48  1.0222545823858E-50
  3.3722676628181E-50  4.0417924060212E-50  2.2988038727582E-55  1.4205664349862E-54
  1.1504390633382E-55  1.2379148789379E-57  5.3003329975812E-51  3.2698991446569E-51
  7.4055398590356E-53  3.8557638640454E-48  1.1250830192933E-53  4.3270080313258E-54
  1.0111292094122E-53  9.0761488156969E-58  6.3194211265891E-55  1.9811081398124E-54
  7.4721421926342E-56  8.7617240092379E-48  2.1756461089547E-51  2.5556171474745E-53
  3.4107557593793E-51  3.7498166920953E-58  4.4941831208115E-57  5.5253683106472E-56
  1.0318049305469E-55  1.0176111991884E-47  1.1402482227360E-49  6.0899086611424E-53
  1.9141137942725E-49  6.8390349330005E-58  3.4290860039739E-55  1.1948309164457E-53
  4.8224860399161E-52  9.3798325188181E-48  1.0715103519692E-48  1.0770585561799E-51
  1.1192082114226E-48  5.8742874942572E-54  2.4344813847913E-52  1.2200552914705E-51
  1.6731877354698E-50  1.2021673666330E-48  4.0998105141608E-49  1.5647146153738E-50
  1.0737786499336E-48  3.3048098590527E-51  5.9084464600156E-50  1.4634684290688E-50
  3.5338282990223E-51  2.8834721248357E-50  9.2582513981155E-51  5.2482153565582E-51
  7.6232112196622E-49  8.3237062611610E-54  1.0655842028801E-47  1.0861473865039E-54
  4.3693105519085E-49  4.7625034905055E-51  1.6064873914447E-56  6.6806349184204E-54
  9.2224544923193E-57  2.9684170499705E-53  4.1019577921972E-49  3.3559237775832E-51
  1.1027537459221E-50  4.8051859932815E-50  1.1011498694944E-54  1.4283012980391E-53
  1.1007736121647E-54  1.1142167488794E-53  2.8280317497136E-51  8.2813264115368E-51
  7.2805122909017E-52  1.4715440375092E-49  4.4505020415449E-52  4.6825045245096E-54
  3.4850322794975E-52  5.3194791209175E-54  1.1563523819958E-52  3.0907173889510E-51
  6.0726503120464E-52  1.0935185919072E-49  6.3734543236526E-50  7.4071690367660E-57
  2.7326562150789E-50  6.4251579289816E-54  5.3879560802017E-53  1.4138518148775E-51
  1.6578780682271E-50  4.6382234356139E-50  1.0277088770543E-48  3.0861058821041E-59
  2.2866058536268E-49  8.1987734944669E-53  7.4555158154412E-52  1.8588000688097E-51
  1.6625418755846E-49  4.1356924988303E-50  1.1626029758232E-48  1.9168310123117E-52
  1.9239562852148E-49  6.8757973588980E-51  7.7695717041609E-50  6.0621450183296E-52
  1.6508300843885E-50  1.6184479759559E-51  1.0249769288082E-58  2.3341218937222E-53
  3.3821441671678E-59  5.0348083786433E-51  6.5401050170485E-51  6.6426099370069E-50
  2.7325380919491E-51  1.1529318031013E-51  2.9946663104056E-54  5.6023965700513E-54
  1.6240914099972E-54  2.1010427183892E-51  1.6319773804629E-51  1.4408949493380E-49
  8.0027963974543E-51  3.9050152194652E-52  3.9449688240206E-51  6.9891186099414E-56
  1.2585418977392E-51  1.2271797707767E-51  3.1257075645972E-51  2.7213438817235E-50
  1.9269897411850E-49  3.2902603939977E-53  3.7938667021806E-49  7.0583233141654E-61
  2.6291618498206E-50  3.3416845571370E-49  2.6823836070315E-54  1.9471874005972E-49
  3.1175124649996E-54  1.0080050929388E-54  2.1949145321637E-58  2.4945937400889E-55
  2.0242357363955E-58  1.4001187465300E-49  2.2113984174916E-53  5.7967409374915E-49
  2.3537715381542E-53  1.7582759147517E-54  2.8802629588570E-54  1.4818315598790E-55
  1.1853961564108E-54  1.6935900547176E-51  1.2262590884960E-71  0.0000000000000E+00
  2.1825745855483E-51  0.0000000000000E+00  1.2858019629705E-70  6.0740738328110E-52
  3.5671296624301E-51 -9.8114429088038E-60  3.6780106897475E-59  4.1653267753534E-60
  2.8982854537982E-51  6.2215358141591E-53  1.0136623881038E-51  3.6566284718888E-55
  3.8357102739558E-54  2.4003825693530E-55  4.9110159538132E-51  2.1830084031894E-55
  3.0899302318838E-53  3.2948712208483E-53  7.6598668142955E-51  7.0469427710325E-53
  2.4973049769237E-51  2.0234146085032E-59  3.2693725440954E-56  7.7422669858964E-54
  1.9518254096775E-49  3.7551357078162E-52  1.1274764153279E-51 -3.7239408622763E-61
  2.2875594653022E-61  2.4203724126625E-59  7.9841205701475E-49  1.0545355845246E-52
  7.7598661263357E-52  1.9291813457956E-63 -8.9732134240868E-62  1.4300674053283E-64
  3.5087113822960E-49  3.7984810516992E-54  2.6650902314823E-53 -1.2345705213949E-69
  2.2620357952550E-56  9.4225660187795E-60  1.0965583516679E-49  1.7353273411804E-56
  5.5297031336730E-56  1.7033615252766E-62  1.2204736541732E-52  6.9117840128655E-56
  2.6306846240092E-51  2.3257124681062E-58  1.5392540947837E-58  1.1337134088122E-60
  1.2959844568777E-51  1.8409610729990E-52  7.9874747802504E-55  8.3265945970705E-59
  1.1493494604814E-59  2.1566386209459E-66  2.1210137792196E-51  7.5375163112736E-51
  3.4459245551130E-62  3.0393227668414E-62  2.1466516807303E-63  5.1895849404837E-66
  1.8416072790088E-50  7.2891939270102E-53  5.3557151972168E-62  7.0550989806080E-63
  1.7599222803964E-61  1.9061068677515E-58  4.8220404360726E-50  1.9516082799398E-59
  3.0890026988638E-55  8.9328403392834E-60  3.7102265585952E-57  4.1098170067871E-54
  1.8188675747521E-51  7.2773857096289E-60  2.8512242059972E-54  3.0501347996264E-64
  1.3037075091163E-55  4.8989809477070E-52  3.7317494903333E-55  1.3921038501573E-53
  6.5325411336892E-56  3.2879922293149E-66  1.8431488179414E-56  2.6763860052819E-51
 -1.3950958015865E-60  5.4257299332984E-52 -2.5951844208288E-60 -4.1108884912765E-63
 -3.8588970278563E-60  1.9346883955704E-52  8.9903159612711E-57  1.6753688362898E-51
  2.9900386298332E-56  6.6325662237197E-54  4.4612812858946E-52  9.8439922414347E-53
  8.6777969333795E-53  5.5079154101409E-54  2.9700060740127E-51  3.6671411017552E-53
  2.4829859124333E-57  1.2136148923610E-52  1.9516901869857E-53  2.6271046369692E-54
  9.6578816618744E-58  1.8129429783123E-51 -1.9593700604156E-61  6.4859674889124E-62
  6.8925284424166E-61  1.1651298630484E-60  4.3112528009052E-50  7.9973786772032E-54
  3.5256546500897E-51  2.6897776632316E-56  8.2687827378099E-60  1.0611212485144E-58
  3.2964613677322E-60  8.8772957064858E-59  6.9030333062213E-51  2.5539872763093E-53
  6.9258645858278E-53  1.0823986568160E-52  3.7549149214272E-58  2.3716938590282E-57
  1.6619418715192E-58  1.6359110818013E-60  3.4164082345861E-53  9.8216246752056E-54
  1.0371753627171E-55  1.2352058133200E-50  1.3518353044072E-56  7.6858140125583E-57
  1.3244681211137E-56  1.1552224988015E-60  4.4560279596974E-57  1.6888034513701E-56
  4.7560674041106E-58  5.8858382600163E-50  4.6377795533723E-54  3.3928152552179E-56
  6.1591717802754E-54  8.1215505786237E-61  5.5068516178853E-60  1.3582373451396E-58
  2.1429491916943E-58  2.7824179142924E-50  3.5784499116110E-52  1.2201444482664E-55
  3.8327548419077E-52  8.8294209763519E-61  1.4405126166250E-58  2.8415573294512E-56
  1.6263576540373E-54  1.8748145701402E-50  3.5601914645548E-51  2.9682148398303E-54
  2.0901052901872E-51  1.9338462064740E-56  2.3600264919443E-55  2.2796280593170E-54
  5.4505677054525E-53  2.9760959044759E-51  1.3410076524364E-51  3.6039310755944E-53
  2.0909631830321E-51  1.1434366832667E-53  1.2715220580749E-52  4.2460430004988E-53
  8.2858184137749E-54  6.5701253402495E-53  2.2324295044128E-53  1.2054796834968E-53
  1.5916654311220E-51  2.2941138775421E-56  7.0726570461010E-50  5.5029173341076E-57
  3.0361013173665E-51  3.3171487532770E-53  2.3771038034698E-59  1.7615795512165E-56
  1.2357761920872E-59  5.7166933759693E-56  1.1618816510456E-51  8.5030498616174E-54
  2.8860300210515E-53  1.1917412612526E-52  2.0981501980334E-57  3.0582419434342E-56
  1.9294785244611E-57  1.9689064133315E-56  7.4393582453697E-54  3.3309662761027E-53
  1.9917615641068E-54  3.6019259819211E-52  1.0993914077385E-54  1.0268361389807E-56
  5.5086015014392E-55  6.9342937379446E-57  2.2369382900765E-55  6.5685769580781E-54
  1.8630914966851E-54  1.9956156714955E-52  1.7452581894033E-52  1.3855172753651E-59
  6.5250376628959E-53  1.4031748839851E-56  7.5338938848633E-56  3.8705706318886E-54
  5.7191989283448E-53  1.0107399641079E-52  2.9123972725060E-51  6.4032907021127E-62
  4.7620996018703E-52  2.2833537428243E-55  8.8817403355910E-55  5.8724633999276E-54
  6.3152749564912E-52  8.1320629699431E-53  3.8305084329000E-51  5.0203701728106E-55
  3.4514572123190E-52  2.1895191870130E-53  1.8143908886031E-52  1.3932172601861E-54
  5.1822710245659E-53  3.9281009616609E-54  8.5440572223523E-62  7.1753060613787E-56
  4.6779104053204E-62  1.0405807973326E-53  1.9671240727707E-53  1.9008514167233E-52
  6.9259174519043E-54  2.1928322844979E-54  7.0071863849714E-57  1.2081760552338E-56
  3.3997209726787E-57  3.0434103270236E-54  5.0062910350058E-54  3.2347509480515E-52
  2.3694453342776E-53  7.1201106962970E-55  1.3519478733985E-53  1.8369672143004E-58
  3.2331620908935E-54  2.4064427879531E-54  8.2220029644540E-54  6.4796431353376E-53
  5.3728986664043E-52  5.6454748919165E-56  1.1230901128109E-51  1.3006695148786E-63
  6.7340741103357E-53  7.5920511859097E-52  8.8932596949396E-57  3.1903039498470E-52
  7.4106914249788E-57  2.3737705374069E-57  4.0635552131462E-61  7.4706430220150E-58
  3.7256589210858E-61  2.5325534547144E-52  4.9891582481118E-56  1.3133465384034E-51
  5.5768578549711E-56  3.1985871564603E-57  7.1515210764510E-57  3.8668708630344E-58
  2.2617028972923E-57  1.5679956543736E-53  1.0996966905790E-73  0.0000000000000E+00
  5.8454150992474E-54  0.0000000000000E+00  5.2701712406867E-65  1.5199465085799E-53
  2.3638263553440E-63  9.5853412582517E-55  1.3489551338899E-62  1.8754120882129E-66
  1.4245286170548E-62  6.8538720572184E-56  7.3205916262062E-54  3.5726971533199E-61
  4.1107713054404E-56  6.0364476674394E-69  1.3405177988625E-57  2.5508799066557E-63
  2.5690109152952E-52  1.2541056529587E-57  1.8784256420876E-59  1.0564346131334E-62
  9.4982109289140E-61  1.9586377258971E-64  1.1801356593692E-53  6.2826246886486E-54
  2.2223079602691E-59  4.2316056924236E-62  5.4152508176361E-63  5.0105135043448E-66
  5.7972102548148E-55  1.0520454580011E-59  5.0100130280922E-53  1.1511774576941E-61
  9.6460939480229E-62  1.4356479666791E-66  8.0789465614976E-64  1.1398367727745E-66
  1.5353111949271E-51  3.1601723794607E-57  2.5762347713119E-56  9.3844677500080E-72
  8.6776421576401E-62  4.4508733279544E-59  4.0486664097437E-51  1.2804256176780E-54
  4.3122994406035E-54  3.2007986195361E-58  4.6494571141707E-56  2.7463199008587E-55
  1.6230914879583E-52  1.3472376038283E-54  6.6711428490238E-54  1.9560851287157E-54
  1.5069419190693E-53  3.9141253446854E-59  3.4923675566572E-58  2.6389926849386E-59
  3.2729910233698E-53  6.1051585774524E-54  3.4581108709235E-61  4.7031524026857E-61
  1.5862458016192E-61  4.5597370884903E-56  2.5596246099737E-55  1.5330928822800E-53
  1.0195278799609E-60  1.3343501523846E-55  1.8018812647830E-54  1.3638079257783E-55
  2.0111259022807E-55  1.8022093132947E-59  1.3975612921354E-52  1.8299980798247E-56
  4.5370633368205E-54  5.8751903873443E-55  9.9642270220333E-61  7.6987713773897E-59
  9.1470020974586E-61  2.6365931299268E-60  1.3326320068817E-55  2.1626604548494E-55
  6.2478204848223E-57  3.8146468079910E-53  2.1294272128406E-57  7.6603932331931E-59
  2.1406281482988E-57  3.3091783990882E-55  1.7099063821170E-55  5.9650218763570E-55
  7.1056736779135E-56  9.0042119947189E-57  7.1949340404978E-61  2.0710487456464E-58
  5.9846568162914E-61  1.5481735005147E-60  1.8190727188339E-59  1.4036771649262E-57
  1.4381472046312E-57  1.0125067022073E-53  6.3415414269902E-54  1.1176028346477E-60
  2.6288188123520E-54  1.4681946570063E-58  1.3896283342683E-58  1.9068420767331E-56
  1.2996813721260E-54  4.8756116416736E-54  3.3601999979218E-53  1.7563379887895E-56
  3.9130080641779E-54  2.2992252168292E-56  2.7962705623273E-56  1.9705681518806E-54
  3.8871455861796E-55  9.2208635787281E-58  2.4738238149125E-55  2.6482578599020E-61
  4.6210793316052E-56  5.1432656985476E-56 -8.0560528322954E-64  0.0000000000000E+00
  7.6151515291632E-57  0.0000000000000E+00 -2.5077765188949E-67  4.2498826469599E-56
  3.0933277864872E-65  1.3457513106362E-57 -7.1949853701218E-66 -2.9988134370515E-69
 -6.2468372471495E-65  2.6495317517848E-58  1.3112776013340E-55  6.0298935513073E-63
  7.7474660827771E-59  8.6749623879594E-72  3.8173214991093E-60  7.2708756168735E-66
  6.8652279583058E-55  2.6109010982626E-60  4.1303315777863E-62  3.0668474887078E-65
  2.0978868601392E-63  4.1558957493559E-67  3.6135749255614E-56  1.5515891235026E-56
  5.0901473334039E-62  1.1412399590621E-64  1.5969102321563E-65  8.1031959710880E-69
  1.9294672883034E-57  8.2846107013430E-64  1.6422024452258E-55  9.2422999176576E-66
  7.2050262400429E-66  3.4365190045557E-69  1.6994102188901E-66  1.2783780157779E-67
  4.4769287257882E-54  6.9206204350127E-60  5.3711795853399E-59  2.6284298536670E-74
  1.8362066217954E-64  1.6914189811211E-61  1.3585389277769E-53  4.2391926509413E-57
  7.9413760801259E-57  1.2752386081577E-60  7.1748672713386E-59  8.1486342895038E-58
  7.2719932080214E-55  4.3970802461770E-57  1.1766958605772E-56  5.3278648375628E-56
  4.7165514544814E-56  9.3581027021769E-62  8.7606096934591E-61  5.4101909251665E-61
  6.3301959478473E-55  1.4390995446397E-56  1.0363011562147E-63  1.3135757291911E-63
  5.1224792028346E-64  1.2637943324813E-58  6.9661143409575E-58  4.8355087868248E-56
  2.5535378696927E-63  6.7813695908845E-58  4.3318975091350E-57  6.0308470248040E-58
  7.2700559407518E-58  5.7910748887120E-62  4.2109293028231E-55  6.8629184084199E-59
  1.4530518856222E-56  1.9470510060213E-57  2.5390709873418E-63  2.7299281318088E-61
  2.1023367981014E-63  6.3254503451447E-63  4.5553924693190E-58  8.6066935357994E-58
  1.8126114260288E-59  1.0995932574843E-55  5.3292455381922E-60  1.8346890059060E-61
  5.2632230454561E-60  6.5612127301017E-58  4.9805947563774E-58  2.7458169599977E-57
  2.1788270778831E-58  2.0669750932928E-59  1.8618581027949E-63  7.9876873166353E-61
  1.7875545392448E-63  5.5340323103044E-63  2.2158408838434E-61  2.8702238472855E-59
  2.5515026399233E-59  1.5873955271520E-55  2.4719637808118E-56  3.1052520276348E-63
  1.0338173896693E-56  4.6266590124744E-61  8.5674372408576E-62  6.1829902636666E-59
  4.6560131731255E-57  1.4972894001207E-56  1.1676280440258E-55  6.9343148233057E-59
  1.0037855477210E-56  4.3270815393233E-59  8.7272512735499E-59  5.8745252497598E-57
  1.1480436839370E-57  1.9143549118661E-60  9.2750316870752E-58  7.6710389352114E-64
  1.4643821227223E-58  2.4399338335356E-58  2.0946247387408E-78  0.0000000000000E+00
  7.5791288416687E-60  0.0000000000000E+00  1.3030589538483E-77  1.0715119734326E-58
  4.0285430792295E-67  1.0766447765985E-60 -9.2506032890079E-68 -1.6356898409788E-73
 -2.3010269430173E-67  1.2175084083372E-60  5.7773515861353E-58  6.9600799679680E-66
  1.7162301035665E-61  2.1743437026690E-74  1.5168918829872E-62  2.5730113869902E-68
  2.5682578322309E-57  9.4740407931976E-63  9.9545312912264E-65  1.0871795856014E-67
  6.9217227071739E-66  7.7807085967400E-70  1.2528342216551E-58  4.5952611575670E-59
  1.7849872904779E-64  2.8402980796175E-67  4.3872813532365E-68  2.3629170314198E-71
  9.0329516190749E-60  3.5166707179665E-68  4.7520949271635E-58  3.2350669457465E-70
  5.5973678893507E-70  1.0780470962047E-71 -5.2088450837040E-68  4.4700050325690E-71
  2.7431776017974E-56  1.5704113394939E-62  1.3616151598885E-61  1.3682549495732E-67
  3.5160507267936E-67  8.3086973125964E-64  6.2828927651933E-56  1.7223079243679E-59
  1.6280780887787E-59  3.6905111632978E-63  2.0283719874709E-61  3.0324610331889E-60
  3.9608494238531E-57  2.0845464449655E-59  1.8773241581165E-59  2.2311502148157E-58
  2.0778259128017E-58  3.1293927010230E-64  2.2096816004851E-63  2.0934513508522E-63
  2.7197622985417E-57  3.3862293771628E-59  4.5775064993584E-66  4.2839775012452E-66
  2.0170919635194E-66  4.4250251110948E-61  2.1127857437586E-60  1.4468245918807E-58
  7.4399115332824E-66  2.7377823748060E-59  1.1599416009814E-58  1.4892218382540E-59
  2.8542047865121E-59  2.0908822478038E-64  1.3737489741386E-57  2.7687728836321E-61
  5.0361778150076E-59  7.6242539016301E-60  8.0631219901644E-66  9.7284448690867E-64
  5.9871880367678E-66  2.6524571646940E-65  1.8293144047412E-60  3.6893845009418E-60
  4.3021289641523E-62  3.1270489698965E-58  3.4798698219969E-62  5.8142355331380E-64
  2.6339356414009E-62  1.6478422511172E-60  1.8847840389991E-60  9.5888690784577E-60
  6.4062910484832E-61  7.0225974785903E-61  6.0077008493342E-66  2.9905952808075E-63
  4.3117729098080E-66  1.7394646156218E-65  5.7143787063271E-64  1.2941824924974E-61
  1.0969530109080E-61  5.2056592018411E-58  1.1466481888013E-58  9.9407299408098E-66
  3.2914066002568E-59  1.7569250700597E-63  4.9253415222956E-64  1.8847585161807E-60
  1.1560934843136E-58  3.8177636461603E-58  5.6948173881742E-58  2.8592788089468E-61
  2.4428925024606E-59  9.7905278463235E-62  6.7639129548496E-61  2.9554715773708E-59
  4.2503014701699E-60  7.0708296988329E-63  3.4339837049872E-60  2.5216172246361E-66
  4.8731538476067E-61  1.4299096771432E-60  8.0222079388107E-81  0.0000000000000E+00
  5.4356933245561E-63  0.0000000000000E+00  7.0672061368188E-80  4.4229359788145E-61
  9.5745303063982E-70  1.4930318834976E-63  4.5964789336627E-69  2.3662250240144E-74
  1.0272735556349E-69  2.9953318119379E-63  4.0882099413018E-60  2.9116572756670E-68
  4.5074576476017E-64  8.6143115946749E-77  8.5734919620043E-65  1.1683505214255E-70
  1.1691691341371E-59  4.4198028296610E-65  2.9441001169380E-67  5.3935207573056E-70
  2.5512436828062E-68  3.1833319351118E-72  4.8649669526725E-61  1.7036463832157E-61
  6.0881278044304E-67  9.3743353515727E-70  1.9100807140674E-70  1.0564704408217E-73
  4.6673382592497E-62  2.2277032212258E-72  2.1297283713459E-60  1.8863923063853E-74
  2.7079821010991E-74  3.6462980667360E-74 -3.3093385520085E-70 -2.5931622016346E-72
  2.1524342028037E-58  7.5006588261384E-65  4.4068240486204E-64  5.6824550647100E-79
  1.0883979501925E-69  4.1455820734706E-66  2.6535329997277E-58  9.2298805333051E-62
  4.0833038505115E-62  9.8951751319313E-66  7.2393260246928E-64  1.1431897590603E-62
  1.1471065542377E-59  1.1416704338756E-61  3.3074540754752E-62  1.3581066135271E-60
  1.1323708672996E-60  1.0503959125329E-66  8.4226197722200E-66  1.0141820317488E-65
  1.2609445765516E-59  1.0687833068333E-61  1.6047356419006E-68  1.7391295970935E-68
  1.3182005902959E-68  1.4836461573936E-63  9.7878334947180E-63  6.8939067277053E-61
  2.9905135335222E-68  1.2438413797742E-61  5.0436449209701E-61  7.7752717527847E-62
  1.3074634986956E-61  1.7946645277594E-66  6.3889343424314E-60  1.1110569222025E-63
  1.8839499442225E-61  3.1458615349202E-62  2.5898423714718E-68  3.4750092794205E-66
  3.8566335231857E-68  1.0176328896647E-67  7.7823971432571E-63  3.0339679446633E-62
  1.8979631192562E-64  1.7822582582945E-60  1.3279970239333E-64  3.9105312503629E-66
  8.7931686274180E-65  7.4535717821900E-63  1.0838696383534E-61  5.4605601935049E-61
  2.5550121147804E-62  2.9870749012987E-63  2.6022933851367E-68  1.7095320296420E-65
  1.1600138620752E-68  5.6915437438157E-68  2.4146089935394E-66  5.6467174679311E-64
  5.9934313502065E-64  2.0334494993784E-60  6.0968851127813E-61  4.1241761464572E-68
  1.6195489447447E-61  7.7488333419424E-66  5.0071366029011E-67  1.2108170370729E-62
  6.5641546860280E-61  2.8957703127395E-60  3.0740330873678E-60  1.2567647658786E-63
  9.1181095433515E-62  1.8497511919618E-64  2.6158737509555E-63  9.8877598012165E-62
  2.3493700205322E-62  1.8654579869583E-65  1.3195241239696E-62  6.0480372220573E-69
  3.2986896492487E-63  1.3606439150451E-62  4.8235343075856E-83  0.0000000000000E+00
  3.9166600121178E-66  0.0000000000000E+00 -3.7455066367013E-74  1.7908990609759E-63
  6.6365062685408E-72  1.5391048926009E-66  1.1924532606222E-71  2.3134595216929E-76
 -1.7568625567396E-71  2.0673756802830E-65  2.2082209840434E-62  4.3404629708627E-70
  1.4182015434550E-66  2.8501893201962E-79  1.4112757662840E-66  7.0542004263210E-73
  5.8863754338607E-62  2.7243644566252E-67  1.4534344567269E-69  3.5197001943486E-72
  1.1193134954115E-70  1.7405289795057E-74  2.2713813764478E-63  8.2276497768172E-64
  3.4681187023448E-69  5.0532961245486E-72  1.0803091370137E-72  5.6739928629861E-76
  2.2700241336107E-64  4.2208167787098E-75  1.5273183972437E-62  1.3012701861034E-79
  5.0796156904087E-77  1.7075957586395E-76 -2.1975009702920E-72 -8.2505405898178E-75
  1.4661992838281E-60  4.9769478875935E-67  1.8996761735221E-66  5.9684539963678E-72
  4.5452788398531E-72  3.1607969217754E-68  9.4100106002330E-61  5.5626875946488E-64
  9.0544332703360E-65  1.4818856769796E-66  3.3951895046876E-66  7.4794111565935E-65
  6.9584300895255E-62  2.2549821827222E-62  2.3754480422097E-63  1.0167454250489E-62
  8.5014806032282E-63  5.1441076977701E-69  8.3545415613383E-68  4.9918058173914E-68
  6.3726465126244E-62  5.0629294245689E-64  6.6862474514198E-71  7.2005331598115E-71
  7.6191750291939E-71  7.1849306221399E-66  5.7537462954832E-65  4.2018343774936E-63
  1.5896890308484E-70  8.0796813046665E-64  3.1229899036590E-63  5.1896961634930E-64
  6.9550125956105E-64  1.3352361466378E-68  3.2738844440380E-62  8.6343952573927E-66
  9.1140966872409E-64  1.3967173721020E-64  2.7826493652794E-70  2.1643837087600E-68
  3.0201821963129E-70  3.9205144360458E-70  4.7903292147495E-65  2.6251156392242E-64
  1.0186622560524E-66  7.7906278381651E-63  6.6630692492143E-67  2.0721904537264E-68
  4.8267787777926E-67  4.1914026386952E-65  5.2465752117749E-64  2.8427399958996E-63
  1.6606553898412E-64  1.4210374846767E-65  1.0190009559028E-70  7.0725572585006E-68
  4.9165156794220E-71  2.6018715934406E-70  1.0686853497583E-68  5.7057119091522E-66
  5.7567610483490E-66  7.2527338726190E-63  4.3564806887218E-63  2.5039464130014E-70
  1.0299459917878E-63  5.2758909905877E-68  7.2287870604975E-70  6.5576341265641E-65
  3.6434999169549E-63  1.4630681168263E-62  1.8008081699182E-62  8.8026980334360E-66
  3.8351297144173E-64  5.2720191294672E-67  4.4409485224027E-64  1.6521543803507E-62
  3.2122007355429E-63  1.2219271930599E-66  7.7602667053985E-65  3.0058820485433E-71
  1.5391315980971E-65  1.3565714700524E-64 -2.3898223008158E-72  0.0000000000000E+00
  1.8555042277106E-69  0.0000000000000E+00  1.9265469534526E-76  1.2645635930868E-65
  1.2845056718179E-72  3.5040589483826E-68  3.9531626859132E-72  6.4979224083647E-79
 -1.7797396401355E-74  1.8845344503149E-67  1.6545556402354E-64  6.4158949190276E-73
  5.4189756298934E-69  1.5664879257095E-81  9.1842569028915E-69  1.4186495256947E-74
  3.7495972614494E-64  1.4492405818092E-69  9.5832937906502E-72  1.2690401447771E-73
  4.6397439254714E-73  5.2279440341458E-76  1.3968083192107E-65  5.3660269472838E-66
  2.7000935844871E-71  7.2386484016309E-74  3.2238195304265E-74  4.9519708645979E-78
  2.0913547549411E-66  6.1268610724233E-77  1.4397111471575E-64  2.5651154419027E-79
  7.1544862484549E-79  9.2753659248563E-79  8.4484133521821E-75  4.4892955421618E-77
  9.6056431772864E-63  3.3580366961053E-69  1.1303501384399E-68  5.6899729577247E-74
  2.2733693380661E-74  2.2774845132922E-70  6.2187331008931E-63  6.5872755154765E-66
  1.9867121629531E-67  1.0948416161592E-68  2.1663674277080E-68  4.4664994361527E-67
  5.4584261509217E-64  2.0073968260988E-64  6.3157479716554E-66  6.9854461935574E-65
  5.9841631446786E-65  2.2919649167049E-71  5.3418263684847E-70  4.0138311878498E-70
  5.5040663774997E-64  3.1287652105913E-66  4.7834816692719E-73  5.1605787673414E-73
  6.2666405184425E-73  3.7669927484361E-66  3.6874317873757E-65  2.8307450702004E-63
  3.8789315126167E-71  7.7495040834782E-66  2.3106789854282E-65  4.4210449356321E-66
  6.7957793753758E-66  1.1598683526230E-70  2.2374214862948E-64  8.5138157281841E-68
  6.1032492913339E-66  9.1341827949230E-67  1.5234460060820E-72  1.1528016169301E-70
  1.7670225192734E-72  2.3759922771703E-72  8.2471603174649E-67  6.2621088638170E-66
  1.0282017106235E-68  5.2167788625087E-65  4.4963331834510E-69  1.5332379042396E-70
  2.6102557606546E-69  2.6416774570217E-67  3.5887953900317E-66  2.1540536831249E-65
  1.0500118410830E-66  8.3754142414581E-68  6.8165057414343E-73  6.5045851874249E-70
  3.5337470578016E-73  1.6803568811413E-72  4.8958708435675E-71  4.3199831404270E-68
  4.4571207129559E-68  4.0618563792780E-65  2.2951915001081E-65  5.3514883091752E-72
  8.6792642951009E-66  1.9542910513827E-68  2.0253758319623E-72  5.0720275287914E-67
  2.5324346221469E-65  1.6042363627050E-64  7.5861363798542E-63  5.1879041273485E-66
  1.2008185314787E-64  1.7803479300550E-69  3.7086581743477E-66  9.9294316165459E-65
  2.4496713356371E-65  4.4942314462199E-69  5.1793449367299E-67  1.7741158516507E-73
  1.0171782159561E-67  1.8764207411066E-66  4.8321735573802E-87  0.0000000000000E+00
  6.3819783314087E-74  0.0000000000000E+00  1.2666801513832E-78  1.2322219319678E-67
 -2.6248202089983E-75  2.4785656932071E-71  3.1975435717614E-74 -1.0037000376533E-81
 -1.5456480276293E-75  2.2268325974907E-69  1.7220260545044E-66  4.9653131173403E-74
  2.4616889359668E-71  5.7361603981444E-83  7.0403595488222E-71  1.8034813548491E-76
  3.2383172679771E-66  1.1995874446361E-71  9.9882136333719E-74  1.3609264590409E-75
  3.7351647877308E-75  5.6427604297842E-78  1.0874581005876E-67  4.8792949522354E-68
  2.2498155144672E-73  6.4311846228438E-76  3.4826111491172E-76  6.1544314423217E-80
  1.8140377039873E-68 -5.2922880375965E-79  1.8293918769790E-66  2.5864596995314E-82
 -5.9948855392679E-81  9.2328345210798E-81  2.2746997351235E-76  8.9335318985338E-79
  9.7632663870337E-65  3.0595870147695E-71  9.5625198073566E-71  7.3716341110721E-76
  1.8616695461392E-76  3.2757203854549E-72  6.8379307962093E-65  7.1030795239511E-68
  1.0463164423277E-69  9.7706861105422E-71  1.9375012225666E-70  3.1372153195673E-69
  7.1519297161745E-66  2.7977607358687E-66  2.1650569190576E-68  8.3952859320756E-67
  7.2444541073085E-67  1.1047135207458E-73  1.7665495013949E-71  4.8190681870504E-72
  3.8707147134536E-66  2.7340160683927E-68  4.0927369824408E-75  3.3210795659907E-75
  5.3005941364438E-75  3.6801913057816E-68  3.0440078704292E-67  2.3909959308579E-65
  3.2972214165067E-73  8.3519672958582E-68  2.3423559850191E-67  4.8420825949212E-68
  8.8633930550504E-68  1.4274009263047E-72  1.4806168119386E-66  1.1363725705185E-69
  5.8447587236849E-68  9.2870443090775E-69  1.3478992899935E-74  1.1286862348258E-72
  1.5886743248175E-74  2.0041010662917E-74  8.0759149831948E-69  9.7410483863511E-68
  9.7541431466812E-71  4.3986864600332E-67  4.2843563362550E-71  1.5358106663373E-72
  3.3979850856063E-71  2.0357107813469E-69  2.9712952833915E-68  2.5822757286415E-67
  1.1574561128044E-68  5.4452976058991E-70  5.2785847247451E-75  8.0899590091257E-72
  2.5102407874120E-75  1.3549838934660E-74  3.1987639714956E-73  4.7355988769914E-70
  5.2548937785161E-70  3.2843303795981E-67  3.6146556723678E-67  5.6730136033380E-74
  1.0018176363920E-67  1.9476750078493E-70  1.2666281815369E-74  3.9262805682456E-69
  2.3579025155726E-67  1.8970288113833E-66  8.0177994583758E-65  5.9505480451762E-68
  1.6647675707951E-66  1.0078533993915E-71  4.0978661398079E-68  1.1198487683721E-66
  2.3890593100583E-67  2.0211974469635E-71  5.3024439569822E-69  1.6666573399700E-75
  1.0546189186898E-69  2.6319423634675E-68  6.6016761669088E-89  0.0000000000000E+00
 -4.4638079794029E-81  0.0000000000000E+00  2.6883840653460E-88  1.7061593336277E-69
  1.5637271648123E-76  1.8138865171010E-74  1.1696466215773E-75  2.3984527104031E-83
  1.9257502219036E-78  3.8223510949867E-71  8.0864304337114E-68  2.0979528302579E-76
  1.5045413945454E-73  5.4320859638315E-85  9.7502924976844E-73  4.1105830337541E-78
  4.4902394667454E-68  1.8790299605493E-73  9.6683739149068E-76  2.3533309194214E-77
  5.1332664391042E-77  6.4294186576017E-80  1.4018524305237E-69  5.3059915753978E-70
  2.5006786138455E-75  9.0951997186335E-78  5.2952663140684E-78  1.0788020456267E-81
  4.6049645637240E-70  1.0583964559692E-80  3.2173738798493E-68  2.8433666509450E-82
  1.1627300836794E-82  1.1962042293792E-82 -3.6236696323144E-79 -1.8364721860006E-80
  1.5650652119484E-66  3.9225411000574E-73  1.1784657306981E-72  1.1112770866172E-77
  2.2267985185149E-78  4.1044239007446E-74  1.0073230864824E-66  1.2200311896978E-69
  5.3714360921442E-72  1.1462579825627E-72  2.1382888143154E-72  4.3614209856664E-71
  8.9759871786974E-68  5.3613926748266E-68  1.0768318014414E-70  7.1641547294101E-69
  1.2164925287051E-68  1.1794080804097E-75  2.7147551314025E-73  7.2333688007552E-74
  6.2090780964362E-68  5.5798668204194E-68  1.3814518122199E-74  1.0410715153761E-74
  2.1090378671445E-74  5.7013733014850E-70  3.3113250521305E-69  3.2204539021054E-67
  4.9426588301729E-75  1.1853911852325E-69  2.8022571283250E-69  5.8783106472145E-70
  1.3581001813803E-69  2.3896645182848E-74  1.8083217585184E-68  1.3095235230082E-71
  8.7311084597075E-70  1.1528397185180E-70  1.6983222850330E-76  1.1499090166666E-74
  2.2891315944036E-76  1.7955623737086E-76  1.0733963579749E-70  2.0697830049129E-69
  1.3959755460006E-72  4.7094184215175E-69  6.6376445471249E-73  2.1925413152049E-74
  5.3298799449964E-73  2.8474905874141E-71  4.3869386171507E-70  4.2393306953659E-69
  1.8027698066906E-70  7.0313795788734E-72  5.5011590939793E-77  1.1827688986198E-73
  3.5216949801355E-77  1.4844904092497E-76  9.1258578771623E-75  1.4344627934795E-71
  6.2295193063942E-72  8.4236930098241E-69  6.0261008626415E-69  6.8278959829950E-76
  1.1854582170535E-69  4.2812302525916E-72  9.1258634410943E-77  4.4471511570896E-71
  3.5078688226287E-69  3.1133210234847E-68  9.8161338936260E-67  3.6578479530468E-69
  1.8722665113518E-68  1.2529239965203E-73  6.3743743060094E-70  1.0707598072416E-68
  2.6959401870166E-69  1.1538695288413E-73  8.5858858135007E-71  5.5876783774090E-77
  3.9604581327509E-71  5.7436356788315E-70  1.0282444441219E-77  0.0000000000000E+00
 -3.9874299364016E-82  0.0000000000000E+00  5.8575805095778E-90  2.5870070840048E-71
 -8.0202081868837E-78  2.9110958002147E-77  3.5986092059680E-77 -1.4061249850732E-84
 -1.6207885022229E-79  9.3236661457391E-73  1.3418563845010E-69  1.0734513357135E-77
  4.1196260898012E-75  3.7928622061787E-87  1.8987700455775E-74  9.4728998875662E-80
  7.6191842447480E-70  2.7674502124259E-75  1.3130099651491E-77  5.0466832381387E-79
  5.1584260984580E-79  1.0130091254845E-81  2.6124155137094E-71  1.0049877367121E-71
  5.3491031198320E-77  2.2839323078017E-79  1.1581164602781E-79  2.6491882544628E-83
  1.0471308272075E-71  5.8130724833780E-82  8.0064564175576E-70 -6.3376409462885E-84
  6.1936682533358E-84  2.4212420261070E-84  9.9453890154320E-80 -9.6986801883920E-83
  3.5461518791594E-68  6.4704093283789E-75  2.1578452784473E-74  3.2178601384846E-86
  3.9787797116123E-80  6.1042955425806E-76  1.5550883291097E-68  9.1708801150766E-69
  1.6314327493380E-71  2.3133844108136E-74  4.1380431554266E-74  7.8589868447313E-73
  1.4855540307289E-69  1.4762350832833E-69  1.1344595442525E-72  1.5705419286634E-70
  2.3209483947921E-70  1.3967778723929E-77  6.4948112739106E-75  1.6265115982814E-75
  1.1296631370502E-69  8.5490732338306E-70  1.6868075167351E-76  1.5028381400024E-76
  4.7315940042489E-76  1.1133328591922E-71  5.1442095508126E-71  9.4676723786844E-69
  1.0156630838228E-76  2.7037584608241E-71  5.7807518214602E-71  1.1748371125441E-71
  1.6464799258238E-70  4.7748067724105E-76  3.1255212210126E-70  3.3307319969869E-73
  1.8903036735497E-71  2.2661929281657E-72  2.9726181374640E-78  2.2539646626974E-76
  3.4672667813934E-78  2.4322741194596E-78  2.3683009278498E-72  5.7292993640628E-71
  2.5366966166361E-74  9.2304610509435E-71  1.1508141210848E-74  4.5523358306555E-76
  8.9814733539587E-75  8.0184473496743E-73  1.3597677483987E-71  9.7946985664164E-71
  3.8251642641831E-72  1.3361797596250E-73  1.1667112457169E-78  2.3225045007987E-75
  7.2214493252144E-79  2.3272449775362E-78  1.6437033681040E-76  3.6524257477436E-73
  9.8591801217606E-74  1.6238036818486E-70  1.1848991375008E-70  1.3555258169829E-77
  1.6244741129252E-71  8.2183635857109E-74  7.4331611689048E-79  7.2608802662987E-73
  7.4762541266203E-71  6.2039923416474E-70  1.5677819160669E-68  8.3259175811185E-71
  3.5883280913570E-70  9.0900300437828E-76  1.1106578451964E-71  2.3210061785574E-70
  4.1788083851144E-71  8.7693563612104E-76  1.6511688106675E-72  1.2557749160329E-78
  9.3120878481579E-73  1.4258319218639E-71 -2.3380270455430E-79  0.0000000000000E+00
  3.8215217170539E-95  0.0000000000000E+00 -1.4487705124758E-83  6.0040537464085E-73
  2.4420886560457E-79  2.5185939552632E-79  1.5352288827481E-78  2.5717194263582E-86
  3.3313964305855E-81  3.2900486799108E-74  4.5385194000032E-71  9.6945677516643E-79
  4.9573167429174E-77 -9.1062438153617E-88  5.3894423797547E-76  2.2141072934364E-81
  2.2082992799955E-71  8.9593036098109E-77  3.6288606240859E-79  1.7889497029274E-80
  1.0727494251637E-80  3.7539312496956E-83  6.0959594617150E-73  2.8840132602814E-73
  1.5887889106621E-78  4.9810155032635E-81  3.7576117739773E-81  9.1356638445662E-85
  3.4500752608064E-73  2.1947023439122E-83  1.0465095736501E-70 -4.3093547351851E-86
  2.4539411463414E-85  7.2432635419105E-86  2.4505356200368E-80  1.5984432290786E-83
  1.2044954420862E-69  1.8509012247710E-76  5.9622228477696E-76  1.1230148774259E-87
  1.0782989100473E-81  2.5773832227515E-77  3.1057531156669E-70  3.2989605910622E-70
  2.9182296094177E-73  6.9672103575939E-76  1.1560056848073E-75  2.0642893584050E-74
  4.8726201820289E-71  5.5451463434259E-71  2.2690932715622E-74  5.2130350522218E-72
  7.8960349000301E-72  1.3956570175217E-79  3.0702126199737E-76  4.5755021460136E-77
  2.5744658701675E-71  1.9568041581105E-71  4.9158739196757E-78  4.3542178914466E-78
  2.1989179894896E-77  4.5552329902189E-73  1.4216056839399E-72  3.0506716286162E-70
  2.5714963052418E-78  8.7289590005623E-73  1.3560356277570E-72  2.9585287179918E-73
  5.9347286068402E-72  1.6418165611970E-77  9.4435831489541E-72  1.2153909496114E-74
  5.9707742251287E-73  6.5467403857818E-74  1.7514513863748E-79  6.5101151794114E-78
  1.0511940037764E-79  6.6800985617856E-80  7.2271556883712E-74  2.3826658652464E-72
  6.5446064365703E-76  2.2995848665130E-72  3.5044648858882E-76  1.3978842564084E-77
  2.7977140906060E-76  2.0033552346864E-74  4.2907489244054E-73  3.2416375444736E-72
  1.2690689106184E-73  2.5972310438827E-75  3.5446240941951E-80  7.7804988297158E-77
  2.2281681721802E-80  3.7854540044816E-77  1.2261805693517E-77  2.9696068259114E-74
  8.5043105260412E-75  4.4347009702616E-72  2.9130436016222E-69  3.5481259562699E-76
  5.6106816837947E-70  2.6522501611301E-75  1.5981012959563E-80  1.9081055094336E-74
  2.1314800641652E-72  2.0676947391300E-71  5.0452001986885E-70  2.5920417629490E-72
  9.4282138508333E-72  6.7132589537155E-75  2.8113985308335E-73  7.2272303510551E-72
  1.1280713332241E-72  9.4179908442215E-78  3.9930273195875E-71  2.4678958101692E-77
  1.8102070590168E-71  5.8720608403933E-73 -3.2973962859392E-80  0.0000000000000E+00
  1.9321472868402E-97  0.0000000000000E+00 -6.6420535143253E-85  2.6448401646354E-74
  8.4915399469826E-81  2.8235552195251E-81 -2.6629957924369E-80 -3.4546430396664E-88
 -1.3533794893795E-78  1.7025003119638E-75  2.9679625473244E-72  9.7455744702722E-80
  7.7251831203853E-79 -1.8548320600454E-89  2.2856498404411E-77  1.0885345193850E-82
  8.2697390257565E-73  3.2251873068784E-78  1.5188199808023E-80  8.8133716132322E-82
  2.0451525215549E-82  1.7865435271633E-84  2.5772697914764E-74  8.4076323311476E-75
  5.1308713796169E-80  3.0551341255814E-82  1.2132645473790E-82  4.5084814065787E-86
  1.3817065334497E-74 -2.0345896452865E-84  7.8822999126680E-72 -6.2279816820240E-87
 -3.2284400664808E-86  4.8594245516503E-87  1.8185826974996E-81  1.6557818486796E-84
  5.7708357993624E-71  5.5741024213726E-78  2.5133960908125E-77  1.3590389407325E-79
  4.4551006287298E-83  9.9000207967947E-79  1.2368382303450E-71  1.4915041973468E-71
  6.3658564052780E-75  3.1189591592313E-77  4.8945975143492E-77  8.1502957775382E-76
  2.3156104338287E-72  2.9870167677202E-72  6.3173250850814E-76  2.4362139936306E-73
  3.3840553925611E-73  4.4938146301421E-81  1.7074722562992E-77  1.8544212912806E-78
  1.0673078885475E-72  7.9276909150587E-73  3.0983774414098E-79  1.5222740853698E-79
  1.0408852416600E-78  1.2954003005341E-74  4.7464709049853E-74  8.7319137735922E-72
  9.1052557369287E-80  4.0935774726871E-74  4.2734680027432E-74  1.1502393821296E-74
  3.0970363011626E-73  7.6113560848051E-79  3.5272019220179E-73  6.4432685276877E-76
  2.8070455587890E-74  2.8368453830008E-75  8.2209843749364E-81  2.8218044301809E-79
  4.7800313616875E-81  1.9351671665381E-81  2.3132340255162E-75  1.1771514043750E-73
  2.7686009828924E-77  8.1576965210947E-74  1.1462433554076E-77  8.7924619176519E-79
  1.1480043335973E-77  7.2092195949484E-76  1.9380143743080E-74  1.5612888806048E-73
  5.7086794554264E-75  1.0633089018206E-76  1.6171489066542E-81  1.5389446698143E-77
  7.3413646556199E-82  1.7099033334994E-78  9.0021902914042E-79  1.3453952596585E-75
  3.3442495051368E-76  1.5337883372775E-73  1.4581613266011E-70  1.2988168208015E-77
  2.4444445338382E-71  1.2860416497201E-76  5.6249832772040E-82  7.5835844519470E-76
  9.7295783111124E-74  1.0136322656999E-72  2.0789251187948E-71  1.3721935397722E-73
  4.0515570526705E-73  1.0694785092005E-76  1.2061842047048E-74  2.7532582675828E-73
  3.9689987018792E-74  1.5366845314296E-79  1.6797918859221E-72  1.1832405051783E-78
  8.0266585716845E-73  1.4113878246581E-73  2.2633114144427E-81  0.0000000000000E+00
 -6.4004716437674E-86  0.0000000000000E+00  5.3013346190392E-94  5.0699852086069E-72
  1.0680033451913E-82  4.7706728678971E-83 -1.9010552989034E-81  3.1028640944645E-86
  1.0959250581341E-79  1.1066816117382E-76  2.1976726685982E-73  3.3295536797444E-81
  1.5349145337691E-80  1.1857520272247E-90  1.4696733578201E-78  7.9860695292508E-84
  3.6879374261883E-74  2.5391731599478E-79  9.7180027376842E-82  5.6386142279794E-83
  1.0541206659676E-83  1.2753397298404E-85  1.6294649844097E-75  5.7298847376564E-76
  2.5349671904181E-81  2.0888154691109E-83  1.6281960220744E-83  1.8212531622651E-87
  7.1987306825563E-76 -9.8676609617352E-86  6.2764302192142E-73 -1.3344774915176E-87
  1.1081978950768E-87  3.3544290542255E-88  3.5782170166217E-83  4.3626943829821E-87
  4.0972493192409E-72  3.5794885091774E-79  1.6253378337649E-78  3.0406939786748E-90
  2.8344972037989E-84  7.4338037298556E-80  7.3865774465681E-73  1.1499362577486E-72
  3.0129383194656E-76  2.1282324519891E-78  3.1649301923267E-78  5.1155622692496E-77
  1.6244131309353E-73  2.3336134591739E-73  2.9037267214428E-77  1.7005850875911E-74
  2.0689058355606E-74  2.2523192129666E-82  1.2896160204275E-78  1.2111740724807E-79
  7.6826083030273E-74  4.1851165932254E-74  2.0571335653404E-80  8.0307488680589E-81
  5.4407958094246E-80  8.3034942340517E-76  3.2666457867322E-75  6.0978255564492E-73
  6.1471910361099E-81  2.9095330610298E-75  2.8922671157831E-75  7.2804944555660E-76
  2.4148306471260E-74  4.6769984678399E-80  1.9637842918336E-74  4.1203169395356E-77
  1.6888019827790E-75  1.5450312666675E-76  4.8089210415447E-82  1.5261646606957E-80
  2.7166415909418E-82  1.2114605006187E-82  1.2714419875748E-76  9.9659530114174E-75
  1.7755554422345E-78  4.4448930916323E-75  5.6852327138296E-79  6.1543159119329E-80
  7.9822084607440E-79  4.1676964158639E-77  1.0955764794992E-75  9.1811819270858E-75
  3.2104151012566E-76  5.8617000632718E-78  8.0235583171126E-83  1.1242083987256E-78
  4.2154210013248E-83  1.0846892498307E-79  5.8603532168337E-80  1.0248485972718E-76
  2.3570246371094E-77  9.7518051076818E-75  1.0869457008384E-71  9.6999929724322E-79
  1.8323639478903E-72  9.0828117950360E-78  3.2744994423493E-83  4.4656951945837E-77
  6.6611099538151E-75  6.1332552750488E-74  1.4644449949209E-72  9.0589587052166E-75
  2.6579818791951E-74  2.7725429436639E-78  7.7236666656679E-76  1.9596100175515E-74
  2.4470570857182E-75  4.0579539660171E-81  1.2277039253175E-73  8.7388494551472E-80
  5.9455929130836E-74  1.5564442273273E-74  1.4763003176011E-95  0.0000000000000E+00
  7.6060424876470E-87  0.0000000000000E+00  5.1137600821863E-87  5.6955915926525E-73
  2.0195174864363E-84  1.7235612167282E-84 -5.0297138832560E-83  4.5730508542259E-88
 -1.0093661435223E-80  1.2415708608518E-77  2.1908822500588E-74  2.5784784916655E-82
  7.4276726267190E-82 -1.0496343626829E-91  1.4375014847500E-79  8.7306634151179E-85
  3.6204641195117E-75  2.7316799015832E-80  9.4963539622230E-83  6.3667188985650E-84
  7.7523581592933E-85  1.3626171095047E-86  1.3265065753366E-76  5.6700293722329E-77
  2.6430546081106E-82  2.1536771919334E-84  1.7555726525692E-84  1.3342649129007E-88
  7.6444698674693E-77 -1.8529186409361E-86  7.3242417672469E-74 -3.5805006694955E-89
 -3.8778971963002E-88  3.4940772680729E-89  9.7179691944881E-84  1.2974928968500E-86
  4.3250425262473E-73  2.9501020610173E-80  1.6075860003850E-79  3.3670019839457E-91
  2.7731722027749E-85  8.2379563317314E-81  4.6270464015511E-74  1.3068816660322E-73
  2.3300656095506E-77  2.2144443502883E-79  3.1221324629779E-79  4.7562144547736E-78
  1.6950510105483E-74  2.2893523485581E-74  1.7955386046973E-78  1.8339401011741E-75
  2.2524275843788E-75  1.7189402923470E-83  1.2356938260550E-79  1.2651847362901E-80
  8.2587695992623E-75  3.9827550403845E-75  2.0554026874280E-81  7.8831072537351E-82
  5.6911546656914E-81  8.0859244864276E-77  3.3764505862787E-76  5.3569033521768E-74
  6.2750315264005E-82  3.1514745500880E-76  2.4240765449416E-76  6.9991973098840E-77
  2.6808267990499E-75  3.6237391606250E-81  1.9826651338912E-75  4.7111435044381E-78
  1.7795536670915E-76  1.2849460608946E-77  4.2822851800502E-83  1.5271711125987E-81
  2.8121955533617E-83  1.1618043626107E-83  1.3132530549641E-77  9.9323657936946E-76
  1.4180210143296E-79  4.3433225023553E-76  6.0706799625538E-80  6.4775153271299E-81
  1.1660167879455E-79  4.1346131118064E-78  1.1041593755048E-76  9.6474107145703E-76
  6.7072392247852E-77  5.5938555176206E-79  9.2990494672900E-84  1.0488298417002E-79
  9.0384002258537E-84  1.0503607577651E-80  5.8272121969227E-81  1.1505713351787E-77
  5.1409559447882E-78  7.9533033327951E-76  1.0060287068455E-72  1.0756132321236E-79
  2.0026925991761E-73  9.5747104831555E-79  2.4844150110177E-84  4.0195501113713E-78
  5.6316792388795E-76  5.4611766252711E-75  1.2599004229716E-73  8.6769909680188E-76
  2.1838386971748E-75  1.2360252629927E-79  7.8627842355277E-77  2.0287492598525E-75
  2.3102485082016E-76  1.8803499869927E-82  1.3331128682271E-74  7.8544295609714E-81
  7.1634129769597E-75  2.4964253090649E-75  2.2207712296612E-96  0.0000000000000E+00
  1.4828870136499-101  0.0000000000000E+00  6.3107041668168E-96  8.7024016623867E-74
  4.3955904353903E-84  1.5303858608599E-85 -1.8723885586209E-83  6.6851062845994E-88
 -1.1249854113558E-81  2.0253934929684E-78  3.5002966160767E-75  1.0887286537440E-82
  6.1993007717922E-83 -9.0999172933895E-92  1.2084641385411E-80  9.7909006962441E-86
  5.3237698961175E-76  4.3192819256906E-81  1.3940862363773E-83  1.0437277533427E-84
  9.3672536342858E-86  2.1419111986067E-87  1.5729460813236E-77  8.4129956413955E-78
  4.0796984934448E-83  2.7012069620358E-85  2.7626640909540E-85  1.6983469059812E-89
  1.1939524885633E-77 -6.7336881281897E-88  1.2314351383766E-74  5.7782377376347E-90
 -1.2222696429807E-89  5.3949694840188E-90 -4.1272426337340E-85  8.7440320350817E-88
  4.9086178381281E-74  4.4209386249773E-81  1.6062340093615E-80  5.4199575284705E-92
  4.0770624819798E-86  1.3319687565764E-81  6.3318705393249E-75  2.1526433771061E-74
  2.0814052843781E-78  3.4337215488428E-80  4.6177102665348E-80  4.7420201657800E-79
  1.8248444744751E-75  3.7420386370711E-75  2.1713220040053E-79  2.3085277893604E-76
  2.2982283617534E-76  1.5982716540196E-84  1.3886304149929E-80  1.4105966841711E-81
  1.3035441538661E-75  5.7286637134716E-76  2.9792983605358E-82  1.1270613210509E-82
  1.3785581492529E-81  1.1799974225035E-77  4.3251529681171E-77  6.8682356806289E-75
  7.9451519259204E-83  4.7760414344691E-77  3.6774099293598E-77  1.0102966335636E-77
  4.3133563829921E-76  5.8210023784612E-82  2.9826384262006E-76  6.3295420232039E-79
  2.7674162178513E-77  1.9107035727861E-78  6.6613705674590E-84  1.8494777025010E-82
  4.3040919344956E-84  1.6796050052580E-84  1.9250831229882E-78  1.8023847116774E-76
  2.0821350811590E-80  5.4660341026809E-77  9.1863083121624E-81  1.0070891777235E-81
  1.6562114132598E-80  6.1548190372393E-79  1.6527672785824E-77  1.4823844837511E-76
  1.0039092376753E-77  8.0513328219465E-80  1.4231825661620E-84  1.6550700760216E-80
  1.1692373839335E-84  1.5288327578885E-81  7.4592799778582E-82  1.5699278393271E-78
  8.2631075711874E-79  1.1379031406735E-76  1.3037092445476E-73  1.4554545060053E-80
  3.3096331534594E-74  1.0211731095150E-79  2.9664435016191E-85  5.4878484511711E-79
  7.4290656281405E-77  7.2129543756752E-76  1.6460307055821E-74  1.4284834074389E-76
  2.8284670190070E-76  3.2218050677734E-80  1.1351485816845E-77  3.1086840721423E-76
  3.2931117227893E-77  1.4959703792753E-83  7.2274210525729E-75  1.2782547108845E-81
  3.8590278812614E-75  5.5052281724373E-76 -7.3104006539776E-84  0.0000000000000E+00
  2.2311887947578-102  0.0000000000000E+00  1.2985478584049E-96  1.8599341572672E-74
  2.4327578451853E-84  2.2669575779975E-86  1.0358026142952E-83  3.6113290969556E-88
  5.6061607821379E-83  4.5279714931674E-79  7.7059705573734E-76 -9.2683091059391E-84
  9.2933714600386E-84 -1.5037062651344E-93  2.0274035453480E-81  2.1515022129053E-86
  1.1067354795758E-76  9.3991477894924E-82  2.8974530515608E-84  2.3408417201729E-85
  1.6236661136230E-86  4.6671284878870E-88  3.2238018714448E-78  1.7624566608527E-78
  8.7812809513496E-84  5.7586942620992E-86  6.0240294514172E-86  3.6116330973162E-90
  2.5879636194457E-78 -1.4924808288708E-89  2.8343030953711E-75  2.6050506208938E-90
 -2.6922925445960E-91  1.7848303175241E-86 -1.3968631783324E-85  4.5658733426441E-88
  8.6088847154845E-75  1.3998922543616E-77  3.3498231583075E-81 -3.1346780982670E-83
  8.4424816857554E-87  2.9460435836853E-82  1.2484324936817E-75  4.8440751898994E-75
  3.8385742779706E-79  3.2038658112771E-81  9.6478740442762E-81  9.5331188456812E-80
  3.1637181977944E-76  8.3500103272420E-76  3.9603731203492E-80  4.9499488453680E-77
  5.0158351599560E-77  2.5373731906067E-85  3.0301101271289E-81  3.1789077855830E-82
  2.8476454759365E-76  1.1738616480811E-76  5.1839754556062E-83  2.3770242324533E-83
  2.9878601190340E-82  2.4382834532537E-78  9.2350840118418E-78  1.4655432520339E-75
  1.6826972016276E-83  1.0112068247355E-77  7.8210685846706E-78  2.0710358134083E-78
  9.5231727493673E-77  1.2837784763159E-82  5.4248081208014E-77  1.4181948938276E-79
  5.9856533008117E-78  3.9947704985870E-79  1.2372985292766E-84  3.3370090419232E-83
  9.2084997582481E-85  3.4522017304028E-85  3.9833149607214E-79  4.1813815466416E-77
  4.2942592748065E-81  1.1293489836922E-77  1.9498815144373E-81  2.1785506240637E-82
  3.5827794267916E-81  1.2871748372735E-79  3.4741800906110E-78  3.1678252348981E-77
  2.1088338678915E-78  1.4225119409530E-80  3.0449323123995E-85  3.6100365455551E-81
  2.5004627908590E-85  2.5617368284030E-82  1.6817877089468E-82  3.7776941323490E-79
  1.7850213986287E-79  2.3199628366024E-77  3.0810875258299E-74  3.6732661493359E-81
  7.3049659911957E-75  2.1894460834977E-80  5.5363878530250E-86  1.0791440298547E-79
  1.5755529533287E-77  1.5687354382000E-76  3.0540895382344E-75  3.2125248061320E-77
  5.9360962720744E-77  4.4928454847238E-81  2.3227551394359E-78  6.6510585914485E-77
  7.0746794769246E-78  2.0164239892054E-84  1.5939424876871E-75  2.7811420262076E-82
  8.5828374606717E-76  1.3086341559461E-76  9.0932410679253E-98  0.0000000000000E+00
  5.4981955286688-103  0.0000000000000E+00  2.9688800320336E-97  3.6957029530610E-75
 -4.8174614581098E-85  4.4726753083407E-87  1.5881337384340E-84 -7.0567756833649E-89
  1.0618879628782E-83  1.0852960352787E-79  1.8307116828254E-76 -2.1474839090339E-84
  1.4254028416322E-84 -1.9708552389971E-95  4.6354058573167E-82  5.1083074203935E-87
  2.5469489521122E-77  2.2398721259739E-82  6.6692753921946E-85  5.6207695497092E-86
  3.3605184983778E-87  1.1027272711320E-88  6.2466085520530E-79  4.0754577126295E-79
  2.0611540071014E-84  1.3441704067858E-86  1.4235048473398E-86  8.3269318237969E-91
  6.0956375868980E-79 -8.2838331756459E-89  6.8733824626731E-76 -6.8836078890438E-91
 -1.4888649226141E-90  4.2036200927249E-87  5.1674672583303E-86  8.6104270597966E-89
  2.0103897570177E-75  3.2323788288509E-78  1.5941257424640E-77 -7.5393447451920E-84
  2.0172937773818E-87  7.0426214876687E-83  2.7868472409351E-76  1.2047919979713E-75
  8.2783530258546E-80  7.5733838124618E-82  2.2272427911065E-81  2.1532287485164E-80
  7.3632950521267E-77  1.9969659619776E-76  8.4889813427646E-81  6.7379089443764E-78
  1.1859055555904E-77  5.9151784821819E-86  5.0253477906331E-82  6.9007493233934E-83
  7.7391907739608E-77  2.6806828822219E-77  9.8212810020564E-84  5.4154670002290E-84
  6.0286678984998E-83  5.5908835181204E-79  2.1575880049216E-78  3.4210162728261E-76
  3.9139323491406E-84  2.3487945645165E-78  1.8235849884616E-78  4.7272832369562E-79
  2.2644224347016E-77  3.0536425018577E-83  1.2565642405413E-77  3.3937291147254E-80
  1.4085949781088E-78  9.2247698402399E-80  2.9081945718856E-85  7.6891305022860E-84
  2.1540474619402E-85  7.8956084975809E-86  9.1345598438186E-80  1.0223541978301E-77
  9.8391117056367E-82  2.6011503166166E-78  4.5396693048230E-82  5.1276997711116E-83
  8.4331342753849E-82  4.2212538262608E-80  6.6143250202067E-79  6.1797492497163E-78
  3.2988607641109E-79  3.5544786905877E-81  5.8592695669056E-86  1.9451304282421E-77
  5.8477901762778E-86  6.0901207016567E-83  3.8798996613049E-83  9.0322306240505E-80
  4.1946447037422E-80  5.2806153649734E-78  7.2922232979233E-75  8.7703827168802E-82
  1.7386879954710E-75  5.1254062710696E-81  1.1263773566056E-86  2.4041187951753E-80
  3.6657113857900E-78  3.7018117218132E-77  7.1458368570129E-76  7.7240960676409E-78
  1.3741021743571E-77  8.0957135159607E-82  4.6666187599178E-79  1.5553916037858E-77
  1.6705605071684E-78  3.6407117652548E-85  3.3423522449505E-76  6.5655316736959E-83
  2.0510599016015E-76  6.5630143979611E-23  6.5630143979611E-23  8.0698085227420E-22
  8.0698085227420E-22  8.0698085227420E-22  7.8919680628363E-22  7.8919680628363E-22
  7.8919680628363E-22  7.8919680628363E-22  7.7889093178976E-22  7.7889093178976E-22
  7.7889093178976E-22  7.7889093178976E-22  7.7889093178976E-22  7.7889093178976E-22
  7.3921216370265E-22  7.3921216370265E-22  7.3921216370265E-22  7.3921216370265E-22
  7.3921216370265E-22  7.3921216370265E-22  8.2902363857374E-22  8.2902363857374E-22
  8.2902363857374E-22  8.2902363857374E-22  8.2902363857374E-22  8.2902363857374E-22
  7.6518023138449E-22  7.6518023138449E-22  7.6518023138449E-22  7.6518023138449E-22
  7.6518023138449E-22  7.6518023138449E-22  7.6518023138449E-22  7.6518023138449E-22
  6.1949168899704E-19  6.1949168899704E-19  7.6171999762627E-18  7.6171999762627E-18
  7.6171999762627E-18  7.4493339924349E-18  7.4493339924349E-18  7.4493339924349E-18
  7.4493339924349E-18  7.3520554675123E-18  7.3520554675123E-18  7.3520554675123E-18
  7.3520554675123E-18  7.3520554675123E-18  7.3520554675123E-18  6.9775222794205E-18
  6.9775222794205E-18  6.9775222794205E-18  6.9775222794205E-18  6.9775222794205E-18
  6.9775222794205E-18  7.8252647783017E-18  7.8252647783017E-18  7.8252647783017E-18
  7.8252647783017E-18  7.8252647783017E-18  7.8252647783017E-18  7.2226383363533E-18
  7.2226383363533E-18  7.2226383363533E-18  7.2226383363533E-18  7.2226383363533E-18
  7.2226383363533E-18  7.2226383363533E-18  7.2226383363533E-18  8.7041403319064E-17
  8.7041403319064E-17  1.0702512835471E-15  1.0702512835471E-15  1.0702512835471E-15
  1.0466653483983E-15  1.0466653483983E-15  1.0466653483983E-15  1.0466653483983E-15
  1.0329972726638E-15  1.0329972726638E-15  1.0329972726638E-15  1.0329972726638E-15
  1.0329972726638E-15  1.0329972726638E-15  9.8037365420360E-16  9.8037365420360E-16
  9.8037365420360E-16  9.8037365420360E-16  9.8037365420360E-16  9.8037365420360E-16
  1.0994853357102E-15  1.0994853357102E-15  1.0994853357102E-15  1.0994853357102E-15
  1.0994853357102E-15  1.0994853357102E-15  1.0148135764018E-15  1.0148135764018E-15
  1.0148135764018E-15  1.0148135764018E-15  1.0148135764018E-15  1.0148135764018E-15
  1.0148135764018E-15  1.0148135764018E-15  2.6088301426619E-15  2.6088301426619E-15
  3.2077881356133E-14  3.2077881356133E-14  3.2077881356133E-14  3.1370956878669E-14
  3.1370956878669E-14  3.1370956878669E-14  3.1370956878669E-14  3.0961293355236E-14
  3.0961293355236E-14  3.0961293355236E-14  3.0961293355236E-14  3.0961293355236E-14
  3.0961293355236E-14  2.9384043025852E-14  2.9384043025852E-14  2.9384043025852E-14
  2.9384043025852E-14  2.9384043025852E-14  2.9384043025852E-14  3.2954092832133E-14
  3.2954092832133E-14  3.2954092832133E-14  3.2954092832133E-14  3.2954092832133E-14
  3.2954092832133E-14  3.0416286345875E-14  3.0416286345875E-14  3.0416286345875E-14
  3.0416286345875E-14  3.0416286345875E-14  3.0416286345875E-14  3.0416286345875E-14
  3.0416286345875E-14  3.4843364909534E-14  3.4843364909534E-14  4.2843008724058E-13
  4.2843008724058E-13  4.2843008724058E-13  4.1898845011405E-13  4.1898845011405E-13
  4.1898845011405E-13  4.1898845011405E-13  4.1351701086483E-13  4.1351701086483E-13
  4.1351701086483E-13  4.1351701086483E-13  4.1351701086483E-13  4.1351701086483E-13
  3.9245135853213E-13  3.9245135853213E-13  3.9245135853213E-13  3.9245135853213E-13
  3.9245135853213E-13  3.9245135853213E-13  4.4013271045738E-13  4.4013271045738E-13
  4.4013271045738E-13  4.4013271045738E-13  4.4013271045738E-13  4.4013271045738E-13
  4.0623793286168E-13  4.0623793286168E-13  4.0623793286168E-13  4.0623793286168E-13
  4.0623793286168E-13  4.0623793286168E-13  4.0623793286168E-13  4.0623793286168E-13
  2.8275596582269E-13  2.8275596582269E-13  3.4767354823432E-12  3.4767354823432E-12
  3.4767354823432E-12  3.4001160389688E-12  3.4001160389688E-12  3.4001160389688E-12
  3.4001160389688E-12  3.3557149860461E-12  3.3557149860461E-12  3.3557149860461E-12
  3.3557149860461E-12  3.3557149860461E-12  3.3557149860461E-12  3.1847659721812E-12
  3.1847659721812E-12  3.1847659721812E-12  3.1847659721812E-12  3.1847659721812E-12
  3.1847659721812E-12  3.5717029614864E-12  3.5717029614864E-12  3.5717029614864E-12
  3.5717029614864E-12  3.5717029614864E-12  3.5717029614864E-12  3.2966448377862E-12
  3.2966448377862E-12  3.2966448377862E-12  3.2966448377862E-12  3.2966448377862E-12
  3.2966448377862E-12  3.2966448377862E-12  3.2966448377862E-12  1.6360298278063E-12
  1.6360298278063E-12  2.0116438342712E-11  2.0116438342712E-11  2.0116438342712E-11
  1.9673117211058E-11  1.9673117211058E-11  1.9673117211058E-11  1.9673117211058E-11
  1.9416212120634E-11  1.9416212120634E-11  1.9416212120634E-11  1.9416212120634E-11
  1.9416212120634E-11  1.9416212120634E-11  1.8427098823225E-11  1.8427098823225E-11
  1.8427098823225E-11  1.8427098823225E-11  1.8427098823225E-11  1.8427098823225E-11
  2.0665921456526E-11  2.0665921456526E-11  2.0665921456526E-11  2.0665921456526E-11
  2.0665921456526E-11  2.0665921456526E-11  1.9074431446953E-11  1.9074431446953E-11
  1.9074431446953E-11  1.9074431446953E-11  1.9074431446953E-11  1.9074431446953E-11
  1.9074431446953E-11  1.9074431446953E-11  7.4098539430523E-12  7.4098539430523E-12
  9.1110728814633E-11  9.1110728814633E-11  9.1110728814633E-11  8.9102852931448E-11
  8.9102852931448E-11  8.9102852931448E-11  8.9102852931448E-11  8.7939286616879E-11
  8.7939286616879E-11  8.7939286616879E-11  8.7939286616879E-11  8.7939286616879E-11
  8.7939286616879E-11  8.3459426321934E-11  8.3459426321934E-11  8.3459426321934E-11
  8.3459426321934E-11  8.3459426321934E-11  8.3459426321934E-11  9.3599430150231E-11
  9.3599430150231E-11  9.3599430150231E-11  9.3599430150231E-11  9.3599430150231E-11
  9.3599430150231E-11  8.6391304526644E-11  8.6391304526644E-11  8.6391304526644E-11
  8.6391304526644E-11  8.6391304526644E-11  8.6391304526644E-11  8.6391304526644E-11
  8.6391304526644E-11  2.7874464027771E-11  2.7874464027771E-11  3.4274126756152E-10
  3.4274126756152E-10  3.4274126756152E-10  3.3518801961518E-10  3.3518801961518E-10
  3.3518801961518E-10  3.3518801961518E-10  3.3081090400283E-10  3.3081090400283E-10
  3.3081090400283E-10  3.3081090400283E-10  3.3081090400283E-10  3.3081090400283E-10
  3.1395851992069E-10  3.1395851992069E-10  3.1395851992069E-10  3.1395851992069E-10
  3.1395851992069E-10  3.1395851992069E-10  3.5210328959166E-10  3.5210328959166E-10
  3.5210328959166E-10  3.5210328959166E-10  3.5210328959166E-10  3.5210328959166E-10
  3.2498768921053E-10  3.2498768921053E-10  3.2498768921053E-10  3.2498768921053E-10
  3.2498768921053E-10  3.2498768921053E-10  3.2498768921053E-10  3.2498768921053E-10
  9.0645115434604E-11  9.0645115434604E-11  1.1145621214946E-09  1.1145621214946E-09
  1.1145621214946E-09  1.0899996749729E-09  1.0899996749729E-09  1.0899996749729E-09
  1.0899996749729E-09  1.0757657098083E-09  1.0757657098083E-09  1.0757657098083E-09
  1.0757657098083E-09  1.0757657098083E-09  1.0757657098083E-09  1.0209633538257E-09
  1.0209633538257E-09  1.0209633538257E-09  1.0209633538257E-09  1.0209633538257E-09
  1.0209633538257E-09  1.1450065299244E-09  1.1450065299244E-09  1.1450065299244E-09
  1.1450065299244E-09  1.1450065299244E-09  1.1450065299244E-09  1.0568291671533E-09
  1.0568291671533E-09  1.0568291671533E-09  1.0568291671533E-09  1.0568291671533E-09
  1.0568291671533E-09  1.0568291671533E-09  1.0568291671533E-09  2.6211381590081E-10
  2.6211381590081E-10  3.2229219337716E-09  3.2229219337716E-09  3.2229219337716E-09
  3.1518959710952E-09  3.1518959710952E-09  3.1518959710952E-09  3.1518959710952E-09
  3.1107363464778E-09  3.1107363464778E-09  3.1107363464778E-09  3.1107363464778E-09
  3.1107363464778E-09  3.1107363464778E-09  2.9522671936936E-09  2.9522671936936E-09
  2.9522671936936E-09  2.9522671936936E-09  2.9522671936936E-09  2.9522671936936E-09
  3.3109564630247E-09  3.3109564630247E-09  3.3109564630247E-09  3.3109564630247E-09
  3.3109564630247E-09  3.3109564630247E-09  3.0559785205158E-09  3.0559785205158E-09
  3.0559785205158E-09  3.0559785205158E-09  3.0559785205158E-09  3.0559785205158E-09
  3.0559785205158E-09  3.0559785205158E-09  6.8806734880640E-10  6.8806734880640E-10
  8.4603985591489E-09  8.4603985591489E-09  8.4603985591489E-09  8.2739503718711E-09
  8.2739503718711E-09  8.2739503718711E-09  8.2739503718711E-09  8.1659034393163E-09
  8.1659034393163E-09  8.1659034393163E-09  8.1659034393163E-09  8.1659034393163E-09
  8.1659034393163E-09  7.7499106788847E-09  7.7499106788847E-09  7.7499106788847E-09
  7.7499106788847E-09  7.7499106788847E-09  7.7499106788847E-09  8.6914954394810E-09
  8.6914954394810E-09  8.6914954394810E-09  8.6914954394810E-09  8.6914954394810E-09
  8.6914954394810E-09  8.0221602642128E-09  8.0221602642128E-09  8.0221602642128E-09
  8.0221602642128E-09  8.0221602642128E-09  8.0221602642128E-09  8.0221602642128E-09
  8.0221602642128E-09  1.6655201269256E-09  1.6655201269256E-09  2.0479047736415E-08
  2.0479047736415E-08  2.0479047736415E-08  2.0027735507926E-08  2.0027735507926E-08
  2.0027735507926E-08  2.0027735507926E-08  1.9766199567971E-08  1.9766199567971E-08
  1.9766199567971E-08  1.9766199567971E-08  1.9766199567971E-08  1.9766199567971E-08
  1.8759256982545E-08  1.8759256982545E-08  1.8759256982545E-08  1.8759256982545E-08
  1.8759256982545E-08  1.8759256982545E-08  2.1038435572693E-08  2.1038435572693E-08
  2.1038435572693E-08  2.1038435572693E-08  2.1038435572693E-08  2.1038435572693E-08
  1.9418258117678E-08  1.9418258117678E-08  1.9418258117678E-08  1.9418258117678E-08
  1.9418258117678E-08  1.9418258117678E-08  1.9418258117678E-08  1.9418258117678E-08
  3.7626230416947E-09  3.7626230416947E-09  4.6264788782371E-08  4.6264788782371E-08
  4.6264788782371E-08  4.5245216720493E-08  4.5245216720493E-08  4.5245216720493E-08
  4.5245216720493E-08  4.4654373573059E-08  4.4654373573059E-08  4.4654373573059E-08
  4.4654373573059E-08  4.4654373573059E-08  4.4654373573059E-08  4.2379561451407E-08
  4.2379561451407E-08  4.2379561451407E-08  4.2379561451407E-08  4.2379561451407E-08
  4.2379561451407E-08  4.7528517468683E-08  4.7528517468683E-08  4.7528517468683E-08
  4.7528517468683E-08  4.7528517468683E-08  4.7528517468683E-08  4.3868329323657E-08
  4.3868329323657E-08  4.3868329323657E-08  4.3868329323657E-08  4.3868329323657E-08
  4.3868329323657E-08  4.3868329323657E-08  4.3868329323657E-08  8.0092451631797E-09
  8.0092451631797E-09  9.8480775691483E-08  9.8480775691483E-08  9.8480775691483E-08
  9.6310480523823E-08  9.6310480523823E-08  9.6310480523823E-08  9.6310480523823E-08
  9.5052792052684E-08  9.5052792052684E-08  9.5052792052684E-08  9.5052792052684E-08
  9.5052792052684E-08  9.5052792052684E-08  9.0210550940409E-08  9.0210550940409E-08
  9.0210550940409E-08  9.0210550940409E-08  9.0210550940409E-08  9.0210550940409E-08
  1.0117079081026E-07  1.0117079081026E-07  1.0117079081026E-07  1.0117079081026E-07
  1.0117079081026E-07  1.0117079081026E-07  9.3379591991767E-08  9.3379591991767E-08
  9.3379591991767E-08  9.3379591991767E-08  9.3379591991767E-08  9.3379591991767E-08
  9.3379591991767E-08  9.3379591991767E-08  1.6187333356285E-08  1.6187333356285E-08
  1.9903762624625E-07  1.9903762624625E-07  1.9903762624625E-07  1.9465128388256E-07
  1.9465128388256E-07  1.9465128388256E-07  1.9465128388256E-07  1.9210939358879E-07
  1.9210939358879E-07  1.9210939358879E-07  1.9210939358879E-07  1.9210939358879E-07
  1.9210939358879E-07  1.8232283199916E-07  1.8232283199916E-07  1.8232283199916E-07
  1.8232283199916E-07  1.8232283199916E-07  1.8232283199916E-07  2.0447436473707E-07
  2.0447436473707E-07  2.0447436473707E-07  2.0447436473707E-07  2.0447436473707E-07
  2.0447436473707E-07  1.8872772070876E-07  1.8872772070876E-07  1.8872772070876E-07
  1.8872772070876E-07  1.8872772070876E-07  1.8872772070876E-07  1.8872772070876E-07
  1.8872772070876E-07  3.1257212685443E-08  3.1257212685443E-08  3.8433516373895E-07
  3.8433516373894E-07  3.8433516373894E-07  3.7586527971572E-07  3.7586527971572E-07
  3.7586527971572E-07  3.7586527971572E-07  3.7095697247409E-07  3.7095697247409E-07
  3.7095697247409E-07  3.7095697247409E-07  3.7095697247409E-07  3.7095697247409E-07
  3.5205944127897E-07  3.5205944127896E-07  3.5205944127897E-07  3.5205944127896E-07
  3.5205944127897E-07  3.5205944127896E-07  3.9483332842008E-07  3.9483332842008E-07
  3.9483332842008E-07  3.9483332842008E-07  3.9483332842008E-07  3.9483332842008E-07
  3.6442707245182E-07  3.6442707245182E-07  3.6442707245182E-07  3.6442707245182E-07
  3.6442707245182E-07  3.6442707245182E-07  3.6442707245182E-07  3.6442707245182E-07
  5.7963280236650E-08  5.7963280236651E-08  7.1270995993110E-07  7.1270995993109E-07
  7.1270995993109E-07  6.9700343273206E-07  6.9700343273206E-07  6.9700343273204E-07
  6.9700343273205E-07  6.8790148269585E-07  6.8790148269584E-07  6.8790148269585E-07
  6.8790148269583E-07  6.8790148269584E-07  6.8790148269585E-07  6.5285795826304E-07
  6.5285795826303E-07  6.5285795826304E-07  6.5285795826302E-07  6.5285795826303E-07
  6.5285795826302E-07  7.3217772461973E-07  7.3217772461973E-07  7.3217772461975E-07
  7.3217772461974E-07  7.3217772461975E-07  7.3217772461972E-07  6.7579245593402E-07
  6.7579245593402E-07  6.7579245593401E-07  6.7579245593403E-07  6.7579245593402E-07
  6.7579245593402E-07  6.7579245593403E-07  6.7579245593400E-07  1.0366965758965E-07
  1.0366965758967E-07  1.2747104236534E-06  1.2747104236533E-06  1.2747104236533E-06
  1.2466186681490E-06  1.2466186681489E-06  1.2466186681486E-06  1.2466186681488E-06
  1.2303394644910E-06  1.2303394644910E-06  1.2303394644910E-06  1.2303394644908E-06
  1.2303394644909E-06  1.2303394644910E-06  1.1676627118322E-06  1.1676627118322E-06
  1.1676627118322E-06  1.1676627118320E-06  1.1676627118322E-06  1.1676627118320E-06
  1.3095293036592E-06  1.3095293036591E-06  1.3095293036594E-06  1.3095293036593E-06
  1.3095293036593E-06  1.3095293036590E-06  1.2086819831853E-06  1.2086819831852E-06
  1.2086819831851E-06  1.2086819831853E-06  1.2086819831852E-06  1.2086819831853E-06
  1.2086819831853E-06  1.2086819831851E-06  1.7948281125156E-07  1.7948281125180E-07
  2.2069004151130E-06  2.2069004151120E-06  2.2069004151121E-06  2.1582652853352E-06
  2.1582652853347E-06  2.1582652853317E-06  2.1582652853339E-06  2.1300811733644E-06
  2.1300811733637E-06  2.1300811733640E-06  2.1300811733619E-06  2.1300811733629E-06
  2.1300811733640E-06  2.0215691937852E-06  2.0215691937844E-06  2.0215691937853E-06
  2.0215691937830E-06  2.0215691937850E-06  2.0215691937829E-06  2.2671821852397E-06
  2.2671821852389E-06  2.2671821852418E-06  2.2671821852409E-06  2.2671821852415E-06
  2.2671821852378E-06  2.0925856735255E-06  2.0925856735252E-06  2.0925856735240E-06
  2.0925856735261E-06  2.0925856735248E-06  2.0925856735257E-06  2.0925856735259E-06
  2.0925856735233E-06  3.0172336740404E-07  3.0172336740633E-07  3.7099565141301E-06
  3.7099565141206E-06  3.7099565141217E-06  3.6281974028935E-06  3.6281974028886E-06
  3.6281974028607E-06  3.6281974028820E-06  3.5808179067060E-06  3.5808179066999E-06
  3.5808179067020E-06  3.5808179066827E-06  3.5808179066923E-06  3.5808179067019E-06
  3.3984015535500E-06  3.3984015535425E-06  3.3984015535508E-06  3.3984015535293E-06
  3.3984015535476E-06  3.3984015535279E-06  3.8112944558903E-06  3.8112944558824E-06
  3.8112944559097E-06  3.8112944559019E-06  3.8112944559075E-06  3.8112944558722E-06
  3.5177853054449E-06  3.5177853054414E-06  3.5177853054307E-06  3.5177853054503E-06
  3.5177853054383E-06  3.5177853054466E-06  3.5177853054485E-06  3.5177853054234E-06
  4.9381273246526E-07  4.9381273248435E-07  6.0718656940115E-06  6.0718656939322E-06
  6.0718656939413E-06  5.9380554079082E-06  5.9380554078680E-06  5.9380554076346E-06
  5.9380554078126E-06  5.8605121977803E-06  5.8605121977291E-06  5.8605121977466E-06
  5.8605121975853E-06  5.8605121976658E-06  5.8605121977464E-06  5.5619621763519E-06
  5.5619621762901E-06  5.5619621763591E-06  5.5619621761796E-06  5.5619621763321E-06
  5.5619621761678E-06  6.2377194902373E-06  6.2377194901714E-06  6.2377194903985E-06
  6.2377194903335E-06  6.2377194903799E-06  6.2377194900856E-06  5.7573504793351E-06
  5.7573504793058E-06  5.7573504792172E-06  5.7573504793800E-06  5.7573504792803E-06
  5.7573504793499E-06  5.7573504793654E-06  5.7573504791558E-06  7.8864105890538E-07
  7.8864105904878E-07  9.6970415630690E-06  9.6970415624734E-06  9.6970415625412E-06
  9.4833405409997E-06  9.4833405407012E-06  9.4833405389417E-06  9.4833405402861E-06
  9.3595005600252E-06  9.3595005596431E-06  9.3595005597748E-06  9.3595005585594E-06
  9.3595005591681E-06  9.3595005597730E-06  8.8827027992078E-06  8.8827027987465E-06
  8.8827027992622E-06  8.8827027979125E-06  8.8827027990612E-06  8.8827027978255E-06
  9.9619175059719E-06  9.9619175054762E-06  9.9619175071792E-06  9.9619175066933E-06
  9.9619175070412E-06  9.9619175048281E-06  9.1947466732099E-06  9.1947466729911E-06
  9.1947466723242E-06  9.1947466735455E-06  9.1947466727975E-06  9.1947466733205E-06
  9.1947466734366E-06  9.1947466718612E-06  1.2314809506945E-06  1.2314809516724E-06
  1.5142150963248E-05  1.5142150959189E-05  1.5142150959647E-05  1.4808451957921E-05
  1.4808451955912E-05  1.4808451943861E-05  1.4808451953085E-05  1.4615073010324E-05
  1.4615073007734E-05  1.4615073008638E-05  1.4615073000316E-05  1.4615073004497E-05
  1.4615073008623E-05  1.3870542461397E-05  1.3870542458269E-05  1.3870542461768E-05
  1.3870542452549E-05  1.3870542460410E-05  1.3870542451971E-05  1.5555760767823E-05
  1.5555760764432E-05  1.5555760776030E-05  1.5555760772733E-05  1.5555760775099E-05
  1.5555760759987E-05  1.4357806066680E-05  1.4357806065194E-05  1.4357806060636E-05
  1.4357806068955E-05  1.4357806063860E-05  1.4357806067432E-05  1.4357806068219E-05
  1.4357806057464E-05  1.8835055110339E-06  1.8835055171326E-06  2.3159371516508E-05
  2.3159371491202E-05  2.3159371494033E-05  2.2648990980994E-05  2.2648990968644E-05
  2.2648990893126E-05  2.2648990951043E-05  2.2353224880841E-05  2.2353224864788E-05
  2.2353224870463E-05  2.2353224818332E-05  2.2353224844607E-05  2.2353224870347E-05
  2.1214492366927E-05  2.1214492347540E-05  2.1214492369241E-05  2.1214492311644E-05
  2.1214492360852E-05  2.1214492308138E-05  2.3791972703193E-05  2.3791972681974E-05
  2.3791972754211E-05  2.3791972733758E-05  2.3791972748468E-05  2.3791972654080E-05
  2.1959744395486E-05  2.1959744386256E-05  2.1959744357762E-05  2.1959744409574E-05
  2.1959744377843E-05  2.1959744400156E-05  2.1959744405031E-05  2.1959744337877E-05
  2.8259593970629E-06  2.8259594320632E-06  3.4747678590993E-05  3.4747678445838E-05
  3.4747678461920E-05  3.3981917837633E-05  3.3981917767841E-05  3.3981917332217E-05
  3.3981917666995E-05  3.3538158568108E-05  3.3538158476608E-05  3.3538158509402E-05
  3.3538158208803E-05  3.3538158360849E-05  3.3538158508616E-05  3.1829635875869E-05
  3.1829635765338E-05  3.1829635889150E-05  3.1829635557956E-05  3.1829635841511E-05
  3.1829635538471E-05  3.5696815693280E-05  3.5696815571071E-05  3.5696815985040E-05
  3.5696815868333E-05  3.5696815952495E-05  3.5696815409930E-05  3.2947791295265E-05
  3.2947791242530E-05  3.2947791078587E-05  3.2947791375535E-05  3.2947791193668E-05
  3.2947791321961E-05  3.2947791349749E-05  3.2947790963849E-05  4.1650170593961E-06
  4.1650172452171E-06  5.1212582383930E-05  5.1212581613707E-05  5.1212581698095E-05
  5.0083972376144E-05  5.0083972011624E-05  5.0083969686187E-05  5.0083971476597E-05
  4.9429941311814E-05  4.9429940829519E-05  4.9429941004873E-05  4.9429939400892E-05
  4.9429940214893E-05  4.9429941000017E-05  4.6911849007079E-05  4.6911848424308E-05
  4.6911849077582E-05  4.6911847315497E-05  4.6911848827343E-05  4.6911847215704E-05
  5.2611459469483E-05  5.2611458818213E-05  5.2611461012692E-05  5.2611460396839E-05
  5.2611460842196E-05  5.2611457956749E-05  4.8559832978357E-05  4.8559832699695E-05
  4.8559831826951E-05  4.8559833401231E-05  4.8559832436984E-05  4.8559833119464E-05
  4.8559833265896E-05  4.8559831214312E-05  6.0373429893213E-06  6.0373439065266E-06
  7.4234499324090E-05  7.4234495524043E-05  7.4234495937412E-05  7.2598539173588E-05
  7.2598537405774E-05  7.2598525866175E-05  7.2598534771057E-05  7.1650496960189E-05
  7.1650494598211E-05  7.1650495469724E-05  7.1650487514129E-05  7.1650491565343E-05
  7.1650495441761E-05  6.8000430247221E-05  6.8000427393143E-05  6.8000430595381E-05
  6.8000421881653E-05  6.8000429374455E-05  6.8000421403207E-05  7.6262218235769E-05
  7.6262215008787E-05  7.6262225823297E-05  7.6262222803006E-05  7.6262224993395E-05
  7.6262210731621E-05  7.0389241639184E-05  7.0389240270338E-05  7.0389235954567E-05
  7.0389243710681E-05  7.0389238959331E-05  7.0389242333273E-05  7.0389243050529E-05
  7.0389232910732E-05  8.6163442072656E-06  8.6163484294856E-06  1.0594564544415E-04
  1.0594562796575E-04  1.0594562983736E-04  1.0361084821707E-04  1.0361084022279E-04
  1.0361078678937E-04  1.0361082812195E-04  1.0225782393017E-04  1.0225781314267E-04
  1.0225781718518E-04  1.0225778036072E-04  1.0225779919117E-04  1.0225781704005E-04
  9.7048536986252E-05  9.7048523944470E-05  9.7048538590729E-05  9.7048498380895E-05
  9.7048533038625E-05  9.7048496275669E-05  1.0883953666801E-04  1.0883952175771E-04
  1.0883957146743E-04  1.0883955765223E-04  1.0883956770200E-04  1.0883950190882E-04
  1.0045778401242E-04  1.0045777774281E-04  1.0045775780731E-04  1.0045779346743E-04
  1.0045777161983E-04  1.0045778718961E-04  1.0045779046561E-04  1.0045774370935E-04
  1.7272035132064E-05  1.7272061068743E-05  7.2741465501881E-05  7.2741448619315E-05
  7.2741332989529E-05  7.2741422633214E-05  6.9723332304917E-05  6.9723298701420E-05
  6.9723349318012E-05  6.9723277336896E-05  6.9723339307346E-05  6.9723234065352E-05
  7.2856731415604E-05  7.2856711426201E-05  7.2856714553710E-05  7.2856620146247E-05
  7.2856677582469E-05  7.2856713712988E-05  7.2288946191045E-05  7.2288921971247E-05
  7.2288940445383E-05  7.2288835489835E-05  7.2288924833323E-05  7.2288867330143E-05
  4.7538044524607E-05  4.7538030640624E-05  4.7538102000229E-05  4.7538091256261E-05
  4.7538098236824E-05  4.7538014041035E-05  6.2834717075886E-05  6.2834685713484E-05
  6.2834762226335E-05  6.2834725917515E-05  6.2834754768015E-05  6.2834638379708E-05
  7.3770725914110E-05  7.3770694194212E-05  7.3770718688513E-05  7.3770665709332E-05
  7.3770678205582E-05  7.3770705851557E-05  6.0275837687102E-05  6.0275790409932E-05
  6.0275894506915E-05  6.0275878067607E-05  7.2775835316335E-05  7.2775773598785E-05
  7.2775832208493E-05  7.2775813536508E-05  7.2184062143798E-05  7.2184045713047E-05
  7.2184060088153E-05  7.2184020373024E-05  7.2183988759930E-05  7.2184054859972E-05
  7.2183978655331E-05  7.2184044558056E-05  6.8561673276017E-05  6.8561660367213E-05
  6.8561616876036E-05  6.8561700815035E-05  6.8561659154403E-05  6.8561686343176E-05
  6.8561695847710E-05  6.8561589275474E-05  2.3962802542425E-05  2.3962907449719E-05
  1.0092005388864E-04  1.0091998684746E-04  1.0091951504017E-04  1.0091988193942E-04
  9.6732701234927E-05  9.6732565683820E-05  9.6732769480149E-05  9.6732477863526E-05
  9.6732729628879E-05  9.6732302795288E-05  1.0107996305306E-04  1.0107988310189E-04
  1.0107989598342E-04  1.0107951139248E-04  1.0107974634310E-04  1.0107989254164E-04
  1.0029222541058E-04  1.0029212858419E-04  1.0029220266640E-04  1.0029177602152E-04
  1.0029214005433E-04  1.0029190712737E-04  6.5953176648305E-05  6.5953120087862E-05
  6.5953408592551E-05  6.5953365413190E-05  6.5953393549182E-05  6.5953052507583E-05
  8.7175509087055E-05  8.7175381886452E-05  8.7175690666611E-05  8.7175544250734E-05
  8.7175660990698E-05  8.7175189256360E-05  1.0234800133368E-04  1.0234787330401E-04
  1.0234797259152E-04  1.0234775739379E-04  1.0234780870884E-04  1.0234792039867E-04
  8.3625334621183E-05  8.3625142438501E-05  8.3625563667703E-05  8.3625497573615E-05
  1.0096768059089E-04  1.0096743054544E-04  1.0096766775521E-04  1.0096759203158E-04
  1.0014669193873E-04  1.0014662622404E-04  1.0014668365541E-04  1.0014652356308E-04
  1.0014639406878E-04  1.0014666289331E-04  1.0014635423724E-04  1.0014662126100E-04
  9.5121005794374E-05  9.5120953748570E-05  9.5120777159305E-05  9.5121116366936E-05
  9.5120948019762E-05  9.5121058340207E-05  9.5121096574305E-05  9.5120664922095E-05
  3.2818599934865E-05  3.2818999319003E-05  1.3821765419426E-04  1.3821740353056E-04
  1.3821559746158E-04  1.3821700511167E-04  1.3248255573045E-04  1.3248204154919E-04
  1.3248281339438E-04  1.3248170277364E-04  1.3248266403038E-04  1.3248103646203E-04
  1.3843663119457E-04  1.3843633009288E-04  1.3843638034081E-04  1.3843490647957E-04
  1.3843581010853E-04  1.3843636673649E-04  1.3735775087973E-04  1.3735738646907E-04
  1.3735766622230E-04  1.3735603424745E-04  1.3735742990043E-04  1.3735654211890E-04
  9.0327294388994E-05  9.0327077863350E-05  9.0328175132262E-05  9.0328011998348E-05
  9.0328118468545E-05  9.0326819309022E-05  1.1939301622415E-04  1.1939253109301E-04
  1.1939370343918E-04  1.1939314775917E-04  1.1939359225560E-04  1.1939179362393E-04
  1.4017323506899E-04  1.4017274886527E-04  1.4017312751398E-04  1.4017230425079E-04
  1.4017250323825E-04  1.4017292822423E-04  1.1453064836413E-04  1.1452991328445E-04
  1.1453151710852E-04  1.1453126696754E-04  1.3828267303389E-04  1.3828172023671E-04
  1.3828262321886E-04  1.3828233452677E-04  1.3715836070591E-04  1.3715811334278E-04
  1.3715832924075E-04  1.3715772181472E-04  1.3715722323492E-04  1.3715825176005E-04
  1.3715707503996E-04  1.3715809337038E-04  1.3027509529995E-04  1.3027489784429E-04
  1.3027422370365E-04  1.3027551307105E-04  1.3027487353613E-04  1.3027529399190E-04
  1.3027543890145E-04  1.3027379385325E-04  4.4401439524820E-05  4.4402872070325E-05
  1.8700353092715E-04  1.8700264698941E-04  1.8699613065956E-04  1.8700122013976E-04
  1.7924344995376E-04  1.7924161082877E-04  1.7924436732137E-04  1.7924037539200E-04
  1.7924383957760E-04  1.7923799009760E-04  1.8729969389754E-04  1.8729862478258E-04
  1.8729880891890E-04  1.8729348934128E-04  1.8729676073359E-04  1.8729875867324E-04
  1.8583995883987E-04  1.8583866564578E-04  1.8583966160072E-04  1.8583378223193E-04
  1.8583882025853E-04  1.8583562946252E-04  1.2220759113882E-04  1.2220681119364E-04
  1.2221074403739E-04  1.2221016269195E-04  1.2221054320470E-04  1.2220587836737E-04
  1.6153293123272E-04  1.6153118634546E-04  1.6153538391175E-04  1.6153339637777E-04
  1.6153499095557E-04  1.6152852505085E-04  1.8964901514069E-04  1.8964727466025E-04
  1.8964863537572E-04  1.8964566574200E-04  1.8964639229704E-04  1.8964791609714E-04
  1.5495384930532E-04  1.5495120014567E-04  1.5495695606387E-04  1.5495606326723E-04
  1.8709077729198E-04  1.8708735521452E-04  1.8709059489313E-04  1.8708955721703E-04
  1.8556994632654E-04  1.8556906836502E-04  1.8556983345966E-04  1.8556766126937E-04
  1.8556585324776E-04  1.8556956124648E-04  1.8556533332391E-04  1.8556899268595E-04
  1.7625641304886E-04  1.7625570643778E-04  1.7625328111074E-04  1.7625790184191E-04
  1.7625560909310E-04  1.7625712243538E-04  1.7625763944292E-04  1.7625173119567E-04
  5.9380202760547E-05  5.9385053700284E-05  2.5010206045738E-04  2.5009911550825E-04
  2.5007692330250E-04  2.5009428723994E-04  2.3972130271740E-04  2.3971509042218E-04
  2.3972438909542E-04  2.3971085128621E-04  2.3972262506802E-04  2.3970278315098E-04
  2.5049781514229E-04  2.5049422663479E-04  2.5049486451397E-04  2.5047674142743E-04
  2.5048791772485E-04  2.5049468990761E-04  2.4854537791595E-04  2.4854104176906E-04
  2.4854439163415E-04  2.4852439582000E-04  2.4854156147848E-04  2.4853073983865E-04
  1.6343617179862E-04  1.6343352610642E-04  1.6344683526112E-04  1.6344487513215E-04
  1.6344616200749E-04  1.6343035191901E-04  2.1603215574338E-04  2.1602623785523E-04
  2.1604042464536E-04  2.1603370922740E-04  2.1603911222197E-04  2.1601718365823E-04
  2.5363906106618E-04  2.5363317568470E-04  2.5363779386138E-04  2.5362769153753E-04
  2.5363018528728E-04  2.5363534738090E-04  2.0723160770036E-04  2.0722260543079E-04
  2.0724210334082E-04  2.0723909374287E-04  2.5021639860988E-04  2.5020479451286E-04
  2.5021576756509E-04  2.5021224533932E-04  2.4818346260674E-04  2.4818051796632E-04
  2.4818308081703E-04  2.4817574319701E-04  2.4816955993885E-04  2.4818217468781E-04
  2.4816783772701E-04  2.4818024832592E-04  2.3572500011430E-04  2.3572261255299E-04
  2.3571437731204E-04  2.3573001233355E-04  2.3572224866058E-04  2.3572739191608E-04
  2.3572913493402E-04  2.3570910464924E-04  7.8540208344351E-05  7.8555733101961E-05
  3.3084243708368E-04  3.3083314774607E-04  3.3076168439178E-04  3.3081769928619E-04
  3.1710343634928E-04  3.1708358534110E-04  3.1711326260996E-04  3.1706984683089E-04
  3.1710768509610E-04  3.1704407759829E-04  3.3136491728130E-04  3.3135352004529E-04
  3.3135560383213E-04  3.3129726418223E-04  3.3133331716710E-04  3.3135503046179E-04
  3.2878167845529E-04  3.2876791831762E-04  3.2877857561452E-04  3.2871431129410E-04
  3.2876957235879E-04  3.2873488038080E-04  2.1617785578280E-04  2.1616936004069E-04
  2.1621194075461E-04  2.1620569128274E-04  2.1620980137536E-04  2.1615915873513E-04
  2.8575815379306E-04  2.8573918744787E-04  2.8578452560214E-04  2.8576303927776E-04
  2.8578037692070E-04  2.8571010360176E-04  3.3551786448862E-04  3.3549903918150E-04
  3.3551386017945E-04  3.3548136865166E-04  3.3548946311252E-04  3.3550599016519E-04
  2.7411168491570E-04  2.7408278469329E-04  2.7414520974180E-04  2.7413560138413E-04
  3.3098647537581E-04  3.3094927883598E-04  3.3098441465878E-04  3.3097310468816E-04
  3.2830048230365E-04  3.2829113322055E-04  3.2829925721178E-04  3.2827581756628E-04
  3.2825583587824E-04  3.2829640759462E-04  3.2825044669947E-04  3.2829023049571E-04
  3.1181272931210E-04  3.1180509760956E-04  3.1177867891050E-04  3.1182869396712E-04
  3.1180382647983E-04  3.1182035425958E-04  3.1182591866220E-04  3.1176173828856E-04
  1.0278853209885E-04  1.0283554404114E-04  4.3310553734611E-04  4.3307775539696E-04
  4.3286027545712E-04  4.3303095273515E-04  4.1509932746466E-04  4.1503928712818E-04
  4.1512896677244E-04  4.1499716213588E-04  4.1511225260503E-04  4.1491933988116E-04
  4.3378652030351E-04  4.3375221216057E-04  4.3375863892223E-04  4.3358101322204E-04
  4.3369100451534E-04  4.3375685544920E-04  4.3040334537152E-04  4.3036196433100E-04
  4.3039409618677E-04  4.3019868983143E-04  4.3036694972993E-04  4.3026171836279E-04
  2.8293858927188E-04  2.8291281498122E-04  2.8304171639179E-04  2.8302283037442E-04
  2.8303527008369E-04  2.8288185714339E-04  3.7404011348098E-04  3.7398261770478E-04
  3.7411977504775E-04  3.7405470167741E-04  3.7410733727649E-04  3.7389434969352E-04
  4.3921623660663E-04  4.3915920867949E-04  4.3920424122162E-04  4.3910533554700E-04
  4.3913018976452E-04  4.3918026360471E-04  3.5877950724914E-04  3.5869183596872E-04
  3.5888091445464E-04  3.5885184376699E-04  4.3327312641013E-04  4.3316030289205E-04
  4.3326674893468E-04  4.3323240290529E-04  4.2976630670174E-04  4.2973818700953E-04
  4.2976258821012E-04  4.2969168375140E-04  4.2963062069866E-04  4.2975407083565E-04
  4.2961470562126E-04  4.2973533594731E-04  4.0816075252810E-04  4.0813767993670E-04
  4.0805750477415E-04  4.0820892479231E-04  4.0813351322642E-04  4.0818374166987E-04
  4.0820059741032E-04  4.0800606850654E-04  1.3314969413389E-04  1.3328451677993E-04
  5.6136521663335E-04  5.6128631482037E-04  5.6065992031396E-04  5.6115187767278E-04
  5.3797002988546E-04  5.3779797748258E-04  5.3805485417800E-04  5.3767568966586E-04
  5.3800728533074E-04  5.3745357219756E-04  5.6223965418943E-04  5.6214166543994E-04
  5.6216044377325E-04  5.6164847390510E-04  5.6196596127441E-04  5.6215519643089E-04
  5.5785052821235E-04  5.5773241803214E-04  5.5782433895751E-04  5.5726177709871E-04
  5.5774669035566E-04  5.5744445685302E-04  3.6656277184442E-04  3.6648882029782E-04
  3.6685839325154E-04  3.6680423107516E-04  3.6683996912067E-04  3.6640001443189E-04
  4.8468191836343E-04  4.8451694932084E-04  4.8491007428080E-04  4.8472315844767E-04
  4.8487466053534E-04  4.8426366817284E-04  5.6925839455176E-04  5.6909461756650E-04
  5.6922429969762E-04  5.6893908094065E-04  5.6901130446752E-04  5.6915492086108E-04
  4.6486265841975E-04  4.6461105849644E-04  4.6515330766795E-04  4.6506989516805E-04
  5.6152466968970E-04  5.6120056527324E-04  5.6150601756927E-04  5.6140710156621E-04
  5.5700526620415E-04  5.5692504751210E-04  5.5699455397955E-04  5.5679127091945E-04
  5.5661464907563E-04  5.5697040219271E-04  5.5657023432636E-04  5.5691652708023E-04
  5.2894204276552E-04  5.2887594901480E-04  5.2864561144306E-04  5.2907989320971E-04
  5.2886310416217E-04  5.2900781325187E-04  5.2905617420775E-04  5.2849804845585E-04
  1.7074135440967E-04  1.7110770243019E-04  7.2072023614793E-04  7.2050718457151E-04
  7.1879848521660E-04  7.2014103289563E-04  6.9053555222475E-04  6.9006791449937E-04
  6.9076608570107E-04  6.8973168175559E-04  6.9063739253273E-04  6.8913178955901E-04
  7.2182153413305E-04  7.2155563388672E-04  7.2160761640356E-04  7.2020965200648E-04
  7.2107737789539E-04  7.2159297699014E-04  7.1617576789436E-04  7.1585563692659E-04
  7.1610517593214E-04  7.1457054230747E-04  7.1589433294721E-04  7.1507169026897E-04
  4.7018675088402E-04  4.6998594664480E-04  4.7099026974702E-04  4.7084260510417E-04
  4.7094024899868E-04  4.6974502157971E-04  6.2193771653519E-04  6.2148961246716E-04
  6.2255813384018E-04  6.2204844635063E-04  6.2246221608477E-04  6.2080214268957E-04
  7.3078342867444E-04  7.3033710836825E-04  7.3069131958496E-04  7.2991154444910E-04
  7.3011043608673E-04  7.3050103981821E-04  5.9638960453720E-04  5.9570616462118E-04
  5.9717975243885E-04  5.9695232380071E-04  7.2077404173096E-04  7.1989160189044E-04
  7.2072237687109E-04  7.2045204030922E-04  7.1503943415036E-04  7.1482209056586E-04
  7.1501011386681E-04  7.1445722530393E-04  7.1397331393574E-04  7.1494495104800E-04
  7.1385616528478E-04  7.1479793622784E-04  6.7885409647880E-04  6.7867439591097E-04
  6.7804789655599E-04  6.7922858429046E-04  6.7863713392487E-04  6.7903253652106E-04
  6.7916438525362E-04  6.7764726424887E-04  2.1671092799246E-04  2.1765499363836E-04
  9.1691135223082E-04  9.1636366960741E-04  9.1194639172346E-04  9.1541659842482E-04
  8.7814144814809E-04  8.7693478559027E-04  8.7873709747510E-04  8.7605859606764E-04
  8.7840566326508E-04  8.7452495157272E-04  9.1825960246151E-04  9.1757334670946E-04
  9.1770970594054E-04  9.1409168617717E-04  9.1633782930305E-04  9.1767082278525E-04
  9.1105022058197E-04  9.1022503277265E-04  9.1086911081294E-04  9.0689989308364E-04
  9.1032462939244E-04  9.0820116843254E-04  5.9710718818100E-04  5.9659090534897E-04
  5.9918005321870E-04  5.9879744228575E-04  5.9905071630158E-04  5.9597251006306E-04
  7.9041695842165E-04  7.8926249014488E-04  7.9201896346768E-04  7.9069825708524E-04
  7.9177165955891E-04  7.8749664187884E-04  9.2953926937329E-04  9.2838406990838E-04
  9.2930244549515E-04  9.2727920913049E-04  9.2779894699449E-04  9.2880704122071E-04
  7.5765985641770E-04  7.5590227479700E-04  7.5969929750129E-04  7.5910987034470E-04
  9.1660567392603E-04  9.1432652088091E-04  9.1646988266313E-04  9.1576840992715E-04
  9.0947777256962E-04  9.0891785461635E-04  9.0940144490567E-04  9.0797362196884E-04
  9.0671676948893E-04  9.0923378742702E-04  9.0642470009751E-04  9.0885350531565E-04
  8.6305507486372E-04  8.6259169345931E-04  8.6097622683829E-04  8.6402187182792E-04
  8.6248910460882E-04  8.6351453850692E-04  8.6385650912298E-04  8.5994667542288E-04
  2.7210213919092E-04  2.7441115001166E-04  1.1563156161459E-03  1.1549733511208E-03
  1.1441443963712E-03  1.1526454224868E-03  1.1065531809070E-03  1.1035943489815E-03
  1.1080177756923E-03  1.1014279763059E-03  1.1072042380849E-03  1.0977155763821E-03
  1.1578915390175E-03  1.1562049454478E-03  1.1565440986497E-03  1.1476606352071E-03
  1.1531721277991E-03  1.1564462484571E-03  1.1487362848601E-03  1.1467110331895E-03
  1.1482930007591E-03  1.1385511134237E-03  1.1469549041962E-03  1.1417521427638E-03
  7.5049536056242E-04  7.4923795655599E-04  7.5557502494213E-04  7.5463080515076E-04
  7.5525625794259E-04  7.4773576049180E-04  9.9485842786497E-04  9.9203707415062E-04
  9.9879231175770E-04  9.9553621665410E-04  9.9818438168997E-04  9.8774324469301E-04
  1.1718298047812E-03  1.1689867875257E-03  1.1712494239990E-03  1.1662654313725E-03
  1.1675528040695E-03  1.1700229719638E-03  9.5295367085810E-04  9.4867187681344E-04
  9.5795623707086E-04  9.5650218789420E-04  1.1550484744576E-03  1.1494596282701E-03
  1.1547098012463E-03  1.1529797996398E-03  1.1464543963265E-03  1.1450811369316E-03
  1.1462652087251E-03  1.1427605105884E-03  1.1396650190512E-03  1.1458536979432E-03
  1.1389753718274E-03  1.1449188283651E-03  1.0869975994070E-03  1.0858628208057E-03
  1.0819120561603E-03  1.0893724827642E-03  1.0855963391634E-03  1.0881228633203E-03
  1.0889666832433E-03  1.0794068305191E-03  1.2227258726234E-04  1.2421525808111E-04
  7.4417308725369E-04  7.4255631355204E-04  7.2959296182720E-04  7.3975370545922E-04
  7.5084239517383E-04  7.4722242436095E-04  7.5033931597833E-04  7.4505080663180E-04
  7.4597853710419E-04  7.4829934961397E-04  7.4617455003570E-04  7.4360740058438E-04
  7.4485094279260E-04  7.3609539382807E-04  7.4047623914870E-04  7.4468938365441E-04
  7.4386477603360E-04  7.4208152095346E-04  7.4214428975051E-04  7.3050438034060E-04
  7.3840137908372E-04  7.4162617057764E-04  7.4167101909542E-04  7.3955737723603E-04
  7.4071151275660E-04  7.2833532072448E-04  7.3881082224816E-04  7.3437926685281E-04
  7.2951562797526E-04  7.2653708435863E-04  7.2983825322422E-04  7.1963368159507E-04
  7.2857573762902E-04  7.1978941147861E-04  7.0035108610126E-04  6.9672360792735E-04
  7.0255779825868E-04  6.9531191125948E-04  7.0163194347069E-04  6.8986844095571E-04
  6.4528011665819E-04  6.4181007119259E-04  6.4962344702252E-04  6.4527073243661E-04
  6.4886793237320E-04  6.3639465415938E-04  5.5038689071947E-04  5.4804127124282E-04
  5.5625009230210E-04  5.5418475196069E-04  5.5569792333982E-04  5.4498065591885E-04
  3.8667380643546E-04  3.8586639720920E-04  3.9209070137720E-04  3.9151794636631E-04
  3.9186483270836E-04  3.8496526003619E-04  7.4428856578975E-04  7.3818305470143E-04
  7.4280952687649E-04  7.4120683039730E-04  6.8052394234094E-04  6.7362013412562E-04
  6.8432268799217E-04  6.8183566392937E-04  5.1577014470633E-04  5.1270128480525E-04
  5.2218985561724E-04  5.2116173388133E-04  7.3974606688229E-04  7.3657681077743E-04
  7.3788316903377E-04  7.3894726834869E-04  7.2869931301629E-04  7.3667724601016E-04
  7.3844740910521E-04  7.3154372330738E-04  7.2248389931553E-04  7.1785789030894E-04
  7.2035955375106E-04  7.2336165581013E-04  7.1554751008504E-04  7.2213429927854E-04
  7.2252843154002E-04  7.1261339214516E-04  7.4197103929669E-04  7.3728578533600E-04
  7.4086618431979E-04  7.4086866970209E-04  7.3476948426841E-04  7.3933220827391E-04
  7.4065852035627E-04  7.3413246515358E-04  6.8507351043208E-04  6.7968167647705E-04
  6.8308594648468E-04  6.8815729079681E-04  6.8306494708255E-04  6.8755335164340E-04
  6.8693595258281E-04  6.7561120691016E-04  6.1937818674297E-04  6.1451875030137E-04
  6.1819333047949E-04  6.2463113143609E-04  6.2189512287117E-04  6.2437199945791E-04
  6.2327520678633E-04  6.1253799150892E-04  7.2150123069287E-04  7.1507687107018E-04
  7.2072484246088E-04  7.2264287917505E-04  7.1840476459188E-04  7.2213285914956E-04
  7.2105700951974E-04  7.1307237146659E-04  1.4962899945101E-04  1.5391772886711E-04
  9.2289771374649E-04  9.1927670188414E-04  8.9066410555468E-04  9.1303179717493E-04
  9.3004335250876E-04  9.2196672605790E-04  9.2891776513576E-04  9.1712307354027E-04
  9.1921220785608E-04  9.2434120365300E-04  9.2479887254508E-04  9.1905725973990E-04
  9.2183683956520E-04  9.0241779385372E-04  9.1211101935914E-04  9.2146411736420E-04
  9.2234847794395E-04  9.1835570273967E-04  9.1849734437629E-04  8.9277858990381E-04
  9.1017165805613E-04  9.1733615337757E-04  9.1956776841037E-04  9.1483913462754E-04
  9.1741884496929E-04  8.9005005650284E-04  9.1317244864171E-04  9.0335772993108E-04
  9.0368403449703E-04  8.9704063644238E-04  9.0440657528621E-04  8.8176214050045E-04
  9.0157976423242E-04  8.8217505036739E-04  8.6604122991612E-04  8.5799240898208E-04
  8.7097537180993E-04  8.5482529203911E-04  8.6890035288366E-04  8.4298395735311E-04
  7.9587907805696E-04  7.8822725572881E-04  8.0556559302652E-04  7.9582688488134E-04
  8.0387026178200E-04  7.7642675595317E-04  6.7675725109149E-04  6.7161553926645E-04
  6.8978705843687E-04  6.8515280909526E-04  6.8854615420971E-04  6.6496158111373E-04
  4.7408082933310E-04  4.7231880061093E-04  4.8607359323356E-04  4.8478661991356E-04
  4.8556545009483E-04  4.7035939809320E-04  9.2124062453092E-04  9.0769177327568E-04
  9.1793329237344E-04  9.1434505120880E-04  8.3950147612953E-04  8.2433076289504E-04
  8.4796554848640E-04  8.4239202909468E-04  6.3316343057317E-04  6.2646910723003E-04
  6.4739849203698E-04  6.4508870058129E-04  9.1680249631365E-04  9.0972461196297E-04
  9.1263614508254E-04  9.1501215311143E-04  8.9230630918772E-04  9.0994798140473E-04
  9.1389000224741E-04  8.9860442748754E-04  8.9428713245363E-04  8.8400764027634E-04
  8.8955308332743E-04  8.9624904189514E-04  8.7886405707575E-04  8.9350329926880E-04
  8.9437811223788E-04  8.7250058647908E-04  9.1899105152575E-04  9.0855926550714E-04
  9.1652140238758E-04  9.1652080895988E-04  9.0296095609993E-04  9.1309762233990E-04
  9.1604100866141E-04  9.0161184316457E-04  8.4615636628290E-04  8.3425230043439E-04
  8.4174986675467E-04  8.5304132217605E-04  8.4166394862711E-04  8.5168811995283E-04
  8.5029965003984E-04  8.2537559659043E-04  7.6279193574165E-04  7.5213395041394E-04
  7.6018030988162E-04  7.7448477228100E-04  7.6835040326543E-04  7.7390379308361E-04
  7.7143976038813E-04  7.4783069061443E-04  8.9226042644638E-04  8.7804662432523E-04
  8.9053202968273E-04  8.9480687968426E-04  8.8534335092868E-04  8.9366701395892E-04
  8.9125037380048E-04  8.7365971116264E-04  1.8007800327293E-04  1.8907879399336E-04
  1.1353271888850E-03  1.1275535754171E-03  1.0676228520481E-03  1.1142758847586E-03
  1.1418066120317E-03  1.1246179286035E-03  1.1393917495782E-03  1.1143354584935E-03
  1.1188128198214E-03  1.1295919909891E-03  1.1364726705965E-03  1.1242016031730E-03
  1.1301173572882E-03  1.0891901422493E-03  1.1095273080987E-03  1.1292961713715E-03
  1.1343086436209E-03  1.1257473028232E-03  1.1260443443656E-03  1.0721207554819E-03
  1.1083969964898E-03  1.1235578833938E-03  1.1307645828798E-03  1.1206328561021E-03
  1.1261492472703E-03  1.0687021119274E-03  1.1170815393044E-03  1.0964039414476E-03
  1.1095672849864E-03  1.0954096993806E-03  1.1111120877673E-03  1.0633318039964E-03
  1.1050509690366E-03  1.0643260267347E-03  1.0602615449565E-03  1.0432460815016E-03
  1.0708105055906E-03  1.0365161587627E-03  1.0663502963576E-03  1.0121391338046E-03
  9.7020383770472E-04  9.5417553252459E-04  9.9083216972856E-04  9.7002698688796E-04
  9.8718491571882E-04  9.2988343117054E-04  8.2083766669016E-04  8.1016256098694E-04
  8.4844511495836E-04  8.3850146000924E-04  8.4577248321194E-04  7.9650961011101E-04
  5.7230625973145E-04  5.6867072531728E-04  5.9757622929052E-04  5.9480949588984E-04
  5.9648284073001E-04  5.6464939779845E-04  1.1295997625097E-03  1.1009797270249E-03
  1.1225500010952E-03  1.1148848412190E-03  1.0236874691192E-03  9.9207975103983E-04
  1.0416937278931E-03  1.0297561167948E-03  7.6593203801489E-04  7.5212908145546E-04
  7.9599390555554E-04  7.9103012218398E-04  1.1265872663765E-03  1.1114822836952E-03
  1.1176658605859E-03  1.1227449671604E-03  1.0749404652705E-03  1.1119534103739E-03
  1.1203229058436E-03  1.0881313249672E-03  1.0966272163877E-03  1.0748568092759E-03
  1.0865488109201E-03  1.1008206673646E-03  1.0639964592431E-03  1.0949446586897E-03
  1.0967926015844E-03  1.0509347703342E-03  1.1281103530156E-03  1.1059640184975E-03
  1.1228235564672E-03  1.1228239322358E-03  1.0941334213125E-03  1.1155466828736E-03
  1.1217627905967E-03  1.0914311846468E-03  1.0339062562609E-03  1.0089316743540E-03
  1.0245999588041E-03  1.0485940135711E-03  1.0243421816758E-03  1.0456885729912E-03
  1.0426979740516E-03  9.9063780174790E-04  9.2758775549042E-04  9.0543958013208E-04
  9.2211985602699E-04  9.5242001998760E-04  9.3927732706359E-04  9.5117008796206E-04
  9.4587391180390E-04  8.9661901113865E-04  1.0924923845698E-03  1.0625850335012E-03
  1.0888117230139E-03  1.0979223749837E-03  1.0777681757633E-03  1.0954854765751E-03
  1.0902942719466E-03  1.0534963418625E-03  2.1226923019435E-04  2.3021871265642E-04
  1.3855252780375E-03  1.3694810116015E-03  1.2505945124512E-03  1.3425195171456E-03
  1.3888677233964E-03  1.3539424995376E-03  1.3838891768005E-03  1.3331742864691E-03
  1.3422917654953E-03  1.3638355542263E-03  1.3845662550880E-03  1.3594625053987E-03
  1.3714598314284E-03  1.2895388664447E-03  1.3299340065183E-03  1.3697280414670E-03
  1.3836044407592E-03  1.3659818500193E-03  1.3665545203478E-03  1.2593876355144E-03
  1.3309001608689E-03  1.3614589665518E-03  1.3790368705923E-03  1.3581968454328E-03
  1.3695061424553E-03  1.2551250373357E-03  1.3509672700940E-03  1.3095232688118E-03
  1.3499128573810E-03  1.3210398182204E-03  1.3530710508890E-03  1.2572132518950E-03
  1.3405953118608E-03  1.2594011916122E-03  1.2839146735693E-03  1.2496279907631E-03
  1.3055175476865E-03  1.2360865367894E-03  1.2963022610551E-03  1.1887207567445E-03
  1.1668698480014E-03  1.1350020428026E-03  1.2088769760200E-03  1.1663961236279E-03
  1.2013335680096E-03  1.0878882218146E-03  9.7939193982498E-04  9.5842117108180E-04
  1.0351901530281E-03  1.0147613587712E-03  1.0296650973697E-03  9.3206777735711E-04
  6.7783206328519E-04  6.7076030692469E-04  7.2851250382896E-04  7.2280885879498E-04
  7.2625414073596E-04  6.6298595996137E-04  1.3712747634453E-03  1.3137216121540E-03
  1.3569424055412E-03  1.3413046651077E-03  1.2317732612582E-03  1.1694231254557E-03
  1.2683907819414E-03  1.2439238961572E-03  9.1009263304598E-04  8.8326253952045E-04
  9.7057459906175E-04  9.6035040525144E-04  1.3724117000049E-03  1.3415561865115E-03
  1.3540734628706E-03  1.3644964352615E-03  1.2688968018161E-03  1.3425067187987E-03
  1.3594604148013E-03  1.2949701843175E-03  1.3314254423775E-03  1.2874534483608E-03
  1.3108967766480E-03  1.3400167914744E-03  1.2657291733460E-03  1.3279585170972E-03
  1.3316729058126E-03  1.2404041050070E-03  1.3719695843542E-03  1.3270987961190E-03
  1.3611080553211E-03  1.3611523525256E-03  1.3033792360408E-03  1.3463706474580E-03
  1.3588678472069E-03  1.2982679525315E-03  1.2481094852174E-03  1.1983475221911E-03
  1.2293850109355E-03  1.2781036572153E-03  1.2287335557272E-03  1.2721110891276E-03
  1.2659281637560E-03  1.1628111777187E-03  1.1112821949735E-03  1.0677475544621E-03
  1.1004176683254E-03  1.1616489709492E-03  1.1346956469880E-03  1.1590643326099E-03
  1.1481520763464E-03  1.0507421074100E-03  1.3231884345294E-03  1.2633546199292E-03
  1.3156960343145E-03  1.3342859479945E-03  1.2933191770444E-03  1.3292943773317E-03
  1.3186087409470E-03  1.2455788182150E-03  2.4373196242934E-04  2.7770663972649E-04
  1.6773722150925E-03  1.6454675966606E-03  1.4225391525737E-03  1.5931285029647E-03
  1.6727209620727E-03  1.6049193743147E-03  1.6628253589867E-03  1.5650466097039E-03
  1.5827099749621E-03  1.6235703257145E-03  1.6717187563343E-03  1.6224850398317E-03
  1.6456743765565E-03  1.4901672334015E-03  1.5659014004166E-03  1.6421707862325E-03
  1.6737553787191E-03  1.6388637237637E-03  1.6398654212953E-03  1.4384601406859E-03
  1.5711646462215E-03  1.6298591834778E-03  1.6677688309614E-03  1.6265357364292E-03
  1.6487990719181E-03  1.4331639506162E-03  1.6124457246664E-03  1.5335100776457E-03
  1.6263585922456E-03  1.5699500765259E-03  1.6325519623612E-03  1.4499123376194E-03
  1.6078376832132E-03  1.4543795390878E-03  1.5356264694702E-03  1.4697751011030E-03
  1.5780847188272E-03  1.4440684051032E-03  1.5597320621650E-03  1.3576448324259E-03
  1.3810304968281E-03  1.3209977858710E-03  1.4629215985283E-03  1.3799245268145E-03
  1.4478813852851E-03  1.2354279947356E-03  1.1451815152142E-03  1.1063945770809E-03
  1.2527979609598E-03  1.2125299620441E-03  1.2418005954007E-03  1.0588387326917E-03
  7.8382483715284E-04  7.7091747641698E-04  8.8052075311773E-04  8.6923180886994E-04
  8.7603969524923E-04  7.5690263447815E-04  1.6463657052566E-03  1.5362749105492E-03
  1.6185439481092E-03  1.5880721691869E-03  1.4588688484569E-03  1.3427933721676E-03
  1.5301290160090E-03  1.4820655813819E-03  1.0575043550253E-03  1.0086076516332E-03
  1.1734174466608E-03  1.1531853872275E-03  1.6568461364254E-03  1.5964260856187E-03
  1.6205950808397E-03  1.6411690404333E-03  1.4598857798225E-03  1.5982598511125E-03
  1.6310380542124E-03  1.5082891314911E-03  1.5989255666766E-03  1.5142220351000E-03
  1.5588769982599E-03  1.6158367595838E-03  1.4731917737815E-03  1.5920563601650E-03
  1.5991601251124E-03  1.4270622298658E-03  1.6519500097485E-03  1.5651574655958E-03
  1.6304875042840E-03  1.6307618048082E-03  1.5201521361901E-03  1.6020389166318E-03
  1.6259619337346E-03  1.5110526258089E-03  1.4856305772199E-03  1.3916445050205E-03
  1.4497333106085E-03  1.5443314181690E-03  1.4482847861145E-03  1.5324208303125E-03
  1.5201280187152E-03  1.3269519460195E-03  1.3074459815158E-03  1.2268071416984E-03
  1.2869903017219E-03  1.4050778568430E-03  1.3520804716479E-03  1.3999258877212E-03
  1.3783248966385E-03  1.1962016905483E-03  1.5830148127393E-03  1.4693857843774E-03
  1.5684077824310E-03  1.6047932328971E-03  1.5252810463137E-03  1.5949785482833E-03
  1.5738668741791E-03  1.4366721033111E-03  2.7075243277475E-04  3.3163110038862E-04
  2.0142237670028E-03  1.9529136791353E-03  1.5592082790471E-03  1.8557704319064E-03
  1.9925770243628E-03  1.8668627657529E-03  1.9735922433318E-03  1.7942504008452E-03
  1.8266915546400E-03  1.9000572924027E-03  1.9991280641961E-03  1.9064527687758E-03
  1.9491606394131E-03  1.6701053820160E-03  1.8034054910716E-03  1.9423394199013E-03
  2.0074918629410E-03  1.9408782001386E-03  1.9424174222905E-03  1.5858021696036E-03
  1.8163328847900E-03  1.9235485589295E-03  1.9994680335003E-03  1.9208237471694E-03
  1.9629828708638E-03  1.5793091416614E-03  1.8945197885362E-03  1.7520940986103E-03
  1.9385232519645E-03  1.8328619278785E-03  1.9501938625455E-03  1.6203943135195E-03
  1.9030041086419E-03  1.6287361999530E-03  1.8102896091693E-03  1.6899970749279E-03
  1.8905229255961E-03  1.6441045272661E-03  1.8551901879929E-03  1.4968613180304E-03
  1.6026757069212E-03  1.4959654215763E-03  1.7556160714438E-03  1.6003664071303E-03
  1.7266361501238E-03  1.3513431965494E-03  1.3055590487861E-03  1.2383668749975E-03
  1.5035626309952E-03  1.4272850986219E-03  1.4824231121623E-03  1.1587256951704E-03
  8.7949484541073E-04  8.5753815219355E-04  1.0546832401338E-03  1.0331619141980E-03
  1.0460996102178E-03  8.3404951357612E-04  1.9518092046583E-03  1.7518094953070E-03
  1.9003120814803E-03  1.8435831305121E-03  1.6946876855631E-03  1.4917243313915E-03
  1.8274455614997E-03  1.7368659455309E-03  1.1947819220657E-03  1.1117753852634E-03
  1.4061021673034E-03  1.3675671912214E-03  1.9810191813213E-03  1.8675424577361E-03
  1.9119634378113E-03  1.9511013904932E-03  1.6259646656078E-03  1.8708523264016E-03
  1.9313338839243E-03  1.7099120343441E-03  1.8964834401570E-03  1.7410795744571E-03
  1.8216166372311E-03  1.9285246913929E-03  1.6681928308656E-03  1.8833628474015E-03
  1.8962941921657E-03  1.5896678309958E-03  1.9671468144383E-03  1.8070032607719E-03
  1.9262959472435E-03  1.9273693355713E-03  1.7264464866275E-03  1.8740253501847E-03
  1.9175338622129E-03  1.7113539513831E-03  1.7387170378401E-03  1.5709861364500E-03
  1.6732700007373E-03  1.8489741071095E-03  1.6704346375564E-03  1.8261086145162E-03
  1.8025543285092E-03  1.4613372972420E-03  1.5040312709089E-03  1.3640564849615E-03
  1.4677404003995E-03  1.6849196783384E-03  1.5849023933128E-03  1.6749831916459E-03
  1.6338274730131E-03  1.3129460631845E-03  1.8667877295711E-03  1.6624445552684E-03
  1.8395155929876E-03  1.9078963408381E-03  1.7606139645585E-03  1.8893216358594E-03
  1.8492841162672E-03  1.6062097369412E-03  2.8863288222274E-04  3.9159478886488E-04
  2.3983630215584E-03  2.2842519324625E-03  1.6324034918219E-03  2.1122313104197E-03
  2.3437320218440E-03  2.1213374233064E-03  2.3085334226286E-03  1.9964864302110E-03
  2.0526745911864E-03  2.1768610408895E-03  2.3654162881886E-03  2.1979501972802E-03
  2.2726913901849E-03  1.8013106417998E-03  2.0201685985283E-03  2.2599263862887E-03
  2.3860411329801E-03  2.2631627407103E-03  2.2650820969955E-03  1.6730095517428E-03
  2.0452810774916E-03  2.2309799390928E-03  2.3750049433300E-03  2.2301455272745E-03
  2.3070266265802E-03  1.6652563484830E-03  2.1832284996882E-03  1.9406874649317E-03
  2.2826129698256E-03  2.0930130264860E-03  2.3038138140797E-03  1.7411530934761E-03
  2.2167736144452E-03  1.7552949946150E-03  2.0970915671817E-03  1.8886776977903E-03
  2.2430471320994E-03  1.8122274018926E-03  2.1771220324441E-03  1.5798286642076E-03
  1.8148223013118E-03  1.6369465669559E-03  2.0885049883059E-03  1.8105667762557E-03
  2.0343586057808E-03  1.4113667377389E-03  1.4419132348979E-03  1.3336431005790E-03
  1.7888346751965E-03  1.6498258010246E-03  1.7494838517039E-03  1.2109273487998E-03
  9.5033859239622E-04  9.1582586681267E-04  1.2510587900742E-03  1.2114669447768E-03
  1.2351568337797E-03  8.7961119929712E-04  2.2793648954689E-03  1.9355531316488E-03
  2.1885647449875E-03  2.0880082632123E-03  1.9215907691999E-03  1.5904213692301E-03
  2.1582539861450E-03  1.9944653936215E-03  1.3032203849878E-03  1.1730204860735E-03
  1.6689489975362E-03  1.5981706836594E-03  2.3435081748123E-03  2.1390173901231E-03
  2.2165759644440E-03  2.2883764756755E-03  1.7390379749744E-03  2.1446672892633E-03
  2.2509562185009E-03  1.8738137348198E-03  2.2167783357042E-03  1.9458646847985E-03
  2.0828773126837E-03  2.2753378007106E-03  1.8249490955267E-03  2.1926828696497E-03
  2.2149933767894E-03  1.7010031597472E-03  2.3127982471854E-03  2.0313690402121E-03
  2.2378394439029E-03  2.2412646079643E-03  1.8961885503085E-03  2.1466204182676E-03
  2.2215935161319E-03  1.8730312191356E-03  1.9929881388266E-03  1.7116572651012E-03
  1.8799921630909E-03  2.1918148152935E-03  1.8750045016895E-03  2.1493069043386E-03
  2.1057441225554E-03  1.5399959433363E-03  1.6820750014924E-03  1.4559513951080E-03
  1.6216718311989E-03  2.0020938349360E-03  1.8207922387598E-03  1.9835072044917E-03
  1.9078926965246E-03  1.3774878847144E-03  2.1633710347856E-03  1.8169471917113E-03
  2.1146475358967E-03  2.2380495719979E-03  1.9781708743754E-03  2.2042536874349E-03
  2.1313199767430E-03  1.7272554288360E-03  2.9267472779451E-04  4.5640667411748E-04
  2.8301079462614E-03  2.6241085085105E-03  1.6175647580051E-03  2.3343850030835E-03
  2.7150818218112E-03  2.3407666840988E-03  2.6520075211004E-03  2.1396086054474E-03
  2.2306939348928E-03  2.4273870574023E-03  2.7648355231162E-03  2.4745051046146E-03
  2.5983785857015E-03  1.8534231436418E-03  2.1855605794637E-03  2.5754568761062E-03
  2.8079426341398E-03  2.5888133800126E-03  2.5901430858115E-03  1.6737921871245E-03
  2.2278030950849E-03  2.5310837084578E-03  2.7923665402096E-03  2.5347227167303E-03
  2.6694518878101E-03  1.6649287535059E-03  2.4549250421549E-03  2.0676402962319E-03
  2.6493323698865E-03  2.3240446395108E-03  2.6865017950096E-03  1.7831230744287E-03
  2.5314864915442E-03  1.8046943823521E-03  2.3770381644870E-03  2.0364203208464E-03
  2.6327954203067E-03  1.9186739214780E-03  2.5134396574686E-03  1.5818933856080E-03
  1.9926769125643E-03  1.7165246506988E-03  2.4611278670316E-03  1.9855530113281E-03
  2.3628364850046E-03  1.3948314993963E-03  1.5306913065891E-03  1.3699784801059E-03
  2.1083000400705E-03  1.8644864725053E-03  2.0371577682333E-03  1.1976311204641E-03
  9.8043876400024E-04  9.3077587858153E-04  1.4679514796966E-03  1.3975815041342E-03
  1.4394014536514E-03  8.7990900330450E-04  2.6128109006753E-03  2.0562619428332E-03
  2.4607718185531E-03  2.2918687279408E-03  2.1133810301815E-03  1.6130721724430E-03
  2.5161104327082E-03  2.2323125927489E-03  1.3609560177599E-03  1.1740768529159E-03
  1.9600794446381E-03  1.8345745119215E-03  2.7385784823555E-03  2.3855390664067E-03
  2.5136495742462E-03  2.6404634820446E-03  1.7702638048880E-03  2.3945746230780E-03
  2.5717371297900E-03  1.9686899374788E-03  2.5453619544923E-03  2.0984858240388E-03
  2.3168269557362E-03  2.6486209097517E-03  1.9128345143698E-03  2.5028248269924E-03
  2.5391739083045E-03  1.7331332159522E-03  2.6778937424437E-03  2.2084672854841E-03
  2.5453830494691E-03  2.5547543308352E-03  1.9975573703497E-03  2.3948391007783E-03
  2.5166765743548E-03  1.9649852844315E-03  2.2253950366958E-03  1.7849631700228E-03
  2.0416621463942E-03  2.5693777717232E-03  2.0339802982284E-03  2.4927007199723E-03
  2.4149753666117E-03  1.5391358760247E-03  1.8158103915311E-03  1.4787329735855E-03
  1.7223205101432E-03  2.3552496814532E-03  2.0397135922077E-03  2.3214248302321E-03
  2.1873746697615E-03  1.3690748567429E-03  2.4530230601359E-03  1.9026653781730E-03
  2.3701425130514E-03  2.5835481083794E-03  2.1482567965697E-03  2.5243554569844E-03
  2.3971117386220E-03  1.7712094395577E-03  7.0297384768061E-05  1.3156992107831E-04
  1.3489641644610E-03  1.2017979201152E-03  6.1362671574802E-04  1.0136779013308E-03
  2.6762566883184E-04  2.5764045967635E-04  4.8909172538824E-04  4.7047216414251E-04
  4.8066486898953E-04  2.4766813505905E-04  4.4112996635001E-04  4.0289288619231E-04
  7.6683516334208E-04  6.9539034633094E-04  7.3933716156309E-04  3.6476063041357E-04
  5.9533417823875E-04  5.1610973139667E-04  9.6071457746241E-04  8.1141962915669E-04
  9.1352142217114E-04  4.3663544270427E-04  7.4366618554055E-04  6.1762617124806E-04
  1.0938446347870E-03  8.5204506588237E-04  1.0316506742504E-03  4.8868694052300E-04
  8.8874236336594E-04  7.1793497604293E-04  1.1804013909918E-03  8.4185755744205E-04
  1.1077023754860E-03  5.3592802386610E-04  1.0258535317296E-03  8.2111246182468E-04
  1.2307989246961E-03  8.0166899538092E-04  1.1488286597108E-03  5.8762991884450E-04
  1.1462580163651E-03  9.2596184964468E-04  1.2534316443282E-03  7.4874798374072E-04
  1.1595540526041E-03  6.4957949530877E-04  1.2408993477153E-03  1.0264739633167E-03
  1.2553970066061E-03  6.9610776711294E-04  1.1445264055162E-03  7.2493549464544E-04
  1.3049054219763E-03  1.1127492355978E-03  1.2432938800290E-03  6.5262037096895E-04
  1.1098606321845E-03  8.1396992960640E-04  1.3391381685192E-03  1.1738663026575E-03
  1.2234074218299E-03  6.2388957433981E-04  1.0633600125826E-03  9.1311952622069E-04
  1.3415599215660E-03  1.1952757761398E-03  1.1840715805870E-03  6.2486376601907E-04
  9.6913251842273E-04  1.1011069560541E-03  1.3235703512887E-03  1.1603938924287E-03
  1.1749669961906E-03  6.6052422402826E-04  9.3685131404071E-04  1.1571870157685E-03
  1.2999071659882E-03  1.1081888165097E-03  1.1776176821297E-03  7.2312441310230E-04
  9.2214289414610E-04  1.1659879736098E-03  1.2733939118866E-03  1.0503794074312E-03
  1.1925915088699E-03  8.1254226905770E-04  9.2792941487088E-04  1.1214751242082E-03
  1.2451912499983E-03  9.9659654770434E-04  1.2168677070071E-03  9.2161380806718E-04
  9.5391943110543E-04  1.0328035781136E-03  3.8885640361616E-04  6.9618802299740E-04
  3.4767422105517E-04  6.5840497464592E-04  6.3684841358385E-04  1.0164803260340E-03
  4.9324746923771E-04  8.9513287608257E-04  8.6946652693239E-04  1.1599994150886E-03
  6.0583503805345E-04  9.7421730849451E-04  1.0800476463576E-03  1.1600243856559E-03
  7.3483938527259E-04  9.8560642150150E-04  1.2126396755484E-03  1.0510446764660E-03
  8.9109739882025E-04  9.7969879618619E-04  1.3229665135454E-03  1.1336419954525E-03
  1.1593012815277E-03  1.2184662367743E-03  6.4586476367697E-04  1.0302743189617E-03
  1.1355438565699E-03  8.6938882629152E-04  1.2766462109007E-03  1.0454568915431E-03
  1.1018854967775E-03  1.2376546227068E-03  6.8363216007448E-04  1.0877502136522E-03
  1.1591025393789E-03  7.7571520922804E-04  1.1991415524587E-03  9.4193648681499E-04
  1.0200516117321E-03  1.2466414301500E-03  7.3366649444116E-04  1.1318727083352E-03
  1.1656461898392E-03  6.9415917276017E-04  1.0924637625687E-03  8.3416774636330E-04
  9.2403747790662E-04  1.2389572330364E-03  7.8883026542982E-04  1.1534349651240E-03
  1.1510041280389E-03  6.2635630486820E-04  9.6404405787777E-04  7.2990226034550E-04
  8.2250111794541E-04  1.2077941745993E-03  8.3842685091495E-04  1.1447932182321E-03
  1.1128799737664E-03  5.7072175857810E-04  8.2368990022837E-04  6.3235471647051E-04
  7.2018375124653E-04  1.1458063378490E-03  8.6774117720376E-04  1.1002291908263E-03
  1.0493125854957E-03  5.2316519393376E-04  6.7934824477174E-04  5.4022295299569E-04
  6.1722774316464E-04  1.0448460526816E-03  8.5909662352246E-04  1.0146390282649E-03
  9.5695544388664E-04  4.7706208596036E-04  5.3454387523005E-04  4.4802951106978E-04
  5.0917496418748E-04  8.9649547864246E-04  7.9406949982358E-04  8.8192866679114E-04
  8.2936327898963E-04  4.2266710170996E-04  1.2990862456939E-03  1.0740287650420E-03
  1.1555194570706E-03  1.1879243867673E-03  6.9360299636310E-04  1.0090020787737E-03
  1.1681795742516E-03  8.4319500274833E-04  1.2438334512887E-03  9.6993255637520E-04
  1.1038161830939E-03  1.2103937251129E-03  7.4126243901413E-04  1.0763982934434E-03
  1.1640391351701E-03  7.5804313795138E-04  1.1567695270828E-03  8.6011815944429E-04
  1.0278281943834E-03  1.2213670218485E-03  7.9769459807337E-04  1.1283293250330E-03
  1.1429072209451E-03  6.8540351333641E-04  1.0427606984537E-03  7.5408681401733E-04
  9.3696881278361E-04  1.2140672286930E-03  8.5411910226177E-04  1.1545981574231E-03
  1.1049064058609E-03  6.2569583617185E-04  9.1141735620088E-04  6.5720131840204E-04
  8.3906361771421E-04  1.1815414846442E-03  8.9846099944052E-04  1.1472694484613E-03
  1.0508837222913E-03  5.7674489422447E-04  7.7324543834984E-04  5.7077988688338E-04
  7.3858674254742E-04  1.1172100655960E-03  9.1647752535157E-04  1.1016576294996E-03
  9.8115961700151E-04  5.3444423574663E-04  1.2715680900959E-03  1.0072792692153E-03
  1.1644721708645E-03  1.1429862214694E-03  7.6869276440898E-04  1.0047167189394E-03
  1.1497238118325E-03  8.3785665089931E-04  1.2099402423623E-03  8.9735084500479E-04
  1.1190638636531E-03  1.1724667463378E-03  8.2526667309337E-04  1.0805310865860E-03
  1.1197192344451E-03  7.6268840821739E-04  1.1166499996725E-03  7.8945872615936E-04
  1.0490309729325E-03  1.1898523736103E-03  8.8541718494288E-04  1.1379870470620E-03
  1.0784136904152E-03  6.9932763490411E-04  9.9937677604005E-04  6.9110519437057E-04
  9.6325652443084E-04  1.1879344780920E-03  9.3896719408285E-04  1.1666421692044E-03
  1.0289680787158E-03  6.4770573002889E-04  1.2423922395982E-03  9.4384185088153E-04
  1.1849650168474E-03  1.0944825669465E-03  8.6809201571542E-04  1.0193982103867E-03
  1.0816093720268E-03  8.5441850828547E-04  1.1764644367035E-03  8.3547009194358E-04
  1.1449325276083E-03  1.1334682422687E-03  9.2872540702533E-04  1.1007783174427E-03
  1.0346495994445E-03  7.8932755798292E-04  6.2826907177195E-05  1.4796338384212E-04
  1.5576507359711E-03  1.3084700885099E-03  5.3128912614794E-04  1.0283612394380E-03
  2.4207505073485E-04  2.3046096032981E-04  5.5465448869809E-04  5.2369390261280E-04
  5.4050279704109E-04  2.1904812086228E-04  4.0730362949768E-04  3.6204462594648E-04
  8.7756153072477E-04  7.5971593152927E-04  8.3092793168908E-04  3.1860906856740E-04
  5.6481019134503E-04  4.6841801567102E-04  1.1058995372758E-03  8.6372307618532E-04
  1.0252589705128E-03  3.7781849309836E-04  7.2871063788590E-04  5.6953447784596E-04
  1.2612465296287E-03  8.7858363073266E-04  1.1544982192867E-03  4.2125181930162E-04
  9.0235806936319E-04  6.7651138804509E-04  1.3579504129837E-03  8.3808940445884E-04
  1.2331666540144E-03  4.6346243613588E-04  1.0797451272526E-03  7.9448924211628E-04
  1.4080578361960E-03  7.7012268941439E-04  1.2682896676171E-03  5.1376325172834E-04
  1.2471340315853E-03  9.2289365392525E-04  1.4223226567830E-03  6.9565438946926E-04
  1.2646730381840E-03  5.7863986290433E-04  1.3870551318426E-03  1.0545099693576E-03
  1.4104598343319E-03  6.2835682724128E-04  1.2287850835133E-03  6.6267780737245E-04
  1.4864077339740E-03  1.1749422237359E-03  1.3816768773686E-03  5.7607366748932E-04
  1.1698056611763E-03  7.6814114740440E-04  1.5414634495750E-03  1.2651168392543E-03
  1.3448851590280E-03  5.4287423005006E-04  1.0991060545415E-03  8.9317338566987E-04
  1.5450605390480E-03  1.2993323972084E-03  1.2798644748915E-03  5.4383537427918E-04
  9.6767177090219E-04  1.1531491760038E-03  1.5138013199155E-03  1.2463707041254E-03
  1.2650819898474E-03  5.8398642298668E-04  9.2498500777278E-04  1.2367035966028E-03
  1.4717139075700E-03  1.1677381758323E-03  1.2682856651020E-03  6.5606514444627E-04
  9.0580842818632E-04  1.2490648811676E-03  1.4241399680259E-03  1.0828269400681E-03
  1.2903393194471E-03  7.6306362876250E-04  9.1329933288553E-04  1.1805644661397E-03
  1.3748824956972E-03  1.0063472172427E-03  1.3281079182480E-03  9.0110900125948E-04
  9.4782657817104E-04  1.0517458538036E-03  3.5448378623024E-04  7.9171161703692E-04
  3.0678614225514E-04  7.2899401027513E-04  6.0376337434190E-04  1.1624571997733E-03
  4.3316911604468E-04  9.6429190676591E-04  8.6872197654670E-04  1.3104734182660E-03
  5.3958196491553E-04  1.0168835877587E-03  1.1385023893826E-03  1.2645995557061E-03
  6.7761169730373E-04  1.0012370385375E-03  1.3242541901698E-03  1.0846236736501E-03
  8.6558362085770E-04  9.7994010445411E-04  1.5144414050324E-03  1.2054315451948E-03
  1.2425329425049E-03  1.3386904246962E-03  5.6773947813896E-04  1.0534120354588E-03
  1.2054125114057E-03  8.3712087643587E-04  1.4409232503316E-03  1.0790032605915E-03
  1.1598033985170E-03  1.3754894078244E-03  6.1223026185448E-04  1.1400458500740E-03
  1.2455293113868E-03  7.2206917763719E-04  1.3230772686188E-03  9.4030783183370E-04
  1.0477681573614E-03  1.4011066554993E-03  6.7424111700881E-04  1.2145906417960E-03
  1.2648013690080E-03  6.2784210181757E-04  1.1695751141244E-03  8.0563040512341E-04
  9.2399870164765E-04  1.4063835139801E-03  7.4801236574586E-04  1.2632763924893E-03
  1.2575079627180E-03  5.5410442470063E-04  9.9677255762930E-04  6.8413102858896E-04
  8.0120424037424E-04  1.3817019382729E-03  8.2311921147993E-04  1.2741198963579E-03
  1.2209890723560E-03  4.9753074523643E-04  8.2142678283889E-04  5.7810152494230E-04
  6.8541835442253E-04  1.3170360435530E-03  8.8271411285907E-04  1.2383487965646E-03
  1.1541060321213E-03  4.5292913287180E-04  6.5458346226557E-04  4.8471610065422E-04
  5.7639099103864E-04  1.2021185064188E-03  9.0370714446875E-04  1.1498594233625E-03
  1.0543333215125E-03  4.1322516396282E-04  4.9963574762080E-04  3.9725947152021E-04
  4.6878935267145E-04  1.0277630182562E-03  8.5974142698891E-04  1.0026835337405E-03
  9.1552997168886E-04  3.6865241845450E-04  1.4733980464529E-03  1.1181906074207E-03
  1.2364301155520E-03  1.2915073805147E-03  6.2235658324818E-04  1.0247314210614E-03
  1.2547722397555E-03  8.0432772846905E-04  1.3868833168351E-03  9.7450093838144E-04
  1.1632174027376E-03  1.3331775801263E-03  6.8027227924784E-04  1.1254677559394E-03
  1.2536728888998E-03  7.0127542616277E-04  1.2572379781542E-03  8.3357248477098E-04
  1.0604948372501E-03  1.3625240169182E-03  7.5337344171933E-04  1.2127273277095E-03
  1.2314877369578E-03  6.1851086576271E-04  1.0975692138841E-03  7.0684148753389E-04
  9.4432687716351E-04  1.3697762293281E-03  8.3364316938380E-04  1.2708225524768E-03
  1.1894472696237E-03  5.5462882897199E-04  9.2586716512555E-04  5.9877683549383E-04
  8.2638257514405E-04  1.3447253097995E-03  9.0791480104061E-04  1.2862895930859E-03
  1.1299889594795E-03  5.0596063182061E-04  7.5793466628447E-04  5.0869529633658E-04
  7.1251603598829E-04  1.2777432375315E-03  9.5797355969360E-04  1.2508422112144E-03
  1.0548761467763E-03  4.6749214230590E-04  1.4251775896585E-03  1.0231308360074E-03
  1.2493813174506E-03  1.2219711966516E-03  7.1080200441908E-04  1.0191986452557E-03
  1.2255812047460E-03  7.9769128355142E-04  1.3303725178736E-03  8.7732091854263E-04
  1.1860058354305E-03  1.2732740441551E-03  7.8288899412693E-04  1.1324718930896E-03
  1.1858882448742E-03  7.0706208336740E-04  1.1947610253500E-03  7.4442807426295E-04
  1.0920149972393E-03  1.3122951836631E-03  8.6578147228759E-04  1.2294028138704E-03
  1.1345562162560E-03  6.3521375712213E-04  1.0345890101252E-03  6.3137287341037E-04
  9.8243575409684E-04  1.3282960949785E-03  9.4871201726063E-04  1.2929965504599E-03
  1.0767835845585E-03  5.8047478482981E-04  1.3742540982345E-03  9.3569069448359E-04
  1.2803672992149E-03  1.1484487468742E-03  8.3343764018971E-04  1.0396539011946E-03
  1.1234384652808E-03  8.1845753348097E-04  1.2752981836844E-03  7.9730214528971E-04
  1.2253380651244E-03  1.2124099876875E-03  9.1596454153734E-04  1.1627444018770E-03
  1.0613497172054E-03  7.3957412892627E-04  5.2124454476653E-05  1.6208308099323E-04
  1.7727265719000E-03  1.3673860587592E-03  4.2556479247417E-04  9.8259478212804E-04
  2.0349131193900E-04  1.9138640121111E-04  6.1489086413768E-04  5.6547203747911E-04
  5.9198774864817E-04  1.7967238123709E-04  3.5020389172168E-04  3.0215719259939E-04
  9.8579102170437E-04  7.9962376136845E-04  9.0927748770585E-04  2.5780295383176E-04
  5.0048041887524E-04  3.9520653591461E-04  1.2530848950292E-03  8.7853416208884E-04
  1.1194485248401E-03  3.0258332444906E-04  6.6979189562828E-04  4.8894834968711E-04
  1.4326761091719E-03  8.5863883694474E-04  1.2549644688847E-03  3.3595824492383E-04
  8.6476746666082E-04  5.9478406786222E-04  1.5372772724436E-03  7.8517218834608E-04
  1.3301302074299E-03  3.7093002310857E-04  1.0817069249258E-03  7.1942043862835E-04
  1.5808788439648E-03  6.9237431493014E-04  1.3514933935005E-03  4.1613266001569E-04
  1.3043997055132E-03  8.6449308320894E-04  1.5778161264886E-03  6.0235670615709E-04
  1.3249014068184E-03  4.7831685728565E-04  1.5056857918777E-03  1.0237457685987E-03
  1.5419617616283E-03  5.2699885845147E-04  1.2601914428407E-03  5.6337836455366E-04
  1.6578751549737E-03  1.1797899761000E-03  1.4867345569217E-03  4.7141198086550E-04
  1.1713070344095E-03  6.7620137686933E-04  1.7460548684927E-03  1.3041767144299E-03
  1.4247798235287E-03  4.3724015794255E-04  1.0740103989167E-03  8.1829792980043E-04
  1.7514995666460E-03  1.3556388268505E-03  1.3238805886360E-03  4.3810795911687E-04
  9.0784004068022E-04  1.1447630040455E-03  1.6983225059942E-03  1.2807884730529E-03
  1.3014832427882E-03  4.7866778365584E-04  8.5700539031468E-04  1.2591806167854E-03
  1.6263647312947E-03  1.1717198729480E-03  1.3050744179895E-03  5.5305429869405E-04
  8.3478937930781E-04  1.2755666668488E-03  1.5457737616081E-03  1.0578236218025E-03
  1.3361758368222E-03  6.6796380103123E-04  8.4416153848487E-04  1.1792964369091E-03
  1.4649266703787E-03  9.5906080027868E-04  1.3919342902735E-03  8.2499566032768E-04
  8.8614361065171E-04  1.0092407338399E-03  3.0054065504691E-04  8.8119428322647E-04
  2.5100584531803E-04  7.8132951437468E-04  5.3448664482509E-04  1.3043800900750E-03
  3.5258287396908E-04  9.9578351913078E-04  8.1635273082134E-04  1.4447179605906E-03
  4.4605387885514E-04  1.0077906703760E-03  1.1413018984735E-03  1.3271648410718E-03
  5.8208161792390E-04  9.5902691539502E-04  1.3896056405005E-03  1.0611879233632E-03
  7.8837552265183E-04  9.2094851300291E-04  1.7013743480747E-03  1.2219363222593E-03
  1.2710417893930E-03  1.4177534925314E-03  4.6245304594680E-04  1.0165359975861E-03
  1.2171256208431E-03  7.5367312705143E-04  1.5857836165717E-03  1.0539523163937E-03
  1.1594733935828E-03  1.4807293222904E-03  5.0898899361247E-04  1.1343374668890E-03
  1.2778303784515E-03  6.2623616401085E-04  1.4103197072277E-03  8.8276594644127E-04
  1.0167057738374E-03  1.5329145679729E-03  5.7671117795179E-04  1.2458996635736E-03
  1.3149306846447E-03  5.2767218530795E-04  1.1974253153316E-03  7.2820521680709E-04
  8.6863739908227E-04  1.5611141364499E-03  6.6258159383134E-04  1.3320483599140E-03
  1.3201816815355E-03  4.5460606940776E-04  9.7654754565929E-04  5.9802435812984E-04
  7.3098976408266E-04  1.5513122060899E-03  7.5859283050043E-04  1.3739982524762E-03
  1.2900996833473E-03  4.0172744257028E-04  7.7056282467303E-04  4.9165318014680E-04
  6.0928957542337E-04  1.4891326558708E-03  8.4842594456624E-04  1.3572485318880E-03
  1.2243061617949E-03  3.6295822009830E-04  5.9020192511153E-04  4.0388683042655E-04
  5.0174849557025E-04  1.3610399467304E-03  9.0531127436137E-04  1.2730299674488E-03
  1.1217363444679E-03  3.3131971636521E-04  4.3542247056323E-04  3.2675234651374E-04
  4.0177660677015E-04  1.1574931544574E-03  8.9401348582603E-04  1.1154772764399E-03
  9.7702264911946E-04  2.9782381336091E-04  1.6327201761098E-03  1.1045583458263E-03
  1.2617779936850E-03  1.3493401648678E-03  5.1841816535802E-04  9.8159950648703E-04
  1.2859878763177E-03  7.1685816897942E-04  1.4997937254828E-03  9.2218226362992E-04
  1.1644762771203E-03  1.4182281998199E-03  5.8084447754956E-04  1.1174832331573E-03
  1.2898059573237E-03  6.0423967109105E-04  1.3128111459156E-03  7.5664506644551E-04
  1.0346313932314E-03  1.4756061281900E-03  6.6407672478952E-04  1.2477012003021E-03
  1.2685670366881E-03  5.1865270127423E-04  1.0992386436905E-03  6.1808821057218E-04
  8.9602261326121E-04  1.5075191445681E-03  7.6282644229647E-04  1.3500449187077E-03
  1.2246856807922E-03  4.5608435067612E-04  8.8759459908247E-04  5.0741948315160E-04
  7.6355636910215E-04  1.4985471271088E-03  8.6535579182491E-04  1.4023155570243E-03
  1.1626193109661E-03  4.1137827298591E-04  6.9677319080722E-04  4.2078315790887E-04
  6.4312853489054E-04  1.4340010941388E-03  9.5168293578461E-04  1.3887825102748E-03
  1.0859344894799E-03  3.7889501672664E-04  1.5520507114846E-03  9.8132370500243E-04
  1.2795157925044E-03  1.2495565735823E-03  6.1180164826394E-04  9.7573135569115E-04
  1.2438233597841E-03  7.0975714827288E-04  1.4105463952319E-03  8.0469425371199E-04
  1.1960241075868E-03  1.3294215588159E-03  6.9324030191083E-04  1.1287039128621E-03
  1.1942822423959E-03  6.1087717594366E-04  1.2214218065773E-03  6.5543356059527E-04
  1.0772699520556E-03  1.3992207796976E-03  7.9345905446226E-04  1.2743523283138E-03
  1.1338016175765E-03  5.3662659654367E-04  1.0145041492704E-03  5.3672807618668E-04
  9.4569530162908E-04  1.4433911284245E-03  9.0350884946315E-04  1.3874928112606E-03
  1.0697338677209E-03  4.8317800755753E-04  1.4684196214938E-03  8.7243837396662E-04
  1.3238752239749E-03  1.1471332897683E-03  7.4769297383088E-04  1.0023841068274E-03
  1.1040502281077E-03  7.3358082719661E-04  1.3257084296752E-03  7.1164718574881E-04
  1.2518328491136E-03  1.2411788630612E-03  8.4727926797162E-04  1.1710209506052E-03
  1.0278621555140E-03  6.4669737761296E-04  3.9907209698625E-05  1.7131660988834E-04
  1.9790112550948E-03  1.3527436070347E-03  3.1351823978477E-04  8.7347200106736E-04
  1.5798835127813E-04  1.4667844606399E-04  6.6092478593352E-04  5.8604349703440E-04
  6.2556188253700E-04  1.3589103495348E-04  2.7848155796011E-04  2.3278147149374E-04
  1.0799372530334E-03  8.0124359978265E-04  9.5952757622615E-04  1.9214259244606E-04
  4.1089405018587E-04  3.0799123964920E-04  1.3903353591767E-03  8.4336550540569E-04
  1.1772949597968E-03  2.2301519084427E-04  5.7192625491050E-04  3.8809068794608E-04
  1.5955862487387E-03  7.8607428353203E-04  1.3110804240422E-03  2.4648807925964E-04
  7.7319971430501E-04  4.8408712660215E-04  1.7034633482314E-03  6.8528176777677E-04
  1.3740188705848E-03  2.7319089606176E-04  1.0182136098079E-03  6.0411774007757E-04
  1.7303567197366E-03  5.7768801814891E-04  1.3724407241685E-03  3.1044787294809E-04
  1.2950513465095E-03  7.5280519262717E-04  1.6968494076292E-03  4.8272905971182E-04
  1.3150149730551E-03  3.6470145609503E-04  1.5701729294208E-03  9.2747222272972E-04
  1.6237615274124E-03  4.0800883463351E-04  1.2170139699769E-03  4.4253925934377E-04
  1.7962862121082E-03  1.1110930475910E-03  1.5309493733909E-03  3.5539450371474E-04
  1.0984681479917E-03  5.5093814056528E-04  1.9355060829380E-03  1.2679915251890E-03
  1.4359185673958E-03  3.2405928219788E-04  9.7894899176689E-04  6.9531498349335E-04
  1.9437674604762E-03  1.3392609403286E-03  1.2918449343214E-03  3.2477254359622E-04
  7.9127001072861E-04  1.0620966752571E-03  1.8555857988165E-03  1.2425447668541E-03
  1.2606864744833E-03  3.6148434207709E-04  7.3737717027646E-04  1.2031308622335E-03
  1.7379141007852E-03  1.1053484066858E-03  1.2643545599584E-03  4.3034342576230E-04
  7.1474192400108E-04  1.2231030733351E-03  1.6098398669695E-03  9.6777478212723E-04
  1.3050285693875E-03  5.4083612157055E-04  7.2561535835250E-04  1.1016843996859E-03
  1.4865787721438E-03  8.5332136707105E-04  1.3813429442673E-03  7.0022955113927E-04
  7.7170820262307E-04  9.0112435748283E-04  2.3545983334115E-04  9.5253233015649E-04
  1.8933068449522E-04  8.0165851938128E-04  4.3826660412249E-04  1.4264062063015E-03
  2.6447094729082E-04  9.7337743286300E-04  7.1360025303610E-04  1.5404753385818E-03
  3.4025471931420E-04  9.3634571923910E-04  1.0734023681031E-03  1.3248524414787E-03
  4.6269286974236E-04  8.5579250205254E-04  1.3819172864649E-03  9.7286428008535E-04
  6.6729000211048E-04  8.0396977112794E-04  1.8628652690097E-03  1.1648218248179E-03
  1.2231911887309E-03  1.4291240885833E-03  3.4688958972638E-04  9.1426302892820E-04
  1.1518776490164E-03  6.2874495942516E-04  1.6854501553547E-03  9.6208414394117E-04
  1.0857048400658E-03  1.5265504177119E-03  3.9035375389966E-04  1.0570821304468E-03
  1.2332539541549E-03  5.0231472730743E-04  1.4349872164652E-03  7.7098621606651E-04
  9.2020867513649E-04  1.6166017961071E-03  4.5609075219131E-04  1.2050125109571E-03
  1.2910384888664E-03  4.0953779658001E-04  1.1571739725387E-03  6.1052622402575E-04
  7.5917613719726E-04  1.6807889130839E-03  5.4399813555855E-04  1.3348405142039E-03
  1.3135500094765E-03  3.4390543130432E-04  8.9532003507120E-04  4.8390485343364E-04
  6.1865402921992E-04  1.6982289813912E-03  6.5009012319817E-04  1.4191359361301E-03
  1.2956495422934E-03  2.9870549832014E-04  6.7271907032755E-04  3.8644540790172E-04
  5.0168716763289E-04  1.6471203646462E-03  7.6189800421345E-04  1.4342452674020E-03
  1.2372240804480E-03  2.6769921344527E-04  4.9359392349371E-04  3.1061407284952E-04
  4.0413720779785E-04  1.5084200906687E-03  8.5308409522472E-04  1.3650573249076E-03
  1.1387987143961E-03  2.4450445785145E-04  3.5121911979585E-04  2.4784479891277E-04
  3.1835259014125E-04  1.2727704416628E-03  8.8197227137389E-04  1.2047438542282E-03
  9.9640900141631E-04  2.2159715589797E-04  1.7520492238802E-03  1.0222416350579E-03
  1.2102629759355E-03  1.3376381193296E-03  3.9834293372932E-04  8.7644456422374E-04
  1.2387299843006E-03  5.9197809716003E-04  1.5553240339088E-03  8.1301952370116E-04
  1.0918491197755E-03  1.4400836945119E-03  4.5834694676524E-04  1.0400757929768E-03
  1.2489629898227E-03  4.8157771667623E-04  1.2998843626918E-03  6.3756739584145E-04
  9.4198904784763E-04  1.5352298425773E-03  5.4217055388028E-04  1.2127479618914E-03
  1.2313610405880E-03  4.0168987420380E-04  1.0338428073427E-03  5.0047581020279E-04
  7.9111362934161E-04  1.6038605897813E-03  6.4831892645700E-04  1.3676245258221E-03
  1.1893710809502E-03  3.4594979838852E-04  7.9360688152758E-04  3.9737853795666E-04
  6.5511181078505E-04  1.6228466293899E-03  7.6934549502424E-04  1.4714169700352E-03
  1.1293566296078E-03  3.0823120162710E-04  5.9485220451574E-04  3.2114752297868E-04
  5.3825604733946E-04  1.5687730995150E-03  8.8746304920265E-04  1.4954316445573E-03
  1.0565885002823E-03  2.8290603480379E-04  1.6245226785649E-03  8.7877810847286E-04
  1.2326617374901E-03  1.2068440836114E-03  4.8673250885617E-04  8.7149903269858E-04
  1.1841067668430E-03  5.8542378547944E-04  1.4238102001301E-03  6.8600635575275E-04
  1.1314676004314E-03  1.3183739852419E-03  5.6840619619316E-04  1.0563709192706E-03
  1.1272191096403E-03  4.8845475217978E-04  1.1770637665834E-03  5.3478892048444E-04
  9.9371398970332E-04  1.4259687631224E-03  6.7498914851898E-04  1.2515201622718E-03
  1.0614521641292E-03  4.1899916855195E-04  9.3033884533392E-04  4.2187639346139E-04
  8.4868968911419E-04  1.5088657206818E-03  8.0186247184671E-04  1.4254637841928E-03
  9.9565400897564E-04  3.7135234906145E-04  1.4966949681516E-03  7.5747160642246E-04
  1.2911331944745E-03  1.0774486619031E-03  6.2124241960505E-04  9.0323926703780E-04
  1.0125390924672E-03  6.1012496998697E-04  1.3035737209509E-03  5.8932036217759E-04
  1.2035797938666E-03  1.2010766952454E-03  7.2749415517190E-04  1.1105185958364E-03
  9.2777591322162E-04  5.2389911526208E-04  2.8040929172159E-05  1.7238804820469E-04
  2.1498574324543E-03  1.2463033299299E-03  2.1126580627433E-04  7.1461183845386E-04
  1.1267070079582E-04  1.0317703148099E-04  6.8044136630201E-04  5.7462097809374E-04
  6.2923119969684E-04  9.4240960567257E-05  2.0364064075189E-04  1.6470672853640E-04
  1.1420861940959E-03  7.5314089357496E-04  9.6318878449607E-04  1.3114292351706E-04
  3.1052465310571E-04  2.2056749501039E-04  1.4980107933165E-03  7.5374223364067E-04
  1.1758733052499E-03  1.5035410225738E-04  4.4996829859154E-04  2.8332046532410E-04
  1.7288340052845E-03  6.6651113030418E-04  1.2970731974876E-03  1.6538421341129E-04
  6.3820911883395E-04  3.6263461598351E-04  1.8318589731665E-03  5.5233566551848E-04
  1.3382260122536E-03  1.8405455089067E-04  8.8839429007919E-04  4.6714160785150E-04
  1.8275721317839E-03  4.4426890768739E-04  1.3066149869399E-03  2.1217322920369E-04
  1.2014529102424E-03  6.0397210501123E-04  1.7472823941123E-03  3.5589656578216E-04
  1.2161911535779E-03  2.5519193516436E-04  1.5495247687685E-03  7.7495676079477E-04
  1.6237107628779E-03  2.9023517637411E-04  1.0892102158031E-03  3.1949667413315E-04
  1.8677955692789E-03  9.6772306561665E-04  1.4853736782396E-03  2.4563832939484E-04
  9.5096288617766E-04  4.1291961550659E-04  2.0803718734456E-03  1.1444257837820E-03
  1.3544726725817E-03  2.1982708666951E-04  8.2188856639419E-04  5.4359551871223E-04
  2.0927832244705E-03  1.2328738628068E-03  1.1699652816921E-03  2.2035990133013E-04
  6.3469336958884E-04  9.0804118357001E-04  1.9523497287222E-03  1.1212574322200E-03
  1.1312725970343E-03  2.5022953164918E-04  5.8417920113189E-04  1.0615097703051E-03
  1.7712594770060E-03  9.6739384932657E-04  1.1343071588071E-03  3.0759043258154E-04
  5.6392362584516E-04  1.0830835641465E-03  1.5831614427392E-03  8.1972387902034E-04
  1.1821967012690E-03  4.0258410920869E-04  5.7532322244291E-04  9.4860602045047E-04
  1.4129070343873E-03  7.0191453022565E-04  1.2760700120674E-03  5.4657954046873E-04
  6.2057476037369E-04  7.4022930771188E-04  1.6952692708121E-04  9.8830426531863E-04
  1.3093626474173E-04  7.7595516977162E-04  3.3083610154117E-04  1.5043629536796E-03
  1.8180971491760E-04  8.8768469499622E-04  5.7487408214032E-04  1.5681704795635E-03
  2.3823168276363E-04  8.0522087536293E-04  9.3374745866820E-04  1.2394876740154E-03
  3.3850982550431E-04  7.0383769853044E-04  1.2806709014229E-03  8.2616336991441E-04
  5.2107345777425E-04  6.4567698306501E-04  1.9662608796631E-03  1.0292783773449E-03
  1.0901584559637E-03  1.3496070288107E-03  2.3842968643799E-04  7.5755996999707E-04
  1.0060974337107E-03  4.8265015375101E-04  1.7060633595274E-03  8.1092934895544E-04
  9.3887592217875E-04  1.4843532019766E-03  2.7480631626689E-04  9.1014125771461E-04
  1.1014459955689E-03  3.7060912487998E-04  1.3718266168703E-03  6.2069680388242E-04
  7.6769995598535E-04  1.6205179843719E-03  3.3161137612844E-04  1.0821426864928E-03
  1.1770368707626E-03  2.9199038310249E-04  1.0399839819716E-03  4.7147896266975E-04
  6.1113309396108E-04  1.7340040443288E-03  4.1139296710346E-04  1.2509816513958E-03
  1.2181413300576E-03  2.3860745124256E-04  7.5889405312108E-04  3.6038870401473E-04
  4.8209751819865E-04  1.7940570788479E-03  5.1400127088820E-04  1.3824445397240E-03
  1.2168245082667E-03  2.0341711610735E-04  5.4149094143219E-04  2.7929319897885E-04
  3.8022260359446E-04  1.7665458046280E-03  6.3266500465351E-04  1.4407465820859E-03
  1.1723798431370E-03  1.8063904005778E-04  3.8017672196427E-04  2.1938532775342E-04
  2.9951828955802E-04  1.6224634024844E-03  7.4648505911785E-04  1.3996830430709E-03
  1.0864546393430E-03  1.6508447724859E-04  2.6067229588850E-04  1.7246547148617E-04
  2.3199907351753E-04  1.3532441718110E-03  8.1351335406800E-04  1.2482283153041E-03
  9.5676423967090E-04  1.5098709623095E-04  1.7966174042944E-03  8.7527979681892E-04
  1.0739706923818E-03  1.2393004645437E-03  2.8095454091343E-04  7.2165090660723E-04
  1.1028782835895E-03  4.5001090658978E-04  1.5228907931805E-03  6.6135969790670E-04
  9.4527569239676E-04  1.3748117676410E-03  3.3235737113757E-04  8.9559806618444E-04
  1.1194501555479E-03  3.5307378487389E-04  1.2015467558121E-03  4.9507754288469E-04
  7.9071868726955E-04  1.5125788306880E-03  4.0744489000821E-04  1.0970391544304E-03
  1.1080008033306E-03  2.8582729306355E-04  9.0061445725065E-04  3.7306683599202E-04
  6.4343954519455E-04  1.6281806722064E-03  5.0786916676766E-04  1.3007984690862E-03
  1.0724456094100E-03  2.4076859265436E-04  6.5468605497887E-04  2.8614951662625E-04
  5.1764841912723E-04  1.6883531248958E-03  6.3168087231385E-04  1.4647445569498E-03
  1.0200905179542E-03  2.1168514769898E-04  4.6790411459209E-04  2.2497925601647E-04
  4.1481361497905E-04  1.6555795818844E-03  7.6708083735806E-04  1.5426001497458E-03
  9.5743973750356E-04  1.9350483293872E-04  1.6091693011741E-03  7.2719050605115E-04
  1.0991984412117E-03  1.0854704924514E-03  3.5589668581695E-04  7.1869594118443E-04
  1.0407082867868E-03  4.4477038862584E-04  1.3463009478188E-03  5.3941667494000E-04
  9.8927590094853E-04  1.2236859358615E-03  4.2877798438787E-04  9.1641495130460E-04
  9.8227382150576E-04  3.5947409016929E-04  1.0532007266984E-03  4.0191890343710E-04
  8.4588172996467E-04  1.3687490897666E-03  5.2882115211881E-04  1.1473669947505E-03
  9.1791791380828E-04  3.0079977723781E-04  7.8794333443882E-04  3.0495228213998E-04
  7.0225550295124E-04  1.4960743348291E-03  6.5650702545499E-04  1.3814572433473E-03
  8.5678216902992E-04  2.6215429640701E-04  1.4313488143091E-03  6.0718533748565E-04
  1.1682752381001E-03  9.3954833319258E-04  4.7477038567963E-04  7.5257689332577E-04
  8.5522652320093E-04  4.6776783594669E-04  1.1929976766390E-03  4.4988306846318E-04
  1.0722638534027E-03  1.0833829056672E-03  5.7489059286953E-04  9.7854805431794E-04
  7.7135730450546E-04  3.9093374670185E-04  1.7996389176236E-05  1.6224243401501E-04
  2.2424066323450E-03  1.0517785852066E-03  1.2929353383320E-04  5.3396278176420E-04
  7.3481491302189E-05  6.6296931381032E-05  6.5961803738054E-04  5.2381757029943E-04
  5.9189945028457E-04  5.9616320154011E-05  1.3637630983155E-04  1.0647046545498E-04
  1.1483247874317E-03  6.5360252743287E-04  9.0342802684439E-04  8.1492207002139E-05
  2.1509754481995E-04  1.4447708627478E-04  1.5468769841571E-03  6.1906324529286E-04
  1.0953613470178E-03  9.2131029331814E-05  3.2444439515649E-04  1.8937225750964E-04
  1.7999729886601E-03  5.1860380563947E-04  1.1929334456233E-03  1.0068708072287E-04
  4.8223953743562E-04  2.4890858775602E-04  1.8862757795333E-03  4.0838166569320E-04
  1.2061049295556E-03  1.1265781802722E-04  7.0969221639310E-04  3.3095947081395E-04
  1.8337735329896E-03  3.1335909337193E-04  1.1451548002380E-03  1.3198587328187E-04
  1.0246785317868E-03  4.4359802044610E-04  1.6930313043463E-03  2.4047630168289E-04
  1.0304807043764E-03  1.6295065920777E-04  1.4199891556515E-03  5.9201925055517E-04
  1.5137184426849E-03  1.8865445932995E-04  8.9026109266278E-04  2.1097933703849E-04
  1.8307460569448E-03  7.7002278777161E-04  1.3331519349851E-03  1.5473247213749E-04
  7.5080642589893E-04  2.8336978044699E-04  2.1362630056019E-03  9.4450823764213E-04
  1.1750740661764E-03  1.3556226178410E-04  6.2951818166136E-04  3.8894450263696E-04
  2.1542202881295E-03  1.0406667298807E-03  9.6830195625123E-04  1.3592377094371E-04
  4.6554275545922E-04  7.0751998006433E-04  1.9445209129915E-03  9.2777987449378E-04
  9.2642149177838E-04  1.5789378086795E-04  4.2366859555732E-04  8.5268933665896E-04
  1.6892026022761E-03  7.7633014026443E-04  9.2810354551533E-04  2.0086715303496E-04
  4.0768249730105E-04  8.7303593407797E-04  1.4419912136088E-03  6.3681642837267E-04
  9.7732119071836E-04  2.7436914366299E-04  4.1829246182063E-04  7.4381381553782E-04
  1.2342573977334E-03  5.2975919577075E-04  1.0784506062495E-03  3.9037689752471E-04
  4.5784468650200E-04  5.5495738294160E-04  1.1169005427160E-04  9.6797617893622E-04
  8.2551049563488E-05  6.9640404470459E-04  2.2881459178806E-04  1.5063402425643E-03
  1.1387483863042E-04  7.4440598345848E-04  4.2394035902489E-04  1.4972594540001E-03
  1.5230515288526E-04  6.3416175922869E-04  7.4232530151750E-04  1.0695289687736E-03
  2.2685080651856E-04  5.2924665768480E-04  1.0868891760071E-03  6.4371474681073E-04
  3.7339124228429E-04  4.7388488166411E-04  1.9673595875564E-03  8.3211204937504E-04
  8.8695930349005E-04  1.1734921422493E-03  1.4925257881488E-04  5.7353436830060E-04
  8.0055010198030E-04  3.3931083461482E-04  1.6137620931474E-03  6.2545953235344E-04
  7.4129011536129E-04  1.3368741743148E-03  1.7662134956630E-04  7.1587906549074E-04
  8.9677590388369E-04  2.5038220821262E-04  1.2102627349519E-03  4.5775037945022E-04
  5.8532506731661E-04  1.5164006134108E-03  2.2076500448126E-04  8.8933914025196E-04
  9.8022764362131E-04  1.9033334290603E-04  8.5651227299864E-04  3.3376456216496E-04
  4.5018152823845E-04  1.6850393364809E-03  2.8513031139962E-04  1.0776668125106E-03
  1.0348026313938E-03  1.5099190776148E-04  5.8873519897390E-04  2.4596300086934E-04
  3.4411653180559E-04  1.8011727284631E-03  3.7271658376040E-04  1.2467383175241E-03
  1.0500333353016E-03  1.2602232417108E-04  3.9920043682117E-04  1.8471425581202E-04
  2.6404661545574E-04  1.8120712875898E-03  4.8192584699852E-04  1.3505124516444E-03
  1.0236791639188E-03  1.1077214638968E-04  2.6833756376635E-04  1.4155940250377E-04
  2.0331955955100E-04  1.6710672101879E-03  5.9960417643491E-04  1.3483830634075E-03
  9.5736938157676E-04  1.0129548664726E-04  1.7722452609695E-04  1.0947724565375E-04
  1.5475448469428E-04  1.3708472709132E-03  6.9119122121324E-04  1.2198666342664E-03
  8.5024804120541E-04  9.3606064624109E-05  1.7277275036896E-03  6.8625202950590E-04
  8.6929891472821E-04  1.0562400844399E-03  1.8091349158733E-04  5.4362992992250E-04
  8.9405875062012E-04  3.1340823894969E-04  1.3814115874747E-03  4.9299611788235E-04
  7.4683034096402E-04  1.2131218985478E-03  2.2057935958131E-04  7.0569450841464E-04
  9.1459461804301E-04  2.3703315023838E-04  1.0195497048856E-03  3.5254975722942E-04
  6.0629048459177E-04  1.3861944474614E-03  2.8044568776367E-04  9.1026593893626E-04
  9.1024761989558E-04  1.8594807886211E-04  7.1808029809000E-04  2.5492564571453E-04
  4.7867930148619E-04  1.5495796545678E-03  3.6478779923941E-04  1.1416146400203E-03
  8.8446323164911E-04  1.5286392136071E-04  4.9436764674952E-04  1.8856229383232E-04
  3.7449891475909E-04  1.6597940173179E-03  4.7534476333675E-04  1.3583234422881E-03
  8.4436496511840E-04  1.3241825983329E-04  3.3718084207939E-04  1.4390596906688E-04
  2.9290330318534E-04  1.6595895429362E-03  6.0800504334958E-04  1.4982342180636E-03
  7.9646382458388E-04  1.2053409176439E-04  1.4796856450409E-03  5.5155104619781E-04
  8.9404849425635E-04  8.9693646860196E-04  2.3814263531500E-04  5.4289050787766E-04
  8.3290827291882E-04  3.0978199718430E-04  1.1708836258788E-03  3.8902160595118E-04
  7.8932545037673E-04  1.0467220574276E-03  2.9612649450601E-04  7.2865033684655E-04
  7.8031081444623E-04  2.4238508266367E-04  8.6267680140515E-04  2.7701468922893E-04
  6.5762823178829E-04  1.2165520052525E-03  3.7956882409877E-04  9.6729752075841E-04
  7.2468110903381E-04  1.9755048888565E-04  6.1032602248606E-04  2.0181367335049E-04
  5.3134406142518E-04  1.3822780690547E-03  4.9209157490201E-04  1.2408139716996E-03
  6.7415229527536E-04  1.6907512094543E-04  1.2600260592672E-03  4.4657920208626E-04
  9.6524704358953E-04  7.5206249627900E-04  3.3209724761618E-04  5.7493881107969E-04
  6.5854402112380E-04  3.2896821634016E-04  9.9981512114732E-04  3.1502073383119E-04
  8.7265295531751E-04  8.9849056702648E-04  4.1576617512614E-04  7.9150892930262E-04
  5.8538749600979E-04  2.6748274314240E-04  1.0484636254332E-05  1.3996838287138E-04
  2.1983935605277E-03  8.0291188684147E-04  7.1241396459554E-05  3.6298350411887E-04
  4.3586026275605E-05  3.8676335363595E-05  5.8948229831840E-04  4.3583805084522E-04
  5.1027340262291E-04  3.4166221655905E-05  8.3260435653010E-05  6.2532651174489E-05
  1.0750609991660E-03  5.1621383745987E-04  7.7604942576427E-04  4.5733341747371E-05
  1.3599049208783E-04  8.6089946707546E-05  1.5015261014966E-03  4.6281516412275E-04
  9.3275982007334E-04  5.0855003812878E-05  2.1349671261780E-04  1.1538382611247E-04
  1.7676089000842E-03  3.6792312114036E-04  1.0001911322615E-03  5.5197614091630E-05
  3.3178724816986E-04  1.5595451739036E-04  1.8237427108332E-03  2.7583483035625E-04
  9.8743705025501E-04  6.2098665977292E-05  5.1451527069207E-04  2.1417369050645E-04
  1.7116439589032E-03  2.0204726389519E-04  9.0873391438582E-04  7.4192302406403E-05
  7.9171065907988E-04  2.9728600029746E-04  1.5107852339309E-03  1.4819162390074E-04
  7.8914137807669E-04  9.4388128372197E-05  1.1837021781602E-03  4.1161593668460E-04
  1.2891477203853E-03  1.1146865015041E-04  6.5777667648439E-04  1.2686935438432E-04
  1.6516665120803E-03  5.5583005762929E-04  1.0871830202786E-03  8.8199371890304E-05
  5.3685965013085E-04  1.7747747333163E-04  2.0489878960966E-03  7.0532385745816E-04
  9.2345172646535E-04  7.5374333127398E-05  4.3769785101534E-04  2.5383218980343E-04
  2.0732894116457E-03  7.9540630257016E-04  7.2415039013658E-04  7.5596748386046E-05
  3.1117405860406E-04  4.9933296836050E-04  1.7904122879530E-03  6.9637898031227E-04
  6.8518112420372E-04  9.0175380597137E-05  2.8030496465357E-04  6.1811376528892E-04
  1.4729857570206E-03  5.6649803982873E-04  6.8577017292284E-04  1.1927170587340E-04
  2.6905387422361E-04  6.3472218892615E-04  1.1914669075127E-03  4.5094605745568E-04
  7.2887696649847E-04  1.7044604351533E-04  2.7780827981613E-04  5.2757258571318E-04
  9.7345038783683E-04  3.6507520739322E-04  8.2201544114312E-04  2.5415844250094E-04
  3.0860184168234E-04  3.7823674356929E-04  6.6994070380296E-05  8.7608554442812E-04
  4.7127048886298E-05  5.6962805834233E-04  1.4450108832913E-04  1.4020723620845E-03
  6.4504200284813E-05  5.6739287066337E-04  2.8508928314087E-04  1.3129826790299E-03
  8.8348522155079E-05  4.5419635865085E-04  5.3494887871488E-04  8.3923320029868E-04
  1.3865824312384E-04  3.6238318546825E-04  8.3282655042568E-04  4.5726030130984E-04
  2.4454733860692E-04  3.1682549328050E-04  1.8225056950096E-03  6.1028287219453E-04
  6.5283865530186E-04  9.2529607406960E-04  8.4457246794576E-05  3.9490038413418E-04
  5.7576767419978E-04  2.1774450397050E-04  1.3944979853168E-03  4.3904816864108E-04
  5.3073094955215E-04  1.0952717914922E-03  1.0303605947941E-04  5.1081085520492E-04
  6.5903484571701E-04  1.5427349832922E-04  9.6785927331497E-04  3.0805685724302E-04
  4.0590014304469E-04  1.2979163027409E-03  1.3386099844417E-04  6.6188794368920E-04
  7.3674041764161E-04  1.1281949590290E-04  6.3953344467103E-04  2.1586759576764E-04
  3.0240388305847E-04  1.5097050214059E-03  1.8056608814913E-04  8.4092472359514E-04
  7.9422282440907E-04  8.6546246624118E-05  4.1505123791615E-04  1.5323948808969E-04
  2.2427131847806E-04  1.6827963822511E-03  2.4692734820586E-04  1.0217871983439E-03
  8.2023037302187E-04  7.0504166640017E-05  2.6838759912730E-04  1.1127953785980E-04
  1.6743486852935E-04  1.7427818958080E-03  3.3487786724673E-04  1.1571387772787E-03
  8.1086575055034E-04  6.1202110951125E-05  1.7291648226099E-04  8.2961521820971E-05
  1.2590688088086E-04  1.6162186481446E-03  4.3861963614771E-04  1.1944071413624E-03
  7.6678490642777E-04  5.6031484144395E-05  1.0991571959126E-04  6.2997205126680E-05
  9.4079210609674E-05  1.2960671979098E-03  5.3409322122618E-04  1.1006017986028E-03
  6.8772905061300E-04  5.2406757196624E-05  1.5225025763688E-03  4.8961304930977E-04
  6.3625168782452E-04  8.1717906891062E-04  1.0575792882989E-04  3.7294514104558E-04
  6.5371046891901E-04  1.9930885294433E-04  1.1379828705665E-03  3.3540780932217E-04
  5.3465229759748E-04  9.7357982880150E-04  1.3328436606093E-04  5.0525491476011E-04
  6.7405862696528E-04  1.4509470039260E-04  7.8372013466969E-04  2.2943049214542E-04
  4.2250552947391E-04  1.1597056422778E-03  1.7628268865884E-04  6.8511186673907E-04
  6.7544921908238E-04  1.0997683196191E-04  5.1931590987170E-04  1.5904731980422E-04
  3.2446555054786E-04  1.3542671186398E-03  2.3917268880868E-04  9.0980346010550E-04
  6.5999994156129E-04  8.7969492797011E-05  3.3984770696726E-04  1.1314475720872E-04
  2.4726586199738E-04  1.5092851300571E-03  3.2644182472162E-04  1.1501635667897E-03
  6.3353397732597E-04  7.4921324221466E-05  2.2167879486364E-04  8.3524224415714E-05
  1.8883093047085E-04  1.5471175533422E-03  4.3867687033657E-04  1.3405944751007E-03
  6.0150961515143E-04  6.7835570798657E-05  1.2364193231017E-03  3.8171526514977E-04
  6.5694852383146E-04  6.7383548119269E-04  1.4516642248847E-04  3.7386123592123E-04
  6.0187920890643E-04  1.9707565307930E-04  9.2173153545043E-04  2.5645519716252E-04
  5.7024508460409E-04  8.1418776120661E-04  1.8670784424493E-04  5.2691812090576E-04
  5.6072879491860E-04  1.4909046752260E-04  6.3984193050799E-04  1.7440775828587E-04
  4.6417534844585E-04  9.8466060861864E-04  2.4854330285558E-04  7.4071240035527E-04
  5.1848451374539E-04  1.1811212613081E-04  4.2971682699268E-04  1.2166891049406E-04
  3.6586362735537E-04  1.1671641323642E-03  3.3633469951388E-04  1.0148040910172E-03
  4.8167395395567E-04  9.9068722856407E-05  1.0031495103231E-03  3.0003663614333E-04
  7.1996552262800E-04  5.4822056807838E-04  2.1196481362594E-04  4.0057302658174E-04
  4.5979560425959E-04  2.1142652848528E-04  7.5726726561079E-04  2.0163730162523E-04
  6.4226653199363E-04  6.7784288861701E-04  2.7410663682887E-04  5.8249988074243E-04
  4.0382571118070E-04  1.6708015984091E-04  5.5020244652766E-06  1.0865334778619E-04
  1.9640384945558E-03  5.5076000146579E-04  3.4960525698779E-05  2.2414611983144E-04
  2.3352452828195E-05  2.0324293817967E-05  4.7523293240651E-04  3.2616903303353E-04
  3.9581196546885E-04  1.7588084686670E-05  4.6081800333953E-05  3.3129364629687E-05
  9.1433113429369E-04  3.6743267513212E-04  5.9941769793253E-04  2.2970303902852E-05
  7.8226161503468E-05  4.6401755842506E-05  1.3359767872281E-03  3.1326780565344E-04
  7.1360715860020E-04  2.5023745107695E-05  1.2794319980654E-04  6.3734029709959E-05
  1.5966618501012E-03  2.3730792864151E-04  7.5234360296134E-04  2.6936228467308E-05
  2.0754061485119E-04  8.8826076809036E-05  1.6143428812430E-03  1.6982727156940E-04
  7.2445241247943E-04  3.0521034989321E-05  3.3746714894930E-04  1.2618869060305E-04
  1.4500804768645E-03  1.1865123550507E-04  6.4620375212899E-04  3.7305931646953E-05
  5.4929033548541E-04  1.8133351388939E-04  1.2148184217887E-03  8.2905692200589E-05
  5.4249666411640E-04  4.9226513013721E-05  8.8165948152587E-04  2.5991139729306E-04
  9.8554327047377E-04  5.9454386254426E-05  4.3757377289613E-04  6.9078733915146E-05
  1.3359275787747E-03  3.6306889362995E-04  7.9523141463682E-04  4.5098149258104E-05
  3.4692129526061E-04  1.0106140170906E-04  1.7806210495711E-03  4.7463913751698E-04
  6.5150279814150E-04  3.7400678847997E-05  2.7590999318611E-04  1.5083886959190E-04
  1.8094885296967E-03  5.4689148163821E-04  4.8738543125121E-04  3.7524230350641E-05
  1.8924155092917E-04  3.1878950771743E-04  1.4819803440986E-03  4.7176484322974E-04
  4.5634933037947E-04  4.6216431928072E-05  1.6884209378663E-04  4.0351547134700E-04
  1.1482580978990E-03  3.7440688949246E-04  4.5570506696987E-04  6.3985690123421E-05
  1.6172221106867E-04  4.1528163639488E-04  8.7889133414505E-04  2.9010511854230E-04
  4.8860196690204E-04  9.6194196832642E-05  1.6808228869409E-04  3.3810993762806E-04
  6.8687111125267E-04  2.2884544974455E-04  5.6197185014417E-04  1.5053912407267E-04
  1.8950618562215E-04  2.3399425038380E-04  3.6347204450915E-05  7.1624888847792E-04
  2.4159540751052E-05  4.1912089203601E-04  8.2950782427518E-05  1.1836837195627E-03
  3.2762530768380E-05  3.9047056137881E-04  1.7429290581268E-04  1.0362005248217E-03
  4.6120195342682E-05  2.9502751100858E-04  3.4823618751492E-04  5.9324511986972E-04
  7.6835795880507E-05  2.2538210209198E-04  5.7186237182140E-04  2.9509072298638E-04
  1.4589103180926E-04  1.9247220578584E-04  1.5191159994668E-03  4.0463781022803E-04
  4.3311277330625E-04  6.5550327731758E-04  4.2809301881884E-05  2.4691505280364E-04
  3.7350488634467E-04  1.2717380227807E-04  1.0770382990071E-03  2.7980427289576E-04
  3.4387347241300E-04  8.0546852428292E-04  5.4148013909427E-05  3.2993027429969E-04
  4.3572649563384E-04  8.6291158916535E-05  6.9327243436136E-04  1.8875105955446E-04
  2.5567425825293E-04  9.9794485847697E-04  7.3552878886516E-05  4.4400544260735E-04
  4.9720422398758E-04  6.0420391540207E-05  4.3034253540007E-04  1.2712340728669E-04
  1.8491556564546E-04  1.2198206887233E-03  1.0400785946194E-04  5.8920502677423E-04
  5.4686671305124E-04  4.4564857403560E-05  2.6550355354973E-04  8.6740234888684E-05
  1.3314182608723E-04  1.4274707198536E-03  1.4912775267049E-04  7.5065314253225E-04
  5.7494590133026E-04  3.5252421551750E-05  1.6413078497215E-04  6.0686733669711E-05
  9.6594711897592E-05  1.5323326840195E-03  2.1174567089465E-04  8.8983718579374E-04
  5.7681735812573E-04  3.0157344534202E-05  1.0146032562264E-04  4.3866108709897E-05
  7.0805411947759E-05  1.4311749601571E-03  2.9083701725706E-04  9.5236724740055E-04
  5.5203866541382E-04  2.7636522514801E-05  6.1942260812871E-05  3.2591129197048E-05
  5.1832939869827E-05  1.1154160392967E-03  3.7249497647832E-04  8.9629838072833E-04
  5.0037266643529E-04  2.6243656722833E-05  1.2002379733612E-03  3.1684184980778E-04
  4.1960264698005E-04  5.6942416288922E-04  5.5713696346864E-05  2.3259149116065E-04
  4.2990212877897E-04  1.1534194314582E-04  8.3741654547678E-04  2.0770088365846E-04
  3.4610033021340E-04  7.0261423637486E-04  7.2945348650345E-05  3.2774803431195E-04
  4.4666909690384E-04  8.0587547150008E-05  5.4068584980346E-04  1.3595078565887E-04
  2.6711158770668E-04  8.7190346975330E-04  1.0070918992755E-04  4.6504752831303E-04
  4.5081136524909E-04  5.8739506641804E-05  3.3952907149601E-04  9.0161350730200E-05
  1.9999242774243E-04  1.0653337646389E-03  1.4289730665168E-04  6.5130917104864E-04
  4.4344980462212E-04  4.5519203351360E-05  2.1223944864323E-04  6.1421025182787E-05
  1.4860311195862E-04  1.2401922147693E-03  2.0388289463110E-04  8.7411665231698E-04
  4.2842759147855E-04  3.7973623624052E-05  1.3274803670268E-04  4.3620078564099E-05
  1.1075799306384E-04  1.3088269793960E-03  2.8718641133155E-04  1.0812745876889E-03
  4.0998127454920E-04  3.4185461643597E-05  9.2273223373492E-04  2.4027529334828E-04
  4.3466296151196E-04  4.5751977116819E-04  8.0225044998084E-05  2.3415520981163E-04
  3.9181536277718E-04  1.1407162420489E-04  6.4980236646637E-04  1.5396839820175E-04
  3.7193222238882E-04  5.7094531855079E-04  1.0700498719602E-04  3.4530837391354E-04
  3.6364515777919E-04  8.3203855026677E-05  4.2745022051677E-04  9.9837541112345E-05
  2.9673717329542E-04  7.1695517646450E-04  1.4822651301503E-04  5.1143852779373E-04
  3.3553360921679E-04  6.3850758152643E-05  2.7391789089097E-04  6.6397977583654E-05
  2.2868417578041E-04  8.8583465040925E-04  2.0895447362002E-04  7.4571240982261E-04
  3.1176778574236E-04  5.2326524850750E-05  7.1448670780335E-04  1.8363570035547E-04
  4.8273825869089E-04  3.6239204213296E-04  1.2305184630089E-04  2.5381372734974E-04
  2.9072042586191E-04  1.2370279367276E-04  5.1552532635999E-04  1.1745941531215E-04
  4.2599482487244E-04  4.6228610880725E-04  1.6444614676859E-04  3.8815417743914E-04
  2.5281554043746E-04  9.4839520327551E-05  2.5787318579704E-06  7.5010014007327E-05
  1.5400264014360E-03  3.3976319945195E-04  1.5079741170428E-05  1.2574861215768E-04
  1.1218946433957E-05  9.5475467984548E-06  3.4004188999754E-04  2.1781468008890E-04
  2.7303890076344E-04  8.0521713214525E-06  2.2999654478265E-05  1.5712619285465E-05
  6.9075163721764E-04  2.3480344415334E-04  4.1176368230025E-04  1.0196779759114E-05
  4.0747853776763E-05  2.2416983509207E-05  1.0609593979935E-03  1.9153152379658E-04
  4.8549194545193E-04  1.0842780943281E-05  6.9547249167418E-05  3.1701687641257E-05
  1.2907252426337E-03  1.3888497493185E-04  5.0351093413895E-04  1.1546607237697E-05
  1.1778212356508E-04  4.5793779559183E-05  1.2743849003767E-03  9.5009606331946E-05
  4.7371392703389E-04  1.3201358426390E-05  1.9993146712121E-04  6.7538894126014E-05
  1.0906695453421E-03  6.3183469748099E-05  4.1072279559734E-04  1.6610327710709E-05
  3.4136702189357E-04  1.0062491592491E-04  8.6630919666949E-04  4.1849699316177E-05
  3.3468128238924E-04  2.2887669419969E-05  5.8104149052196E-04  1.4914999997582E-04
  6.6975487052880E-04  2.8392100533334E-05  2.6240654730163E-04  3.3829022473146E-05
  9.4778436645581E-04  2.1463768960560E-04  5.1910903242771E-04  2.0469062028822E-05
  2.0284560900775E-04  5.2085364882286E-05  1.3552428495344E-03  2.8771519073182E-04
  4.1160889074723E-04  1.6357612071503E-05  1.5778137125139E-04  8.1407628227444E-05
  1.3836911515381E-03  3.3808722098175E-04  2.9563158382098E-04  1.6419100220884E-05
  1.0454941568226E-04  1.8427444644767E-04  1.0756547160323E-03  2.8814759151534E-04
  2.7404981106984E-04  2.1038769588831E-05  9.2394278571551E-05  2.3775516900500E-04
  7.8810847392812E-04  2.2406803723282E-04  2.7318561177037E-04  3.0773513304916E-05
  8.8293890241401E-05  2.4498582391034E-04  5.7493694496872E-04  1.6942186714467E-04
  2.9475287308640E-04  4.9055337040164E-05  9.2373640330508E-05  1.9605979223417E-04
  4.3247238837842E-04  1.3040755779694E-04  3.4416495488614E-04  8.0948341888603E-05
  1.0562911162533E-04  1.3132240463432E-04  1.7730844312472E-05  5.1954579492282E-04
  1.0999705960826E-05  2.7569964106035E-04  4.3140846891013E-05  8.8702880395318E-04
  1.4749356169562E-05  2.4208226574597E-04  9.6786074832080E-05  7.2574857743289E-04
  2.1479714442994E-05  1.7362717127656E-04  2.0504452408252E-04  3.7644839081636E-04
  3.8395765634405E-05  1.2728541944652E-04  3.5214942825961E-04  1.7266604262780E-04
  7.9051485447374E-05  1.0620461567814E-04  1.1084981518311E-03  2.4245983803286E-04
  2.5956989735076E-04  4.1605832614057E-04  1.9224038914135E-05  1.4016000004065E-04
  2.1900319241151E-04  6.7390720075536E-05  7.3232722004314E-04  1.6197676014982E-04
  2.0158922791549E-04  5.2862530945758E-04  2.5406462764177E-05  1.9294913329828E-04
  2.5965140608637E-04  4.3589707220506E-05  4.4188951928889E-04  1.0520224422685E-04
  1.4613277571446E-04  6.8208950415711E-04  3.6371074748879E-05  2.6847363020084E-04
  3.0155354095162E-04  2.9009707146129E-05  2.6048864308983E-04  6.7984977156953E-05
  1.0268695886462E-04  8.7407410235992E-04  5.4259543795868E-05  3.7000726478964E-04
  3.3776887223072E-04  2.0415049332693E-05  1.5374968000675E-04  4.4424324335449E-05
  7.1691581230642E-05  1.0751475729590E-03  8.1811450083335E-05  4.9152025583003E-04
  3.6105299273229E-04  1.5583922340714E-05  9.1169701449172E-05  2.9771089483823E-05
  5.0432428402414E-05  1.2003998977513E-03  1.2170086064690E-04  6.0747532911686E-04
  3.6736945127570E-04  1.3078647082228E-05  5.3996506750057E-05  2.0733011790299E-05
  3.5966781298648E-05  1.1302356780556E-03  1.7465152853823E-04  6.7344340937638E-04
  3.5568265530087E-04  1.2001815900743E-05  3.1534398318699E-05  1.4999742849162E-05
  2.5736704565872E-05  8.5338324490217E-04  2.3382967845323E-04  6.4738268239681E-04
  3.2574537142034E-04  1.1616286331933E-05  8.3158356789684E-04  1.8603108252654E-04
  2.5005485430532E-04  3.5653662853777E-04  2.6220093598841E-05  1.3173004269166E-04
  2.5479627028856E-04  6.0498275092421E-05  5.4674182081837E-04  1.1697748174217E-04
  2.0289581264559E-04  4.5388142710367E-04  3.5908970950725E-05  1.9251006156195E-04
  2.6654955283703E-04  4.0353447635700E-05  3.3437976151320E-04  7.3197725114547E-05
  1.5321928973232E-04  5.8413220735970E-04  5.2068438058098E-05  2.8442114394881E-04
  2.7089690339050E-04  2.8103225550174E-05  2.0065567388408E-04  4.6246209501414E-05
  1.1192526083876E-04  7.4413070810979E-04  7.7508663550298E-05  4.1723805158263E-04
  2.6835014891688E-04  2.0961411576810E-05  1.2025202059391E-04  2.9979239995467E-05
  8.1083255137352E-05  9.0394421889842E-04  1.1576334625961E-04  5.9065498872407E-04
  2.6117449366649E-04  1.7055714930835E-05  7.2121111143682E-05  2.0340530038255E-05
  5.8942332827231E-05  9.8280617348550E-04  1.7034810339886E-04  7.7319763351662E-04
  2.5184847757514E-04  1.5241015416303E-05  6.0936753328087E-04  1.3748110452254E-04
  2.5955957924547E-04  2.8018025120992E-04  3.9945795300687E-05  1.3318722900600E-04
  2.3032238088461E-04  5.9820023555267E-05  4.0914823880824E-04  8.4019579148908E-05
  2.1932166152924E-04  3.5990291986990E-04  5.5514554045939E-05  2.0486271691067E-04
  2.1316233466050E-04  4.1883744413166E-05  2.5738421687398E-04  5.1757731025051E-05
  1.7191890935971E-04  4.6694628177907E-04  8.0232102574420E-05  3.1772284251220E-04
  1.9649777063986E-04  3.0996497755035E-05  1.5832453749253E-04  3.2603118104878E-05
  1.2984756870905E-04  5.9852177895963E-04  1.1799208624484E-04  4.8918694896859E-04
  1.8278117767601E-04  2.4722381430283E-05  4.5318317515807E-04  1.0218192386709E-04
  2.9131350403442E-04  2.1667959113965E-04  6.4754216911453E-05  1.4601968653689E-04
  1.6662662923240E-04  6.5600440824886E-05  3.1500057499496E-04  6.2057129537080E-05
  2.5442948056009E-04  2.8441174825195E-04  8.9610693114156E-05  2.3389563302636E-04
  1.4350859790957E-04  4.8690789065024E-05  1.0691965679329E-06  4.5919146215838E-05
  1.0249057451939E-03  1.8884725219688E-04  5.6298642099169E-06  6.4004462103889E-05
  4.7921149261897E-06  3.9637096822881E-06  2.1460468598289E-04  1.2970394408719E-04
  1.6701126450369E-04  3.2446015164916E-06  1.0273612921688E-05  6.5844087921539E-06
  4.5762578904754E-04  1.3473692165769E-04  2.5095505555924E-04  3.9553534060581E-06
  1.9113860960432E-05  9.6272898400114E-06  7.3755450440261E-04  1.0590407254472E-04
  2.9341665683911E-04  4.0690285483730E-06  3.4201973088693E-05  1.4090559078788E-05
  9.1366437803931E-04  7.3726907064486E-05  2.9991965735025E-04  4.2740657175308E-06
  6.0423315636848E-05  2.1186327892617E-05  8.8057418022478E-04  4.8175762337873E-05
  2.7658155936453E-04  4.9433158998255E-06  1.0679145298987E-04  3.2617192331879E-05
  7.1812909425595E-04  3.0373900550910E-05  2.3354695694837E-04  6.4460643801289E-06
  1.8979043406427E-04  5.0612926249564E-05  5.4372588004783E-04  1.8921169309573E-05
  1.8544663883070E-04  9.3794634683360E-06  3.3795144068808E-04  7.7655631991077E-05
  4.0341024781416E-04  1.2025232236888E-05  1.4189481785426E-04  1.4749350893487E-05
  5.8226256903804E-04  1.1506888221653E-04  3.0232455899249E-04  8.1477552188190E-06
  1.0722767087534E-04  2.4105445845920E-05  8.7951531017651E-04  1.5783920712264E-04
  2.3387648097139E-04  6.2156705903993E-06  8.1835366794154E-05  3.9763420293018E-05
  9.0176973391642E-04  1.8850197004132E-04  1.6182319143372E-04  6.2427760819442E-06
  5.2370063929790E-05  9.6630379285393E-05  6.7362590306679E-04  1.5907512904546E-04
  1.4896016584100E-04  8.4066679020681E-06  4.5789801295910E-05  1.2684612714112E-04
  4.7371756347784E-04  1.2135281656402E-04  1.4821293276662E-04  1.3151002404375E-05
  4.3627813103617E-05  1.3081298993750E-04  3.3331289929221E-04  8.9659009046613E-05
  1.6068458433951E-04  2.2464510834683E-05  4.5873747472785E-05  1.0303539767047E-04
  2.4353642757488E-04  6.7336892271846E-05  1.8997014966338E-04  3.9331809192158E-05
  5.3338791846258E-05  6.6854722325843E-05  7.7101822305144E-06  3.3180211128171E-04
  4.3976211610686E-06  1.6215727071806E-04  2.0174281985810E-05  5.8321016627039E-04
  5.8033166058785E-06  1.3537018455531E-04  4.8661344205376E-05  4.4926583235520E-04
  8.8149383445610E-06  9.2500673814503E-05  1.0926893307991E-04  2.1449798537260E-04
  1.7166843424141E-05  6.5180719441640E-05  1.9486345356251E-04  9.1500144601869E-05
  3.8704965231709E-05  5.3063293967426E-05  6.9729816683565E-04  1.3158975629343E-04
  1.4065878907433E-04  2.3658964227240E-04  7.5517841699728E-06  7.2010873877703E-05
  1.1608745777168E-04  3.2184939183992E-05  4.3679565759734E-04  8.5098166080681E-05
  1.0732632280447E-04  3.0894040794359E-04  1.0534677722483E-05  1.0200401955159E-04
  1.3960810613983E-04  1.9709501732784E-05  2.5109471101291E-04  5.3182486927399E-05
  7.5901813288123E-05  4.1285289726852E-04  1.6056264460308E-05  1.4624513990989E-04
  1.6467030965079E-04  1.2355841528350E-05  1.4201720176199E-04  3.2801523040624E-05
  5.1722683894779E-05  5.5095319280968E-04  2.5484402928115E-05  2.0831964188993E-04
  1.8739098977262E-04  8.2038626134177E-06  8.0582731794741E-05  2.0395919229978E-05
  3.4847596185954E-05  7.0994599472001E-04  4.0606221288861E-05  2.8730850599949E-04
  2.0363484401934E-04  6.0024683737757E-06  4.5806458039779E-05  1.2997896501102E-05
  2.3693874958871E-05  8.2319719452774E-04  6.3406287279366E-05  3.6790023098539E-04
  2.0986947620049E-04  4.9240900216819E-06  2.5914741351451E-05  8.6591472311866E-06
  1.6369163942947E-05  7.8138672369353E-04  9.4881458860114E-05  4.2043719093734E-04
  2.0535205562573E-04  4.5265685366637E-06  1.4415256155664E-05  6.0726495562430E-06
  1.1418457888584E-05  5.7209653538995E-04  1.3215430151766E-04  4.1182794299563E-04
  1.8983554474483E-04  4.4679871236832E-06  5.0367298923264E-04  9.9037661613005E-05
  1.3485489549588E-04  2.0105013766156E-04  1.0913919981205E-05  6.7500286872599E-05
  1.3664211759675E-04  2.8614333032451E-05  3.1648995794670E-04  5.9752642264888E-05
  1.0779654965607E-04  2.6181541463575E-04  1.5771960636001E-05  1.0218746567578E-04
  1.4344735358873E-04  1.8041432571585E-05  1.8557280881239E-04  3.5636183141371E-05
  7.9702467371441E-05  3.4774324408544E-04  2.4211499209878E-05  1.5660657695234E-04
  1.4674269813233E-04  1.1916120673293E-05  1.0714847624357E-04  2.1274313259402E-05
  5.6865534895413E-05  4.5965302920220E-04  3.8026680394567E-05  2.3947833428740E-04
  1.4667423767337E-04  8.4986265531288E-06  6.1733350433451E-05  1.3007101814639E-05
  4.0054283696220E-05  5.7937182875593E-04  5.9592262530745E-05  3.5461872207525E-04
  1.4374213305338E-04  6.7087546123979E-06  3.5422307830295E-05  8.3576582025538E-06
  2.8317810672260E-05  6.4730936266643E-04  9.1462213635902E-05  4.8734331640625E-04
  1.3966449962675E-04  5.9270088950927E-06  3.5613283927165E-04  7.1331075389174E-05
  1.4030214607351E-04  1.5499590319666E-04  1.7788839359005E-05  6.8641626266921E-05
  1.2258437968754E-04  2.8255332527849E-05  2.3046979420288E-04  4.1491196087170E-05
  1.1705774402988E-04  2.0377581955272E-04  2.5916752076609E-05  1.1000452233598E-04
  1.1317378730156E-04  1.8899085566279E-05  1.3972121190217E-04  2.4139202197873E-05
  9.0242545341391E-05  2.7205244414617E-04  3.9283963330955E-05  1.7778952750810E-04
  1.0424010756236E-04  1.3397570728498E-05  8.2867158852510E-05  1.4252167593110E-05
  6.6704488301268E-05  3.5946432437383E-04  6.0394433479866E-05  2.8657732909884E-04
  9.6947119713297E-05  1.0333162818167E-05  2.5700383241391E-04  5.1495434089358E-05
  1.5863646069412E-04  1.1729870751701E-04  3.0724107158129E-05  7.6048588577621E-05
  8.6506069505736E-05  3.1397757372736E-05  1.7326787359626E-04  2.9556373658188E-05
  1.3749737086414E-04  1.5769734953394E-04  4.4170115730753E-05  1.2731765574110E-04
  7.3857167842939E-05  2.2457278560613E-05  3.8492245609508E-07  2.4978918140570E-05
  5.6663917544150E-04  9.4828507418155E-05  1.7878235103352E-06  2.9244627182442E-05
  1.7890358232300E-06  1.4366551294542E-06  1.1959611251736E-04  6.9007275245192E-05
  9.0793400017168E-05  1.1266272118710E-06  4.0714673525758E-06  2.4261698230120E-06
  2.6535163424908E-04  6.9627948114013E-05  1.3602132130086E-04  1.3102993012468E-06
  8.0116148478437E-06  3.6510058187207E-06  4.4570741601200E-04  5.2806617205947E-05
  1.5793558648765E-04  1.2957719970250E-06  1.5104299451955E-05  5.5674854740309E-06
  5.5989285034164E-04  3.5392030007150E-05  1.5935669040999E-04  1.3354084266378E-06
  2.7990916685939E-05  8.7705657692237E-06  5.2794867414674E-04  2.2024950705402E-05
  1.4446527565962E-04  1.5705965970469E-06  5.1479321895647E-05  1.4145399848048E-05
  4.1511156619319E-04  1.3099310233223E-05  1.1971621846569E-04  2.1468022691169E-06
  9.4734480889352E-05  2.2948190088537E-05  3.0236226484133E-04  7.6059795607914E-06
  9.2947365064556E-05  3.3436431931752E-06  1.7425470578518E-04  3.6647715893956E-05
  2.1703580071018E-04  4.4714305356908E-06  6.9544135728097E-05  5.6727784353152E-06
  3.0995787802551E-04  5.5898672013357E-05  1.5784306780802E-04  2.8070309663923E-06
  5.1421422131804E-05  9.9591672057242E-06  4.8230142694403E-04  7.8385639854973E-05
  1.1929309961261E-04  2.0192102638562E-06  3.8337340238378E-05  1.7443525038096E-05
  4.9602024267851E-04  9.4804816670692E-05  8.0403496972613E-05  2.0296414909190E-06
  2.3562596295771E-05  4.5679623038097E-05  3.6370175590309E-04  7.9182849109370E-05
  7.3327837042103E-05  2.9107608125241E-06  2.0342136227939E-05  6.0989444396652E-05
  2.5061626827082E-04  5.9290770275788E-05  7.2810558041101E-05  4.9459565208805E-06
  1.9295706135652E-05  6.3007894143017E-05  1.7251519671667E-04  4.2885431504965E-05
  7.9380708241246E-05  9.1729478032558E-06  2.0540173759384E-05  4.9066789349471E-05
  1.2345491622473E-04  3.1386650661963E-05  9.4607312714360E-05  1.7197870008944E-05
  2.4283588108800E-05  3.0737413785002E-05  2.9507229469962E-06  1.8670445988382E-04
  1.5219972496332E-06  8.5349306075005E-05  8.4258013186136E-06  3.3609947327448E-04
  1.9761061508987E-06  6.8347325225914E-05  2.2068309828020E-05  2.4668637964238E-04
  3.1621684698997E-06  4.4591580755451E-05  5.2611451108781E-05  1.0984571990214E-04
  6.7929084209088E-06  3.0165358911406E-05  9.7382442296131E-05  4.3816017313277E-05
  1.7037335313309E-05  2.3936758555189E-05  3.7604170140058E-04  6.4669110950951E-05
  6.9190648968384E-05  1.2146418446426E-04  2.5591899708210E-06  3.3516063714333E-05
  5.5855369386020E-05  1.3802872326455E-05  2.2860521833395E-04  4.0493560997664E-05
  5.1831972144086E-05  1.6225477187076E-04  3.8176999689196E-06  4.8869045017272E-05
  6.8097669161791E-05  7.9297902799605E-06  1.2726605910755E-04  2.4223624276489E-05
  3.5701560102303E-05  2.2271721314138E-04  6.2754838010226E-06  7.2132536880023E-05
  8.1469376992220E-05  4.6174698093734E-06  6.9636009972073E-05  1.4245520398562E-05
  2.3495796027099E-05  3.0726887483757E-04  1.0698890509114E-05  1.0583756202051E-04
  9.3945076201618E-05  2.8619699149664E-06  3.8117261096363E-05  8.3654983199133E-06
  1.5281637920187E-05  4.0988556569899E-04  1.8158055897572E-05  1.5010976592508E-04
  1.0328166126980E-04  1.9782728579378E-06  2.0755238646430E-05  5.0305578042973E-06
  9.9912355611235E-06  4.9018863025902E-04  2.9862343137641E-05  1.9808000038411E-04
  1.0767013573650E-04  1.5715246101590E-06  1.1154637283098E-05  3.1771917650433E-06
  6.6434170497430E-06  4.6993455098523E-04  4.6620193376002E-05  2.3232135376468E-04
  1.0657759588170E-04  1.4524425118364E-06  5.8521033169258E-06  2.1429999769439E-06
  4.4811833623047E-06  3.3507683765119E-04  6.7385968621029E-05  2.3102262723570E-04
  9.9295637136455E-05  1.4810865805275E-06  2.6684535032472E-04  4.7711289481494E-05
  6.6033690158666E-05  1.0194057669550E-04  3.9746956868612E-06  3.1300751738118E-05
  6.6201512155582E-05  1.2051215513648E-05  1.6287179601992E-04  2.7577707923530E-05
  5.1989344678083E-05  1.3591821453116E-04  6.1289496769424E-06  4.9122210859957E-05
  7.0039449968054E-05  7.1694019252562E-06  9.2541895584256E-05  1.5558398771603E-05
  3.7599448252783E-05  1.8494190805274E-04  1.0052566895595E-05  7.7951877389087E-05
  7.2044735438342E-05  4.4383506507751E-06  5.1639226083300E-05  8.7433177041426E-06
  2.6029356101087E-05  2.5121095642484E-04  1.6782972504314E-05  1.2322573936802E-04
  7.2297363290734E-05  2.9789420635380E-06  2.8599200407389E-05  4.9945198824172E-06
  1.7797104521332E-05  3.2590853776957E-04  2.7712515354595E-05  1.8948933009641E-04
  7.1312629587944E-05  2.2634430819201E-06  1.5653594023863E-05  3.0007073093484E-06
  1.2191538200484E-05  3.7346725241842E-04  4.4404040564865E-05  2.7130433650052E-04
  6.9898786348425E-05  1.9884135112030E-06  1.8485615361495E-04  3.3449229233303E-05
  6.8709321374488E-05  7.7196545072174E-05  7.0268074120135E-06  3.1842857261989E-05
  5.8973019676951E-05  1.1907463434541E-05  1.1642188800829E-04  1.8397803146459E-05
  5.6684913757688E-05  1.0368087544951E-04  1.0820515166918E-05  5.3185556094856E-05
  5.4262894310790E-05  7.5490869340440E-06  6.8457590105106E-05  1.0033229459145E-05
  4.2880852762460E-05  1.4160725272678E-04  1.7302806955265E-05  8.9447242709350E-05
  4.9850108876271E-05  5.0857218640648E-06  3.9207960011310E-05  5.5137162175737E-06
  3.1030961251745E-05  1.9255239915098E-04  2.7909993903064E-05  1.5041563957991E-04
  4.6553734891707E-05  3.7693378018744E-06  1.3068283977594E-04  2.3396236898261E-05
  7.8208433394165E-05  5.7339537216849E-05  1.3072331124401E-05  3.5762179129986E-05
  4.0686600113575E-05  1.3448233398533E-05  8.5970022650705E-05  1.2584407275886E-05
  6.7242379211563E-05  7.8877773628649E-05  1.9619249449356E-05  6.2615609133351E-05
  3.4380835749157E-05  9.2243888857401E-06  1.2034894204765E-07  1.2156546151332E-05
  2.6255736873340E-04  4.3126157261227E-05  4.7366693187496E-07  1.2092687271595E-05
  5.8500072166681E-07  4.4953018673296E-07  5.9383638019247E-05  3.2932561852149E-05
  4.4181467135240E-05  3.3748916575523E-07  1.4082547369873E-06  7.7341505472734E-07
  1.3598920246721E-04  3.2335299572645E-05  6.6035486683480E-05  3.6971796968993E-07
  2.9578316756373E-06  1.2082425088508E-06  2.3552159931372E-04  2.3731130352700E-05
  7.6015120171482E-05  3.4597577490051E-07  5.9726303525975E-06  1.9345598283455E-06
  3.0039177885228E-04  1.5304678047291E-05  7.6019398122611E-05  3.4752622717022E-07
  1.1641243120873E-05  3.2246392262952E-06  2.7820840848291E-04  9.0400842107876E-06
  6.8014711414992E-05  4.1645565251257E-07  2.2302215125024E-05  5.4942996724346E-06
  2.1167291300101E-04  5.0306298258392E-06  5.5379189325252E-05  6.0865221109883E-07
  4.2364011624855E-05  9.3603270207493E-06  1.4978430144076E-04  2.6963996442853E-06
  4.2105116699550E-05  1.0322108094546E-06  7.9734674545138E-05  1.5543732940704E-05
  1.0447508432819E-04  1.4447695003715E-06  3.0819442899289E-05  1.9144718341326E-06
  1.4372205456240E-04  2.4572463663118E-05  7.4378228347800E-05  8.2556894172751E-07
  2.2280657044318E-05  3.6603900661817E-06  2.2376667722410E-04  3.5113388697858E-05
  5.5158878367712E-05  5.5103263406296E-07  1.6134302468850E-05  6.7958670657296E-06
  2.3047047881563E-04  4.3140518124764E-05  3.6209394101634E-05  5.5447796846501E-07
  9.5417642869199E-06  1.9586455610276E-05  1.7019598535636E-04  3.5663036510416E-05
  3.2781561463169E-05  8.6170326629018E-07  8.1175354057099E-06  2.6645206489041E-05
  1.1717409017307E-04  2.6161709070953E-05  3.2481419051867E-05  1.6212547467519E-06
  7.6508254619617E-06  2.7577833121410E-05  7.9926174063719E-05  1.8394795947556E-05
  3.5335477128650E-05  3.3138152643356E-06  8.1638186956697E-06  2.0946428066698E-05
  5.6422672036065E-05  1.3141224637260E-05  4.2678683049891E-05  6.7246185798060E-06
  9.8925618996693E-06  1.2730126961881E-05  9.8754862107319E-07  9.3400258687403E-05
  4.4952789600520E-07  4.0384945990962E-05  3.1273261460939E-06  1.7148865794888E-04
  5.7376173996616E-07  3.1014809996416E-05  8.9593423707558E-06  1.2024891476369E-04
  9.7635906518709E-07  1.9326649226104E-05  2.2845787756972E-05  5.0324340027376E-05
  2.3561050516248E-06  1.2508473409776E-05  4.3902104864575E-05  1.8877512702961E-05
  6.6865169666310E-06  9.6937135791335E-06  1.7516555059326E-04  2.8618925617211E-05
  3.0812446467558E-05  5.6160772131679E-05  7.3727904998378E-07  1.4006478376542E-05
  2.4225037349695E-05  5.2603038557725E-06  1.0547525501518E-04  1.7312585077158E-05
  2.2655615644527E-05  7.6648398322541E-05  1.1956459162103E-06  2.1131556923784E-05
  3.0069865329218E-05  2.8143075460530E-06  5.7663855825553E-05  9.9237775500779E-06
  1.5095768129829E-05  1.0756205747041E-04  2.1526174409282E-06  3.2124882894477E-05
  3.6452272689876E-05  1.5093114727198E-06  3.0690571875940E-05  5.5215174942858E-06
  9.6099983863390E-06  1.5201080858189E-04  3.9906761480465E-06  4.8508333558015E-05
  4.2604480262886E-05  8.5851659735074E-07  1.6188395856456E-05  3.0373446640720E-06
  5.9974910491044E-06  2.0892480232058E-04  7.2696441730848E-06  7.0705716511868E-05
  4.7384701155655E-05  5.4941602040989E-07  8.4222132294396E-06  1.7075288709910E-06
  3.7492232736109E-06  2.5679923308616E-04  1.2645601364730E-05  9.5554828370943E-05
  4.9861808698993E-05  4.2095967342523E-07  4.2657281614234E-06  1.0113659806725E-06
  2.3865008488568E-06  2.4732509817551E-04  2.0659308706704E-05  1.1427721883005E-04
  4.9561099118995E-05  3.8808974943395E-07  2.1041542418427E-06  6.4995612441318E-07
  1.5486126508883E-06  1.7315954697974E-04  3.0909290096741E-05  1.1535200898614E-04
  4.6615762327761E-05  4.1336074056032E-07  1.2430446964149E-04  2.0667580185483E-05
  2.9276425981417E-05  4.6692585590185E-05  1.2527025321718E-06  1.2991028789808E-05
  2.9025734341929E-05  4.5227419989574E-06  7.4667356634218E-05  1.1404696099677E-05
  2.2670401004561E-05  6.3455860434896E-05  2.0887179749985E-06  2.1286195900482E-05
  3.0961004722585E-05  2.5089449215136E-06  4.1441083064032E-05  6.0831070172298E-06
  1.5960292148836E-05  8.8140297799664E-05  3.7028640773863E-06  3.4988960141536E-05
  3.1994085929907E-05  1.4386828559338E-06  2.2395224585298E-05  3.1817122763725E-06
  1.0742981010808E-05  1.2229019550966E-04  6.6227198053612E-06  5.7162345964556E-05
  3.2263001956360E-05  8.9993575930898E-07  1.1908744629090E-05  1.6770699805641E-06
  7.0986265873071E-06  1.6297987309428E-04  1.1578500878041E-05  9.0747007079653E-05
  3.1973367960016E-05  6.5308007551793E-07  6.1719427941813E-06  9.2905815359891E-07
  4.6861468515279E-06  1.8999188598533E-04  1.9447338180428E-05  1.3419625080642E-04
  3.1430738615554E-05  5.6267902784559E-07  8.5613457763637E-05  1.4066932708407E-05
  3.0484754352515E-05  3.4704374072464E-05  2.4427411581819E-06  1.3279637072857E-05
  2.5624747633229E-05  4.4618958997279E-06  5.2747039400838E-05  7.3125952793201E-06
  2.4800068139066E-05  4.7552715992476E-05  4.0115867457424E-06  2.3211121217919E-05
  2.3527749189090E-05  2.6662425165683E-06  3.0180219490466E-05  3.7013517807508E-06
  1.8332494454237E-05  6.6299512937409E-05  6.8175586691649E-06  4.0551350674183E-05
  2.1557104458500E-05  1.6842283606943E-06  1.6685098263914E-05  1.8667481586843E-06
  1.2954044877567E-05  9.1747913691581E-05  1.1600295754432E-05  7.0655634121581E-05
  2.0100168863882E-05  1.1909389652005E-06  5.9796239132687E-05  9.4997850191840E-06
  3.4885807670208E-05  2.5160605590949E-05  4.9543688007186E-06  1.5052277300421E-05
  1.7196891272989E-05  5.1194895660970E-06  3.8489413476876E-05  4.7673395025012E-06
  2.9676497563393E-05  3.5418915355730E-05  7.8062772555241E-06  2.7614463359734E-05
  1.4362465025190E-05  3.3336558799633E-06  3.2220480571368E-08  5.2967596474437E-06
  1.0275667543556E-04  1.7729510439172E-05  1.0248134475167E-07  4.4570965982241E-06
  1.6501384190546E-07  1.2081070304423E-07  2.6372042689621E-05  1.4125477167456E-05
  1.9260984442854E-05  8.5638766152476E-08  4.2725755890576E-07  2.1191269756187E-07
  6.2034322611565E-05  1.3517535810775E-05  2.8734829924890E-05  8.6615667987577E-08
  9.6665752314755E-07  3.4528461056599E-07  1.1039660765305E-04  9.5932160145672E-06
  3.2890859704721E-05  7.5609365119290E-08  2.0826139825564E-06  5.8799033928922E-07
  1.4234768763415E-04  5.9146221817599E-06  3.2624679139833E-05  7.3903380464417E-08
  4.3222462058186E-06  1.0452582852411E-06  1.2988672897436E-04  3.3110319045753E-06
  2.8769022915274E-05  9.0936560075738E-08  8.6417203010034E-06  1.8960333398917E-06
  9.6252733564454E-05  1.7072751923066E-06  2.3089296862283E-05  1.4293819566657E-07
  1.6918098384555E-05  3.4154061218122E-06  6.6114073094934E-05  8.3430044435189E-07
  1.7206298871904E-05  2.7199148346082E-07  3.2341831631608E-05  5.9375691473512E-06
  4.5193113419491E-05  4.0055128258467E-07  1.2312483752608E-05  5.6290494137460E-07
  5.8003379126150E-05  9.6467521345400E-06  3.1572527925985E-05  2.0386127067976E-07
  8.6227683428699E-06  1.1751122939609E-06  8.8502348467713E-05  1.4245838665598E-05
  2.3013534040872E-05  1.2396422781244E-07  6.1101668388202E-06  2.3727139642005E-06
  9.1156528479101E-05  1.7700520837437E-05  1.4682122116362E-05  1.2492259902966E-07
  3.4333954714985E-06  7.5247255558666E-06  6.9056732906204E-05  1.4443555245950E-05
  1.3255272373685E-05  2.1523756408851E-07  2.8797688803265E-06  1.0510681071745E-05
  4.8466891304802E-05  1.0363081404153E-05  1.3108812644401E-05  4.5904286311607E-07
  2.7042418731516E-06  1.0881857762710E-05  3.3149655654701E-05  7.0564572342249E-06
  1.4281761591940E-05  1.0526563235200E-06  2.9041317833962E-06  8.0911895253371E-06
  2.3204935124337E-05  4.8840520249854E-06  1.7391946340467E-05  2.3370912914762E-06
  3.5678604278802E-06  4.6831257349933E-06  2.8660635366385E-07  4.1761366532689E-05
  1.1261281261836E-07  1.7178947309321E-05  1.0254389878473E-06  7.7436293720972E-05
  1.3833722419634E-07  1.2625875271413E-05  3.2541631895306E-06  5.2418802389402E-05
  2.5622316086424E-07  7.5328631301115E-06  8.8874779109521E-06  2.0712731741064E-05
  7.1589922511511E-07  4.6533960215947E-06  1.7868933714209E-05  7.2076703328982E-06
  2.3137021019350E-06  3.4907438937780E-06  7.0626219463234E-05  1.1424599916180E-05
  1.2409001664479E-05  2.3429841445729E-05  1.7789369633369E-07  5.2423000291966E-06
  9.4929449367292E-06  1.7799199775667E-06  4.2948326382583E-05  6.6292627139236E-06
  8.8902506047145E-06  3.2527989726254E-05  3.1923056534807E-07  8.1601273916361E-06
  1.1927360821629E-05  8.7404143507520E-07  2.3287763102555E-05  3.6363212010744E-06
  5.7519138582516E-06  4.6543987608664E-05  6.4098063053265E-07  1.2877386706985E-05
  1.4734530586404E-05  4.2565938244854E-07  1.2100910504150E-05  1.8973750418386E-06
  3.5136806338459E-06  6.7373945199423E-05  1.3094472815132E-06  2.0014853478224E-05
  1.7436867631675E-05  2.1699842247019E-07  6.1529804465300E-06  9.7152822151290E-07
  2.0935596914508E-06  9.4775584793510E-05  2.5890792120692E-06  2.9919529194670E-05
  1.9600161722432E-05  1.2694566537297E-07  3.0295707113880E-06  5.0360739626676E-07
  1.2441513919017E-06  1.1925783490550E-04  4.7954478740509E-06  4.1475520361008E-05
  2.0749946725649E-05  9.2317404140578E-08  1.4423477647123E-06  2.7600946095657E-07
  7.5308822941861E-07  1.1555669250797E-04  8.1984172251497E-06  5.0489205006384E-05
  2.0791866751625E-05  8.5641705389843E-08  6.5988512481642E-07  1.6651940073301E-07
  4.6566654237709E-07  7.9282006057687E-05  1.2736487791537E-05  5.1317877103568E-05
  1.9633123699936E-05  9.5719209981370E-08  5.0904066392960E-05  8.0239294053527E-06
  1.1741590318792E-05  1.9234997800290E-05  3.3814885403534E-07  4.8331359389604E-06
  1.1517806892245E-05  1.5006392938357E-06  3.0429802731581E-05  4.2108413947541E-06
  8.8837692420508E-06  2.6615751089677E-05  6.1925518355893E-07  8.2143188215921E-06
  1.2308551163479E-05  7.6531187312487E-07  1.6590063279565E-05  2.1127108657357E-06
  6.1018469829239E-06  3.7611598271788E-05  1.2015616407412E-06  1.4079846204505E-05
  1.2814523655278E-05  4.0095454606657E-07  8.6890845819271E-06  1.0156711268224E-06
  3.9661696129361E-06  5.3374908223431E-05  2.3234292307224E-06  2.3798477056380E-05
  1.2952376764854E-05  2.3107857689051E-07  4.4063242546386E-06  4.8813901318063E-07
  2.5191142688684E-06  7.2617629543485E-05  4.3259435359345E-06  3.9072946160525E-05
  1.2879878804440E-05  1.5761969289616E-07  2.1690370860233E-06  2.4595787695857E-07
  1.5982970848112E-06  8.5955662869914E-05  7.5993221845899E-06  5.9549265046876E-05
  1.2721495607481E-05  1.3263401660578E-07  3.5355090113915E-05  5.2776761875568E-06
  1.2217469630605E-05  1.4001501671074E-05  7.4157970646924E-07  4.9378483862807E-06
  1.0063707152410E-05  1.4767806295835E-06  2.1446724208433E-05  2.5791537834575E-06
  9.7547253464953E-06  1.9574930967518E-05  1.3119147388329E-06  9.0601761048820E-06
  9.1856521672957E-06  8.1918522091191E-07  1.1951536550784E-05  1.2036555099925E-06
  7.0636925207703E-06  2.7797166383794E-05  2.3882566736120E-06  1.6513764032532E-05
  8.3850003871952E-06  4.8328557548222E-07  6.3422392436163E-06  5.4782498620374E-07
  4.8503118115385E-06  3.9199121395478E-05  4.2930659946950E-06  2.9636983351761E-05
  7.8105905914605E-06  3.2346923093487E-07  2.4584890313764E-05  3.4237416604133E-06
  1.4050373369921E-05  9.9148231131672E-06  1.6619317401034E-06  5.6596910429760E-06
  6.5137718063225E-06  1.7145282588925E-06  1.5469378906604E-05  1.5984863963418E-06
  1.1816263523786E-05  1.4245477582333E-05  2.7658708132861E-06  1.0945759236042E-05
  5.3901534642657E-06  1.0638122235892E-06  7.3141720920458E-09  2.0705060739408E-06
  3.4300248671954E-05  6.5574844313063E-06  1.7676796536139E-08  1.4672200597835E-06
  3.9794480761154E-08  2.7522911035321E-08  1.0483347796895E-05  5.4300880629000E-06
  7.5194511718173E-06  1.8107631675202E-08  1.1241358151803E-07  4.9598683614290E-08
  2.5184071640982E-05  5.0491729070730E-06  1.1149475266005E-05  1.6615524587650E-08
  2.7753571682325E-07  8.5056692759232E-08  4.6171928747266E-05  3.4678508146975E-06
  1.2772376104874E-05  1.3312276821113E-08  6.4260183120603E-07  1.5523410562735E-07
  6.0158046694442E-05  2.0327940264731E-06  1.2578553898294E-05  1.2482268681989E-08
  1.4115901593192E-06  2.9693204813578E-07  5.4133162971851E-05  1.0695359760812E-06
  1.0961696413734E-05  1.5893322379678E-08  2.9781645726146E-06  5.7823265507860E-07
  3.9040630340401E-05  5.1130110984108E-07  8.6312420719897E-06  2.7753927030621E-08
  6.0029323333296E-06  1.1054390929583E-06  2.6262338877448E-05  2.2503951349735E-07
  6.3129712178302E-06  6.0025687396523E-08  1.1585745295179E-05  2.0224294042673E-06
  1.7526832433447E-05  9.4968187715204E-08  4.4143930611741E-06  1.4174502494033E-07
  2.0433927738938E-05  3.4164069044272E-06  1.2042176270794E-05  4.1911612106421E-08
  2.9936201423906E-06  3.3171656844148E-07  3.0093301015051E-05  5.1950598233318E-06
  8.6202457147399E-06  2.2449289173997E-08  2.0642020744792E-06  7.3289824233224E-07
  3.0966948468179E-05  6.5307372285761E-06  5.3749973975235E-06  2.2598382249934E-08
  1.1020148113683E-06  2.5816761967207E-06  2.4387119497034E-05  5.2107389843889E-06
  4.8285765738182E-06  4.4491550139672E-08  9.0249221191350E-07  3.7247677909725E-06
  1.7690131518253E-05  3.6479256056433E-06  4.7456687649964E-06  1.1141135969524E-07
  8.4322413746435E-07  3.8612801537505E-06  1.2272290469122E-05  2.4092285677367E-06
  5.1997310609612E-06  2.9174476851347E-07  9.1294542916701E-07  2.7911389407789E-06
  8.5776375304255E-06  1.6104976930732E-06  6.3581666339284E-06  7.1782812948409E-07
  1.1396410063346E-06  1.5412328336301E-06  7.1865854371975E-08  1.6648523556948E-05
  2.3428236623734E-08  6.5204158267624E-06  2.9339833759641E-07  3.1463495265877E-05
  2.7790253598394E-08  4.6122621434043E-06  1.0489943129516E-06  2.0489117581344E-05
  5.6832097578666E-08  2.6091668842628E-06  3.0987327407100E-06  7.6344852724544E-06
  1.8857048837904E-07  1.5388857815182E-06  6.5236313566943E-06  2.4627336572935E-06
  7.1016752260134E-07  1.1184349649332E-06  2.4583211303132E-05  4.0696920658796E-06
  4.4527182884284E-06  8.7760673573749E-06  3.5291940411750E-08  1.7388682118829E-06
  3.3175793326909E-06  5.2920432091700E-07  1.5376151158798E-05  2.2746530748006E-06
  3.1272347495297E-06  1.2386319757625E-05  7.2321489078810E-08  2.8280954778107E-06
  4.2656620907532E-06  2.3751994885436E-07  8.3313968769213E-06  1.1824216591277E-06
  1.9582122324393E-06  1.8052883423197E-05  1.6539105786854E-07  4.6130958724001E-06
  5.3567467279551E-06  1.0209468053975E-07  4.2457356689184E-06  5.7692299580694E-07
  1.1435589901429E-06  2.6741989216964E-05  3.7763512861038E-07  7.3897725975888E-06
  6.4176421438628E-06  4.5938540918809E-08  2.0697856042394E-06  2.7117816389073E-07
  6.4692469680610E-07  3.8469781671255E-05  8.1355631204798E-07  1.1389489115407E-05
  7.2659477721298E-06  2.4030556163047E-08  9.6953670058104E-07  1.2814489679555E-07
  3.6311601500525E-07  4.9441349437747E-05  1.6077642846823E-06  1.6166872709669E-05
  7.7483119981531E-06  1.6342144850690E-08  4.3088600764589E-07  6.3866706373703E-08
  2.0662948930056E-07  4.8205972723791E-05  2.9121864440340E-06  2.0013390342903E-05
  7.8231752720439E-06  1.5243823767729E-08  1.8113152676481E-07  3.5917554499075E-08
  1.2153871867467E-07  3.2389638629000E-05  4.6848738688915E-06  2.0513298523743E-05
  7.4307892867336E-06  1.8159223424015E-08  1.8332064120145E-05  2.7843759042892E-06
  4.2079378106043E-06  7.0822519087415E-06  7.7183080560609E-08  1.6012607394376E-06
  4.1087988776622E-06  4.3843844900228E-07  1.1015387774532E-05  1.3826813931809E-06
  3.1271487350040E-06  9.9695322500649E-06  1.5791964223068E-07  2.8435580299403E-06
  4.4100939680771E-06  2.0259685965478E-07  5.9052871268127E-06  6.4533631800442E-07
  2.0829626945911E-06  1.4390469115453E-05  3.4020223860702E-07  5.0526897980312E-06
  4.6090835376541E-06  9.5868180633980E-08  2.9851487682411E-06  2.8383362824158E-07
  1.3012256023515E-06  2.0847256494542E-05  7.1793570666297E-07  8.8771688440993E-06
  4.6555577484167E-06  4.9731394839634E-08  1.4518696007262E-06  1.2213891005272E-07
  7.9349453796746E-07  2.8833122741702E-05  1.4219231764916E-06  1.5019885211546E-05
  4.6410108209524E-06  3.1257854117131E-08  6.7393083504637E-07  5.4508543224967E-08
  4.8097137136190E-07  3.4863106063532E-05  2.6590291223820E-06  2.3572816819405E-05
  4.6158298639776E-06  2.5845796109686E-08  1.2962531387651E-05  1.7622524907894E-06
  4.3773748508839E-06  5.0471896826482E-06  1.9453640062147E-07  1.6364883018430E-06
  3.5372094468642E-06  4.2950169003467E-07  7.7832481387363E-06  8.0174008098344E-07
  3.4495143257187E-06  7.1835347059693E-06  3.7497103155290E-07  3.1415943861749E-06
  3.1970072244640E-06  2.1835795440501E-07  4.2192769803454E-06  3.4151666692089E-07
  2.4331177122176E-06  1.0391340251934E-05  7.3377568479811E-07  5.9556845245650E-06
  2.9158315797623E-06  1.1925404293982E-07  2.1518097993630E-06  1.3884220110538E-07
  1.6187890258131E-06  1.5025066254788E-05  1.4156651892547E-06  1.1188765678922E-05
  2.7076465278150E-06  7.4404126270849E-08  9.0459970500465E-06  1.0973326800323E-06
  5.0958610487566E-06  3.4741551028413E-06  4.9006840287781E-07  1.8960173266400E-06
  2.2091832912461E-06  5.0715209202575E-07  5.5677451251432E-06  4.6861321623495E-07
  4.1890692184648E-06  5.1000856434997E-06  8.6277015833878E-07  3.8313328799823E-06
  1.8020189872180E-06  2.9618625767631E-07  1.3836248459701E-09  7.2334453966211E-07
  9.8155916822197E-06  2.1711910389422E-06  2.3340866763937E-09  4.2779267581195E-07
  8.1946550082660E-09  5.2567149922628E-09  3.6979283846670E-06  1.8644442738056E-06
  2.6113037962380E-06  3.1679633063841E-09  2.5587281155577E-08  9.7919132377229E-09
  9.1780939177242E-06  1.6850436564848E-06  3.8827351394948E-06  2.5831370715097E-09
  6.9516818967461E-08  1.7801921314144E-08  1.7282824334509E-05  1.1111515537183E-06
  4.4337486735825E-06  1.8372677973255E-09  1.7432338457303E-07  3.5130358389353E-08
  2.2763524404771E-05  6.2188753459853E-07  4.3377314242456E-06  1.6267939474213E-09
  4.0943255016243E-07  7.3469220246867E-08  2.0193178226488E-05  3.0648326599184E-07
  3.7377125620149E-06  2.1754733372096E-09  9.0782617397843E-07  1.5515886810416E-07
  1.4206902764425E-05  1.3424982672469E-07  2.8945184160116E-06  4.3637804399575E-09
  1.8813643668791E-06  3.1707778457478E-07  9.3103046084366E-06  5.2468803164204E-08
  2.0667017292111E-06  1.1182805620275E-08  3.6293447248446E-06  6.0922788965132E-07
  6.0914312081705E-06  1.9091232696315E-08  1.3903228812836E-06  3.0875764548590E-08
  6.2386792832124E-06  1.0785116263551E-06  4.1085621678900E-06  7.0728820880934E-09
  9.2746733975683E-07  8.1925524709250E-08  8.8039873411507E-06  1.6843850797552E-06
  2.8923872474713E-06  3.1964297201241E-09  6.2020456492818E-07  1.9854921792571E-07
  9.0473378718969E-06  2.1535110853123E-06  1.7629145048437E-06  3.2482746278491E-09
  3.1183105300859E-07  7.9116550663868E-07  7.4589041446981E-06  1.6786247070175E-06
  1.5679902079446E-06  7.6107721157797E-09  2.5028027921158E-07  1.1719842661215E-06
  5.6430635786460E-06  1.1441745828220E-06  1.5461283164856E-06  2.2843562624690E-08
  2.3167786970496E-07  1.2252114536360E-06  4.0337711064661E-06  7.2937705872756E-07
  1.6978873012776E-06  6.9846192935696E-08  2.5048602223836E-07  8.5813182129310E-07
  2.8346582750365E-06  4.6466530823371E-07  2.0886934761172E-06  1.9173088374978E-07
  3.1993045531605E-07  4.4877783579700E-07  1.5418364501067E-08  5.9118847139856E-06
  4.0164030048127E-09  2.2160007940272E-06  7.3577077684773E-08  1.1440893258789E-05
  4.5745130590311E-09  1.5006757334267E-06  2.9864551692692E-07  7.1622820604383E-06
  1.0506535009571E-08  8.0175328557529E-07  9.5897721295988E-07  2.4935564711361E-06
  4.2747826619876E-08  4.4841804167120E-07  2.1332451643569E-06  7.4076814631469E-07
  1.8894948234484E-07  3.1451981277810E-07  7.4240101822469E-06  1.2962551736114E-06
  1.4394134312359E-06  2.9356325894799E-06  5.6887870577157E-09  5.1276471443240E-07
  1.0357397785903E-06  1.3856524951796E-07  4.8075152229616E-06  6.9296094861832E-07
  9.7764045827833E-07  4.2033151176442E-06  1.3767120106919E-08  8.6433443373547E-07
  1.3563374471063E-06  5.5593305321617E-08  2.6314923957244E-06  3.3796937822169E-07
  5.9273035929957E-07  6.2646666684205E-06  3.6685086198207E-08  1.4636690428490E-06
  1.7328521505342E-06  2.1009668070999E-08  1.3180759387601E-06  1.5367554682945E-07
  3.2952070497184E-07  9.4575084042644E-06  9.5103639505860E-08  2.4423325569057E-06
  2.1071511163590E-06  8.0925657913824E-09  6.1620658274614E-07  6.6073372674823E-08
  1.7591062787388E-07  1.3965631072399E-05  2.2514710288652E-07  3.8780610588912E-06
  2.4103747633800E-06  3.6471322302113E-09  2.7182162074939E-07  2.8104743457768E-08
  9.2819238157268E-08  1.8306802290687E-05  4.7980637576050E-07  5.6418361427564E-06
  2.5868634916219E-06  2.2718918961491E-09  1.1252396830287E-07  1.2448831516952E-08
  4.9447925203000E-08  1.7900165922516E-05  9.0931695348904E-07  7.0621834520911E-06
  2.6271432190904E-06  2.1343082378298E-09  4.3209595770898E-08  6.3928653721287E-09
  2.7383678749321E-08  1.1870340145387E-05  1.5401297884570E-06  7.2929990927075E-06
  2.5097869285792E-06  2.7767704121494E-09  5.7667683187053E-06  8.5743584781287E-07
  1.3572016616643E-06  2.3236557941655E-06  1.4821031424887E-08  4.6728318983849E-07
  1.3103737514267E-06  1.1210633725886E-07  3.5150032913901E-06  4.0034033662239E-07
  9.8385505608820E-07  3.3281698461738E-06  3.4732269163654E-08  8.7350329019306E-07
  1.4132846129640E-06  4.6535957612329E-08  1.8653873285711E-06  1.7229848090546E-07
  6.3108492698991E-07  4.9107939616071E-06  8.4255685477171E-08  1.6110929460522E-06
  1.4686882796980E-06  1.9346802895937E-08  9.1178946310779E-07  6.8766732468442E-08
  3.7889168616880E-07  7.2198777681318E-06  1.9463818265788E-07  2.9413348879705E-06
  1.4906267355919E-06  8.8664560379626E-09  4.2322471999534E-07  2.6218135938189E-08
  2.2021439618590E-07  1.0261833498476E-05  4.1675009669135E-07  5.1652157379533E-06
  1.4914924761169E-06  5.0857797319008E-09  1.8285088349886E-07  1.0143727093446E-08
  1.2708070099634E-07  1.2623247115754E-05  8.2336126564297E-07  8.3798518116915E-06
  1.4900115180477E-06  4.0801696987461E-09  4.1946016759930E-06  5.2130099371673E-07
  1.4096309104096E-06  1.6032729718150E-06  4.4199591794930E-08  4.7874214837677E-07
  1.1116048190144E-06  1.0858035469282E-07  2.5026250018167E-06  2.1996371931840E-07
  1.0896411142023E-06  2.3491250125549E-06  9.3799767799954E-08  9.6706669240491E-07
  9.9459858117518E-07  5.0591607049979E-08  1.3118870647159E-06  8.4755685462777E-08
  7.4482012206100E-07  3.4698749369168E-06  1.9944345908793E-07  1.9207265965792E-06
  9.0051431062956E-07  2.5158269898282E-08  6.4760818419678E-07  3.0141934412441E-08
  4.7887293852638E-07  5.1352033943899E-06  4.1132565260344E-07  3.7649952544246E-06
  8.3182401616823E-07  1.4454269184007E-08  2.9633444409552E-06  3.0811446868873E-07
  1.6423062890859E-06  1.0660767493779E-06  1.2548190743789E-07  5.5841433647506E-07
  6.6502235806488E-07  1.3084077358606E-07  1.7783861055283E-06  1.1991661891246E-07
  1.3324541860299E-06  1.6264906860658E-06  2.3707788025130E-07  1.1915825989505E-06
  5.3044915807875E-07  7.0975918724461E-08  2.1932283235271E-10  2.2050067509001E-07
  2.4236225681185E-06  6.4031267944297E-07  2.3308379888134E-10  1.1001715083494E-07
  1.4222471146441E-09  8.3810860656167E-10  1.1535191843853E-06  5.6181139201451E-07
  8.0508708218011E-07  4.5577035381703E-10  5.0042882169790E-09  1.6191288613042E-09
  2.9459686062214E-06  4.9085371067826E-07  1.1953620298295E-06  3.1950503360564E-10
  1.5142851269838E-08  3.1910269745751E-09  5.7841383340428E-06  3.1631239732144E-07
  1.3673288528470E-06  1.9347892820207E-10  4.1432716338608E-08  6.9006209743893E-09
  7.7109387580454E-06  1.6804907407320E-07  1.3312116359992E-06  1.5795194906888E-10
  1.0373979418248E-07  1.5868363609416E-08  6.7062082573554E-06  7.7270004436318E-08
  1.1344440808236E-06  2.2650960378876E-10  2.4035470661105E-07  3.6326567705593E-08
  4.6146071355693E-06  3.0662086075954E-08  8.6225723341576E-07  5.4799345104637E-10
  5.1782262538761E-07  8.0169001664981E-08  2.9462141123853E-06  1.0581153104991E-08
  6.0110068035481E-07  1.7158451843807E-09  9.9466778588198E-07  1.6240794020973E-07
  1.8837034429838E-06  3.2415794369266E-09  3.9343193916588E-07  5.6879715083256E-09
  1.6500406020589E-06  3.0134628012741E-07  1.2421092439520E-06  9.6979799151363E-10
  2.5359652138795E-07  1.7607144799741E-08  2.2190671314814E-06  4.8785197241964E-07
  8.6244127989512E-07  3.5296218578822E-10  1.6471391498878E-07  4.7337553491245E-08
  2.2694567910920E-06  6.2689112661917E-07  5.0903560575554E-07  3.5882726758957E-10
  7.7770904210098E-08  2.1444021347504E-07  1.9584743697312E-06  4.7969617641915E-07
  4.5038839142648E-07  1.0620648583948E-09  6.0942222417296E-08  3.2746163297706E-07
  1.5718785827868E-06  3.1585450000378E-07  4.4391643363745E-07  4.0024483785781E-09
  5.5858183940215E-08  3.4606235016584E-07  1.1697166078654E-06  1.9449064981568E-07
  4.8895997977984E-07  1.4584195030059E-08  6.0588252504792E-08  2.3366573522723E-07
  8.2932941579617E-07  1.1878294379351E-07  6.1235416935657E-07  4.4799824089128E-08
  7.8989508721556E-08  1.1508314198607E-07  2.8106243794689E-09  1.8802478954099E-06
  5.6475231030449E-10  6.6681584374485E-07  1.5890703005909E-08  3.7129352895159E-06
  6.0776478521017E-10  4.3093075668857E-07  7.4189135319103E-08  2.2275235814920E-06
  1.6264511863950E-09  2.1814193927979E-07  2.6100710976595E-07  7.2265021159467E-07
  8.3645385565573E-09  1.1549851831863E-07  6.1241765358251E-07  1.9479109158326E-07
  4.4157526088180E-08  7.7678186148227E-08  1.9332011968900E-06  3.6593339577196E-07
  4.1340030120249E-07  8.7072950248148E-07  7.3850045799814E-10  1.3358902945251E-07
  2.8667568556825E-07  3.1629601367079E-08  1.3051330300808E-06  1.8606874318582E-07
  2.7263849483115E-07  1.2702724369434E-06  2.1808401101144E-09  2.3404646694209E-07
  3.8381084892225E-07  1.1253239149397E-08  7.2750771816613E-07  8.5061844791590E-08
  1.5818535053580E-07  1.9300836628891E-06  6.9873590357840E-09  4.1242486238423E-07
  5.0140267130173E-07  3.6490896570269E-09  3.5568823817976E-07  3.5957357671392E-08
  8.3757589634880E-08  2.9864494985068E-06  2.0822862445986E-08  7.1169262601164E-07
  6.1738504709147E-07  1.1738667642980E-09  1.5942004769942E-07  1.3990709723989E-08
  4.2052098981190E-08  4.5241671244195E-06  5.4825678148227E-08  1.1748935966273E-06
  7.0960428246073E-07  4.3789585854686E-10  6.6567608393166E-08  5.2155706113232E-09
  2.0724878860713E-08  6.0247185802972E-06  1.2541366512120E-07  1.7390498051323E-06
  7.6719694631285E-07  2.4168320516165E-10  2.5693963726217E-08  2.0467614682738E-09
  1.0161859836705E-08  5.9672400485115E-06  2.5321477258594E-07  2.2263137470365E-06
  7.8059743927897E-07  2.2927340050901E-10  8.9305538099745E-09  9.4862266206931E-10
  5.2743245251750E-09  3.8844174480674E-06  4.4683547306106E-07  2.3169215487715E-06
  7.5013165392417E-07  3.3604558463197E-10  1.5712489475360E-06  2.3203847096685E-07
  3.8758676510702E-07  6.6923042992643E-07  2.3925002400580E-09  1.1959148765112E-07
  3.7001321664492E-07  2.4645019245062E-08  9.8266346212026E-07  1.0233459063235E-07
  2.7509653030516E-07  9.8660275796524E-07  6.5479901483484E-09  2.3575115025990E-07
  4.0321121698523E-07  9.1958404997737E-09  5.1130405357197E-07  4.0526345634616E-08
  1.6980981136736E-07  1.4882429043314E-06  1.8126190863122E-08  4.5629151658052E-07
  4.1788509620934E-07  3.3247421525844E-09  2.4407469952663E-07  1.4521457883842E-08
  9.6759359685758E-08  2.2345126319961E-06  4.6273423972301E-08  8.6469852080466E-07
  4.2446510628440E-07  1.3110087063392E-09  1.0783619805216E-07  4.8043513036491E-09
  5.3441347333866E-08  3.2532437568777E-06  1.0757766070503E-07  1.5818648116368E-06
  4.2511823002972E-07  6.6702057234664E-10  4.3439853312736E-08  1.5778401548314E-09
  2.9008624844295E-08  4.0837895796808E-06  2.2600343054134E-07  2.6477374841002E-06
  4.2446079160928E-07  5.1472208122906E-10  1.1927825198425E-06  1.3575606170107E-07
  4.0527490445644E-07  4.5118145265268E-07  8.6112094315064E-09  1.2297149583223E-07
  3.0984274642748E-07  2.4011863575683E-08  7.0484165268296E-07  5.2526963304775E-08
  3.0231871178670E-07  6.7279915677548E-07  2.0286882130678E-08  2.6143691894926E-07
  2.7377750690904E-07  1.0110375495757E-08  3.6060379266296E-07  1.8121983856792E-08
  2.0078495043351E-07  1.0232577842745E-06  4.7508174265267E-08  5.4487130471641E-07
  2.4472848753353E-07  4.4911978940545E-09  1.7042480341901E-07  5.6175763420711E-09
  1.2394317811275E-07  1.5559084272787E-06  1.0510077515892E-07  1.1198934604007E-06
  2.2532277731387E-07  2.3413247028037E-09  8.5379902961916E-07  7.6088431359517E-08
  4.7457942491543E-07  2.9132641781975E-07  2.8237449182068E-08  1.4379364833749E-07
  1.7662591948207E-07  2.9489986352811E-08  5.0244801318481E-07  2.6699030459413E-08
  3.7411788889863E-07  4.5807748796428E-07  5.7320786835267E-08  3.2812171889860E-07
  1.3829976235162E-07  1.4840258360777E-08  2.9199399776268E-11  6.0433778341741E-08
  5.1192036967652E-07  1.6481944322004E-07  1.6700580013062E-11  2.4880495793181E-08
  2.0804231959180E-10  1.1257879013343E-10  3.2217719851391E-07  1.4877406784426E-07
  2.1930271351505E-07  5.3886685622683E-11  8.4364387634329E-10  2.2727190743497E-10
  8.4810535893201E-07  1.2795807196236E-07  3.2747431319830E-07  3.1036532024866E-11
  2.8256242570561E-09  4.8136614014125E-10  1.6976867296871E-06  7.8032453708032E-08
  3.7069610094412E-07  1.5069863017644E-11  8.4721525668417E-09  1.1650915281545E-09
  2.2987335181071E-06  3.9391993500744E-08  3.6082508680097E-07  1.0922297071345E-11
  2.2760402260798E-08  2.9605253581217E-09  1.9927302625438E-06  1.7100474570060E-08
  3.0467488141237E-07  1.7332165318855E-11  5.5480234215046E-08  7.4769291473706E-09
  1.3319707445030E-06  6.1354693843521E-09  2.2771307555787E-07  5.4168155723458E-11
  1.2226103620951E-07  1.7598561536406E-08  8.2598244911760E-07  1.8422529141362E-09
  1.5259741633091E-07  2.2109956688612E-10  2.3667989977739E-07  3.8259528403486E-08
  5.1509607863727E-07  4.6454633245716E-10  9.7960834424768E-08  9.0660122367585E-10
  3.7629137284839E-07  7.4506582884519E-08  3.3283713608233E-07  1.0599989274541E-10
  6.1227176881649E-08  3.2899768341825E-09  4.8098161843177E-07  1.2510747047733E-07
  2.2770443150943E-07  2.9257156796032E-11  3.8531240194243E-08  9.8418295994676E-09
  4.9243765672343E-07  1.6202596964125E-07  1.3162082846384E-07  2.9912822332767E-11
  1.6989882360834E-08  5.1351672876880E-08  4.4430793589260E-07  1.2083529107082E-07
  1.1542639484692E-07  1.2014625828941E-10  1.2997613532310E-08  8.1484162127396E-08
  3.7772045733112E-07  7.6515968736973E-08  1.1311839653367E-07  5.9502896110927E-10
  1.1601169691181E-08  8.5665062734528E-08  2.9328487658514E-07  4.4982677902574E-08
  1.2644506085175E-07  2.6375311836176E-09  1.2803197854859E-08  5.5981337222427E-08
  2.1253716018496E-07  2.6454088903746E-08  1.5507760992043E-07  9.2014414490325E-09
  1.6967607582127E-08  2.5898482246337E-08  4.3747688637226E-10  5.2943963445840E-07
  6.4787168238297E-11  1.7706454415346E-07  3.0067855331819E-09  1.0702037251941E-06
  6.4954440690277E-11  1.0953660486000E-07  1.6194530305215E-08  6.1369515472993E-07
  2.0904046727113E-10  5.2260672416175E-08  6.2981223998355E-08  1.8457813020554E-07
  1.4029137409785E-09  2.6005061896159E-08  1.5697599057586E-07  4.5244027160375E-08
  9.0143141606709E-09  1.6857313742322E-08  4.3372970979264E-07  9.1145856998457E-08
  1.0544650395007E-07  2.2575847725094E-07  7.5746292672614E-11  3.0595207191422E-08
  7.0352284995380E-08  6.3199802613826E-09  3.0628851328093E-07  4.3761379543023E-08
  6.7248199301752E-08  3.3908561271505E-07  2.8918823262823E-10  5.5950217226815E-08
  9.6339221176550E-08  1.9799394131148E-09  1.7433872695216E-07  1.8872709617032E-08
  3.7075370358603E-08  5.2654248585541E-07  1.1418595156130E-09  1.0197560880123E-07
  1.2651842362339E-07  5.3642249217408E-10  8.4348842649076E-08  7.3012959589273E-09
  1.8598353837251E-08  8.3602167151234E-07  3.9550751900593E-09  1.8240381480545E-07
  1.5894718605984E-07  1.3853231282771E-10  3.6494566278533E-08  2.5524025049399E-09
  8.7113320149409E-09  1.2887219687984E-06  1.1602935250984E-08  3.0954345106958E-07
  1.8512804999315E-07  4.0861498006122E-11  1.4339951656232E-08  8.3116973547805E-10
  3.9385319464197E-09  1.7754092345383E-06  2.8970529720858E-08  4.7747934287646E-07
  2.0032100416215E-07  1.9096153506980E-11  5.0632264546773E-09  2.8414540831358E-10
  1.8087255050146E-09  1.7723041777568E-06  6.2142899314149E-08  6.2248878407152E-07
  2.0551950741377E-07  1.8371136789336E-11  1.5853027308804E-09  1.1600422035709E-10
  8.6989047082715E-10  1.1299006149752E-06  1.1490571492203E-07  6.5341858709613E-07
  1.9758273969239E-07  3.1627390521657E-11  3.7045961859253E-07  5.5479276504431E-08
  9.8492393670278E-08  1.7120377902742E-07  3.2321394439911E-10  2.6999270000688E-08
  9.2774861236940E-08  4.7698242586761E-09  2.3756391542564E-07  2.2845122071340E-08
  6.7659857172219E-08  2.5810979909647E-07  1.0517942953449E-09  5.5844175368465E-08
  1.0201786409130E-07  1.5693018014723E-09  1.2414570335355E-07  8.2687288770444E-09
  3.9891781322509E-08  3.9440615164815E-07  3.3626399164741E-09  1.1279079582578E-07
  1.0484382415916E-07  4.7976274257772E-10  5.7441794038993E-08  2.6602302836749E-09
  2.1838723602971E-08  6.1253637399894E-07  9.6352579977665E-09  2.2470053071227E-07
  1.0675033488426E-07  1.5781734939673E-10  2.4011613129507E-08  7.4744308802070E-10
  1.1409459060585E-08  9.1535899222105E-07  2.4387243567428E-08  4.2848133790088E-07
  1.0631730235408E-07  6.9893281792134E-11  9.0600225017548E-09  2.0464947631475E-10
  5.8381703244858E-09  1.1729989946251E-06  5.4552209187161E-08  7.4300879046020E-07
  1.0701245293561E-07  5.1294360018852E-11  2.9370189980066E-07  3.0927111785358E-08
  1.0289277910946E-07  1.1202463929510E-07  1.4483315683650E-09  2.7653083707271E-08
  7.6504984771272E-08  4.6123922385482E-09  1.7404869091742E-07  1.0964073944910E-08
  7.4910251650187E-08  1.6982262013778E-07  3.8120632168828E-09  6.2392997449559E-08
  6.6583472126830E-08  1.7415864854168E-09  8.7592795755616E-08  3.3608295474447E-09
  4.7857766688567E-08  2.6701726442242E-07  9.8962526506465E-09  1.3674912828195E-07
  5.8251338013977E-08  6.8368487529836E-10  3.9576404427321E-08  8.9587154682072E-10
  2.8403013032798E-08  4.1574695156197E-07  2.3652316849986E-08  2.9441252262350E-07
  5.3840653776225E-08  3.2022499350588E-10  2.1814708205839E-07  1.6315416585347E-08
  1.2089342052962E-07  6.9357118558868E-08  5.4616263266023E-09  3.2525572074081E-08
  4.1308661179163E-08  5.7379530425514E-09  1.2570261697467E-07  5.1425625224723E-09
  9.3364410545297E-08  1.1263264131096E-07  1.2116003055640E-08  7.9369480091660E-08
  3.1489383893713E-08  2.6838423558127E-09  3.2565659775052E-12  1.4525270611401E-08
  9.4609207235157E-08  3.7814836914279E-08  8.0934595319965E-13  4.9046683939611E-09
  2.6107251645217E-11  1.2686572504949E-11  7.9438515164016E-08  3.5183383339129E-08
  5.2684612054211E-08  5.2200498913693E-12  1.1933267893255E-10  2.6644446317349E-11
  2.1490424955122E-07  2.9383194119588E-08  7.9096497652953E-08  2.3303294898279E-12
  4.6229244527694E-10  6.2081989436351E-11  4.4706889882891E-07  1.7171397419428E-08
  8.9007058989431E-08  8.3683855725314E-13  1.5250694135075E-09  1.6639885610474E-10
  6.1185082062928E-07  8.2023423345753E-09  8.5290225750974E-08  5.0512283728212E-13
  4.3904462544417E-09  4.7958005040489E-10  5.2543299616809E-07  3.3190199629705E-09
  7.1939133098761E-08  9.3937379768371E-13  1.1217455952171E-08  1.3359040034348E-09
  3.3969597344006E-07  1.0719847453586E-09  5.2644645928284E-08  4.2021133255874E-12
  2.5488821516841E-08  3.3963577718021E-09  2.0377492901927E-07  2.7617517436617E-10
  3.4398983604548E-08  2.3754922204060E-11  4.7936324313902E-08  7.8692401468060E-09
  1.2367250238706E-07  5.5636095795289E-11  2.1348783449422E-08  1.2407352500009E-10
  7.3979099125671E-08  1.6224528332222E-08  7.8037421814997E-08  9.3944922502250E-12
  1.2971998452722E-08  5.3496513179933E-10  9.0418270929296E-08  2.8289458937458E-08
  5.2607759885638E-08  1.7664527700603E-12  7.8922699467868E-09  1.7957100658895E-09
  9.2386283935081E-08  3.6856481294633E-08  3.0073986561378E-08  1.8211820127819E-12
  3.2579074521222E-09  1.0824886636515E-08  8.6785701198479E-08  2.6466137725821E-08
  2.6307098659410E-08  1.0927949894964E-11  2.4254661571455E-09  1.7915193075704E-08
  7.7178784149456E-08  1.6170402969348E-08  2.5787474714614E-08  7.5259807447524E-11
  2.1286667562371E-09  1.8924516530132E-08  6.4468929133883E-08  9.0943208528705E-09
  2.8522287343310E-08  4.0570062270311E-10  2.3380298219960E-09  1.1823528270282E-08
  4.8536233260173E-08  5.1577842815259E-09  3.5554634915200E-08  1.6477195372217E-09
  3.1723493330671E-09  5.0377467686664E-09  5.7519188588537E-11  1.3062636068314E-07
  6.0492912817825E-12  4.0864435933488E-08  4.9206789767694E-10  2.7141434395695E-07
  5.5472055551490E-12  2.4438778768737E-08  3.0751135072574E-09  1.4843307211550E-07
  2.2311600455594E-11  1.0990537673660E-08  1.3362388298945E-08  4.1056365633642E-08
  1.9947515999617E-10  5.0992836666142E-09  3.5330316916221E-08  9.1829131622618E-09
  1.6012312163613E-09  3.1771474207600E-09  8.3889661966781E-08  1.9957929492678E-08
  2.3771289833230E-08  5.1861135056938E-08  6.1536980148518E-12  6.1334514867919E-09
  1.5221285057073E-08  1.1025555029853E-09  6.1615578858899E-08  9.0846465530412E-09
  1.4631432962385E-08  7.9475825065634E-08  3.2060925040253E-11  1.1661883665503E-08
  2.1260634476429E-08  3.0172257793711E-10  3.6377113653193E-08  3.6582093090121E-09
  7.6295288890697E-09  1.2629756977026E-07  1.5947847628865E-10  2.2131579913681E-08
  2.8518712030883E-08  6.7516632037293E-11  1.7355705561828E-08  1.3010840906003E-09
  3.6303654337100E-09  2.0448039628084E-07  6.5046625736605E-10  4.1378609964765E-08
  3.6203494507411E-08  1.3496566004429E-11  7.2382995745053E-09  4.0373488684079E-10
  1.5861108734780E-09  3.2679115863342E-07  2.1605279147855E-09  7.2456534811715E-08
  4.2194508235170E-08  2.9297014071204E-12  2.6732547096924E-09  1.1454945400837E-10
  6.6399243335278E-10  4.6386299132889E-07  5.8641299892167E-09  1.1483881192670E-07
  4.5830713456204E-08  1.0829530125533E-12  8.6761952577088E-10  3.3278114174641E-11
  2.8068864536350E-10  4.6501233137503E-07  1.3409464414578E-08  1.5315636379243E-07
  4.7288755544527E-08  1.0632080647864E-12  2.4367678198261E-10  1.1705471420908E-11
  1.2386678792622E-10  2.9063702363089E-07  2.6020007556735E-08  1.6211549991789E-07
  4.6053036037075E-08  2.2979890408167E-12  7.4366655871467E-08  1.1633214147426E-08
  2.2030240426989E-08  3.8121395281743E-08  3.6629098620003E-11  5.3418006195801E-09
  2.0523687755387E-08  8.0101395998944E-10  5.0075510400487E-08  4.4819184334611E-09
  1.4478554750104E-08  5.8367909076692E-08  1.4574473573811E-10  1.1540801244643E-08
  2.2437159058657E-08  2.2910165324913E-10  2.6261628114376E-08  1.4818375884354E-09
  8.3187364500262E-09  9.2348154056025E-08  5.4218268918701E-10  2.4572197467243E-08
  2.3261340585676E-08  5.9097037584138E-11  1.1853423785075E-08  4.1698031763697E-10
  4.3298707033688E-09  1.4822417448782E-07  1.7556172937889E-09  5.0857247267661E-08
  2.3245958359604E-08  1.5779211135212E-11  4.6919782995264E-09  9.9972653905553E-11
  2.1173424220318E-09  2.2779180065829E-07  4.8476950213233E-09  1.0157736061413E-07
  2.3464106571586E-08  5.8248589313774E-12  1.6430205399083E-09  2.2141542661937E-11
  1.0221616473048E-09  2.9808522857583E-07  1.1578832234081E-08  1.8367744977735E-07
  2.3659205866072E-08  4.0075055816727E-12  6.3094337537854E-08  6.1246920295334E-09
  2.3245459525827E-08  2.4085511695472E-08  2.0814857632506E-10  5.3608053946061E-09
  1.6631148664336E-08  7.7116120025529E-10  3.7783833951126E-08  1.9979966430651E-09
  1.6388335329976E-08  3.7845019480143E-08  6.2468044884558E-10  1.2954039224435E-08
  1.4248215848827E-08  2.5806729535445E-10  1.8654256003799E-08  5.4395513153962E-10
  1.0061408888075E-08  6.1317232011233E-08  1.7920844293791E-09  3.0058167468101E-08
  1.2271031084016E-08  8.8179773800025E-11  8.0736057088152E-09  1.2099838856282E-10
  5.7142779297279E-09  9.8244396994714E-08  4.6564635616051E-09  6.8189537466746E-08
  1.1303537134806E-08  3.6833470468101E-11  4.7824844365656E-08  3.0698044021762E-09
  2.7153094672129E-08  1.4529856066249E-08  9.2874898109320E-10  6.4472674881703E-09
  8.4254737222834E-09  9.7343110806319E-10  2.7692147993317E-08  8.6630938028212E-10
  2.0483160057141E-08  2.4187194109440E-08  2.2178485535754E-09  1.6637640878332E-08
  6.3090426338082E-09  4.1612451220464E-10  3.0085056353769E-13  3.0854144039645E-09
  1.5198025847148E-08  7.6127436219935E-09  2.4293736446607E-14  8.5277193932749E-10
  2.7477252591588E-12  1.1961697822828E-12  1.7225353196298E-08  7.3150752711938E-09
  1.1178078778119E-08  4.1693082461990E-13  1.4893181018110E-11  2.6781349289721E-12
  4.7936385057948E-08  5.9328569406355E-09  1.6652181593269E-08  1.3631027920899E-13
  6.5737066380243E-11  6.9058409136522E-12  1.0371955958990E-07  3.3196975450189E-09
  1.8361893323634E-08  3.1721002009373E-14  2.3906408189573E-10  2.0979603442345E-11
  1.4451592638416E-07  1.4991313385872E-09  1.7526141052630E-08  1.4225819893945E-14
  7.3986607433341E-10  6.7542346925055E-11  1.1952422415262E-07  5.5089394545871E-10
  1.4456779940276E-08  3.4307790000780E-14  1.9870148997508E-09  2.1056424116115E-10
  7.5564878371469E-08  1.6386705463902E-10  1.0530586513539E-08  2.4964457229781E-13
  4.5172146024954E-09  5.7622972468230E-10  4.3878579616518E-08  3.6101776838509E-11
  6.8063363007681E-09  2.1433122308971E-12  8.4553883334604E-09  1.4161023848277E-09
  2.5856662058465E-08  5.7311412671553E-12  4.1068774371561E-09  1.4654920027635E-11
  1.2250048050726E-08  3.1046406398885E-09  1.5986891341946E-08  6.7129815926918E-13
  2.4189312233675E-09  7.4220433420192E-11  1.4733800366879E-08  5.6221538060235E-09
  1.0434859512750E-08  7.5159199325277E-14  1.4191108961951E-09  2.8686532728725E-10
  1.5027727047282E-08  7.3417707958229E-09  6.0535513272219E-09  7.8466298927738E-14
  5.4520747545809E-10  2.0059800897131E-09  1.4346614977286E-08  5.1078740224552E-09
  5.2980263092393E-09  8.1147292645385E-13  3.9618116586173E-10  3.4749956205047E-09
  1.3736320341412E-08  3.0087555934085E-09  5.1040089734579E-09  8.1475320201587E-12
  3.4114699066611E-10  3.6518724689993E-09  1.2245501234914E-08  1.6173829669942E-09
  5.7728386778916E-09  5.4992776920877E-11  3.7288667762016E-10  2.1940819331182E-09
  9.4903866302179E-09  8.7160656257220E-10  7.2068186023336E-09  2.5729512424942E-10
  5.1870560195043E-10  8.6517741030850E-10  6.5297410359012E-12  2.8514584770708E-08
  4.6051406653546E-13  8.4047163140888E-09  7.0230258859453E-11  5.9713600572505E-08
  3.8003159834938E-13  4.7949176395824E-09  5.1467341245541E-10  3.1264289904730E-08
  2.0014927983955E-12  2.0262669214345E-09  2.4807485246146E-09  8.0644879110069E-09
  2.4855393249265E-11  8.8090251584560E-10  7.0535887133501E-09  1.6173777743728E-09
  2.4686527914525E-10  5.2548383313570E-10  1.3879435150325E-08  3.8100346435336E-09
  4.6746199571401E-09  1.0400774852705E-08  3.9407279707995E-13  1.0781103546632E-09
  2.8984584686194E-09  1.6636994951770E-10  1.0752673744172E-08  1.6538515478175E-09
  2.7770196946418E-09  1.6084677071639E-08  2.9693948586881E-12  2.1400606333455E-09
  4.1230293761833E-09  3.9525487702680E-11  6.4623506874394E-09  6.2177931424013E-10
  1.3896930832583E-09  2.6480221444864E-08  1.9348343315327E-11  4.2124938163835E-09
  5.6505556289999E-09  7.2769194992437E-12  3.1015717011293E-09  1.9922922620750E-10
  6.2478651134370E-10  4.4166829801886E-08  9.3986361024351E-11  8.1129553581248E-09
  7.2019910480370E-09  1.0814978069793E-12  1.2548153512593E-09  5.5175610875542E-11
  2.5418320283334E-10  7.3078346474988E-08  3.5201334022024E-10  1.4636789941744E-08
  8.4031185452264E-09  1.6013323482192E-13  4.3719558545005E-10  1.3502292834822E-11
  9.7245926225068E-11  1.0657935486981E-07  1.0429251758025E-09  2.3844634326154E-08
  9.2171836633033E-09  4.2329031794321E-14  1.3023058535369E-10  3.2792901742307E-12
  3.7505296538830E-11  1.0774564511793E-07  2.5416582669961E-09  3.2502086568367E-08
  9.5837904693630E-09  4.2898229452318E-14  3.2126607380966E-11  9.7226664369148E-13
  1.5144132481382E-11  6.4811516923865E-08  5.1103997632495E-09  3.4883850182727E-08
  9.3218466372668E-09  1.2784965366956E-13  1.2967861845742E-08  2.1352398919213E-09
  4.3305858677797E-09  7.4660624967077E-09  3.4816902242315E-12  9.1962880981879E-10
  4.0263908452461E-09  1.1764719705456E-10  9.1347780706790E-09  7.5633013889743E-10
  2.7735152096569E-09  1.1579200356206E-08  1.7253293783234E-11  2.0798218666322E-09
  4.3552104118885E-09  2.8886406866104E-11  4.8444060366144E-09  2.3205993807055E-10
  1.5263321597891E-09  1.9046824769876E-08  7.6077021834087E-11  4.6652590012761E-09
  4.5360628575546E-09  6.2156187271078E-12  2.1155438299087E-09  5.7542782131355E-11
  7.5394167059438E-10  3.1270957273691E-08  2.7990384104649E-10  1.0019698963099E-08
  4.4792756267311E-09  1.3080448117742E-12  7.9544914735325E-10  1.1546998742636E-11
  3.4463813370231E-10  4.9840362729858E-08  8.4489843944990E-10  2.0881712823467E-08
  4.5158537361484E-09  3.8691601821189E-13  2.6028103036507E-10  2.0126226553374E-12
  1.5472027272034E-10  6.5806840666683E-08  2.1563519247613E-09  3.9214899911491E-08
  4.5937623244338E-09  2.4420597255701E-13  1.1563690110999E-08  1.0675565251403E-09
  4.5536342548142E-09  4.5742863081147E-09  2.6066561428551E-11  9.1104039171126E-10
  3.1850415979346E-09  1.1116913196744E-10  7.0863822120660E-09  3.1615013710112E-10
  3.1618699559687E-09  7.3609492250229E-09  8.9233264666426E-11  2.3640466584314E-09
  2.6423429981582E-09  3.3212899812661E-11  3.4780101462178E-09  7.6592537583200E-11
  1.8527346117889E-09  1.2372461533190E-08  2.8285603894724E-10  5.7920164357049E-09
  2.2650702551374E-09  9.7548483250429E-12  1.4427132566741E-09  1.4015095702839E-11
  1.0049194422521E-09  2.0428466761700E-08  8.0382533517788E-10  1.3547178588167E-08
  2.0581211562739E-09  3.5491622400269E-12  9.3195932109051E-09  5.0075907854716E-10
  5.4339161238967E-09  2.6599537469314E-09  1.3757172634033E-10  1.1127634871538E-09
  1.5129956594292E-09  1.4395693688463E-10  5.2868504641652E-09  1.2694665101159E-10
  3.9344529303388E-09  4.5791351947200E-09  3.5451659183262E-10  3.0738073561543E-09
  1.0997626877427E-09  5.6377874368917E-11  2.4044512497951E-14  5.7487765541175E-10
  2.1260428061260E-09  1.3383237694402E-09  3.9030395447255E-16  1.3020008773844E-10
  2.5313200016495E-13  9.6034847214999E-14  3.2455876554262E-09  1.3350322899325E-09
  2.0519723037239E-09  2.7235106568425E-14  1.5949808548319E-12  2.3125521537884E-13
  9.1231375500889E-09  1.0393530023606E-09  2.9992125144632E-09  6.2266619497601E-15
  8.0440621921701E-12  6.6656231426143E-13  2.0481675538333E-08  5.6391266003849E-10
  3.3464917093237E-09  7.8149852471038E-16  3.2677623726845E-11  2.3016167881851E-12
  2.9878273612430E-08  2.4070489604346E-10  3.1254285470123E-09  2.0808532065304E-16
  1.0871750475835E-10  8.2813637827645E-12  2.4167608285118E-08  8.1932045086762E-11
  2.5430761056179E-09  7.9651304910239E-16  3.0673242078424E-10  2.8785437626353E-11
  1.4661807985811E-08  2.1993365150545E-11  1.7985249214802E-09  1.1884338980740E-14
  7.0642297381447E-10  8.6158863428613E-11  8.1643215500041E-09  4.0571351575737E-12
  1.1579838983682E-09  1.6442446924113E-13  1.2829779848163E-09  2.2539375715405E-10
  4.6656590089480E-09  5.0819146191824E-13  6.9103870648018E-10  1.5052888342943E-12
  1.7849314638193E-09  5.1829465708952E-10  2.8321713839463E-09  3.9138879830281E-14
  3.9374985258682E-10  9.1714982104675E-12  2.0866160184857E-09  9.6295018632219E-10
  1.8271739696538E-09  2.1806243554902E-15  2.2452546988457E-10  4.0212411420788E-11
  2.1253427507530E-09  1.2666746283390E-09  1.0615275101487E-09  2.3207256952455E-15
  8.0328084472979E-11  3.2680320911653E-10  2.0789552807304E-09  8.6026635275178E-10
  9.2259249482718E-10  4.9564565504685E-14  5.5762281558663E-11  5.9449853880441E-10
  2.0947447579422E-09  4.8929316720610E-10  9.0701139713824E-10  7.5822545740431E-13
  4.7528225445319E-11  6.2359637430206E-10  1.9958245030837E-09  2.5121705747484E-10
  1.0297057699619E-09  6.5008583500292E-12  5.2157076208928E-11  3.5213412635706E-10
  1.6601371875448E-09  1.2903868491142E-10  1.2913293698420E-09  3.5088377832391E-11
  7.3765322591057E-11  1.2995290949806E-10  6.4654199772602E-13  5.3242063744327E-09
  2.8847195770225E-14  1.5166220223581E-09  8.6743040425221E-12  1.1465716165640E-08
  2.0935244222389E-14  8.2528332946765E-10  7.3781644991733E-11  5.7955659976479E-09
  1.5241625411831E-13  3.2021448220114E-10  3.9639064153689E-10  1.3693623109611E-09
  2.6385483348640E-12  1.3013431805355E-10  1.2137973607689E-09  2.4872422171287E-10
  3.3030089032866E-11  7.4337745545734E-11  2.0022301307077E-09  6.3561784355715E-10
  8.0760590300625E-10  1.8113705953018E-09  2.0072318476462E-14  1.6633140779972E-10
  4.8553720212567E-10  2.2189236221150E-11  1.6016401341055E-09  2.6392333096707E-10
  4.6751662001258E-10  2.8326524634209E-09  2.3511030873336E-13  3.4260409690274E-10
  7.0557354914735E-10  4.5613516397596E-12  9.8320202944020E-10  9.1901661700994E-11
  2.2120061801048E-10  4.8188633170808E-09  1.9712397218744E-12  6.9209886969155E-10
  9.8080346483005E-10  6.7790841374064E-13  4.7571215857316E-10  2.7179255155424E-11
  9.2221454327026E-11  8.2816773530115E-09  1.1539100394824E-11  1.3582687651468E-09
  1.2309269184526E-09  7.1815357210945E-14  1.8535322555712E-10  6.5972509013040E-12
  3.5327759696285E-11  1.4305137169964E-08  4.9314116075780E-11  2.5541735034184E-09
  1.4268116343091E-09  6.6101144160494E-15  6.2389050005824E-11  1.3920178312302E-12
  1.2547229173965E-11  2.1238070405161E-08  1.6293376874220E-10  4.2898972953760E-09
  1.5922586622891E-09  1.0960234297945E-15  1.7013844280852E-11  2.7953632297915E-13
  4.3466186583861E-12  2.1215245317199E-08  4.1800109712091E-10  5.9957218732089E-09
  1.6557440170222E-09  1.1595629126074E-15  3.7339744965334E-12  6.8466679258399E-14
  1.6075901602078E-12  1.2551163558575E-08  8.9073126170911E-10  6.5885210984637E-09
  1.6440771246319E-09  5.4710872899038E-15  1.9279760051031E-09  3.4297481850330E-10
  7.5048124472280E-10  1.2747835509869E-09  2.8352249962108E-13  1.3924587113463E-10
  6.9711249406602E-10  1.5119103635966E-11  1.3584427298031E-09  1.1325424295934E-10
  4.6719062084797E-10  2.0209482274721E-09  1.7505604571131E-12  3.3026738769663E-10
  7.5077215413793E-10  3.1990831682747E-12  7.5195527802764E-10  3.1614441588652E-11
  2.4595616817014E-10  3.4402725205408E-09  9.1642001376229E-12  7.6586966374147E-10
  7.6398809758145E-10  5.6364555669014E-13  3.2116985294392E-10  6.8468813637120E-12
  1.1470727947028E-10  5.7631275474259E-09  3.8122680349668E-11  1.7305008555138E-09
  7.5619263740543E-10  9.1090431295920E-14  1.1490876837058E-10  1.1435123935935E-12
  4.9426670953913E-11  9.4059950710813E-09  1.2626291209702E-10  3.7671589898500E-09
  7.6100759904008E-10  2.0728094941992E-14  3.5703850833421E-11  1.5403245936067E-13
  2.0709837736939E-11  1.2799795577314E-08  3.5244030277825E-10  7.2813650424021E-09
  7.7981581624151E-10  1.1793535816954E-14  1.8000820652366E-09  1.6029144732929E-10
  7.8890845387159E-10  7.5947942454458E-10  2.7741600853233E-12  1.3637193799868E-10
  5.3142111689413E-10  1.4009972570954E-11  1.1375299745260E-09  4.3985561079462E-11
  5.3241347429017E-10  1.2578866174186E-09  1.0859001346690E-11  3.6744339011529E-10
  4.3485480826450E-10  3.6689913528789E-12  5.5414461176423E-10  9.3956665956834E-12
  3.0114219152670E-10  2.1382940488604E-09  3.8281157446830E-11  9.6216873737959E-10
  3.6618165690203E-10  9.3814447171984E-13  2.1794001670104E-10  1.4212735525096E-12
  1.5155246735612E-10  3.6744296787536E-09  1.1877057509066E-10  2.3958653703293E-09
  3.2269064630295E-10  2.9432052458565E-13  1.5412683857150E-09  7.1127394402084E-11
  9.4688539241130E-10  4.2542105886405E-10  1.7378153580617E-11  1.6788388605402E-10
  2.3619347074777E-10  1.8519508523110E-11  8.7380741696288E-10  1.6151163548658E-11
  6.5583784811379E-10  7.5879672957579E-10  4.8360471011272E-11  4.8654911853530E-10
  1.6489840063567E-10  6.6368924209505E-12  1.6488844117979E-15  9.0050372178384E-11
  2.5968923359081E-10  2.0320862737966E-10  2.5362189162751E-18  1.7499638347980E-11
  2.0340588643690E-14  6.6789270741594E-15  5.2071288955636E-10  2.0727479909810E-10
  3.2503955908932E-10  1.5420821621862E-15  1.5099221145199E-13  1.7021615600504E-14
  1.5391415343434E-09  1.6103033042946E-10  4.7706992828912E-10  2.2203821696838E-16
  8.7038443353395E-13  5.6029810245569E-14  3.5289406115439E-09  8.4296753154270E-11
  5.2834639349713E-10  1.1848463791822E-17  3.9054581542237E-12  2.2180511114723E-13
  5.1730105181025E-09  3.4030324479252E-11  4.8309431132532E-10  1.1587899453393E-18
  1.3269811767823E-11  9.0487769845643E-13  4.0931845117709E-09  1.0257861024617E-11
  3.8129306019171E-10  1.1066646634683E-17  3.8836187786173E-11  3.4051541706469E-12
  2.3694793460608E-09  2.4008803040983E-12  2.6646829673982E-10  4.5680514010130E-16
  9.0243915612502E-11  1.1348692710040E-11  1.2977627141256E-09  3.8679843559938E-13
  1.7086886686058E-10  1.0854551845950E-14  1.6922917035980E-10  3.1563601663296E-11
  7.2031151621137E-10  3.9117406035092E-14  1.0002195238212E-10  1.3575316469251E-13
  2.2536141079977E-10  7.5436204788542E-11  4.1844951448891E-10  1.9042638635530E-15
  5.6428986558810E-11  9.9748082650175E-13  2.5139485570416E-10  1.4617194542940E-10
  2.7606400748529E-10  4.2206432643404E-17  3.1245260971034E-11  4.9641178840487E-12
  2.5578388097683E-10  1.9095907542229E-10  1.6146512808774E-10  4.6260621584145E-17
  1.0416308451085E-11  4.6881543768637E-11  2.6130468090125E-10  1.2629368966231E-10
  1.4145889104222E-10  2.5452143037244E-15  6.9654823153704E-12  8.9782747107511E-11
  2.7670849048641E-10  6.9599311076668E-11  1.4015205848497E-10  6.1335513367287E-14
  5.8385408932559E-12  9.4633564399483E-11  2.7027700753379E-10  3.3945918791649E-11
  1.6352972846929E-10  6.1791893276332E-13  6.3675623259207E-12  5.0372443253300E-11
  2.4171904071403E-10  1.6691156581896E-11  2.0479985576384E-10  3.9816465049445E-12
  9.1822804990235E-12  1.7106101427120E-11  5.5958708374608E-14  8.6679344717304E-10
  1.5267435816630E-15  2.3612175047898E-10  9.4036229205151E-13  1.8918105285990E-09
  9.6667802634062E-16  1.2269344254899E-10  9.2859137979130E-12  9.3779595667915E-10
  9.9978015789418E-15  4.5164650434634E-11  5.6037243022006E-11  2.0348684756515E-10
  2.4921480375361E-13  1.6968191755728E-11  1.8452579275164E-10  3.3540325336505E-11
  3.8837649337578E-12  9.3666755422950E-12  2.4414268516413E-10  9.3177787581693E-11
  1.2091656261376E-10  2.7063906126180E-10  8.3171841276796E-16  2.2375885280200E-11
  7.1584541265387E-11  2.6047435806533E-12  2.0289386610279E-10  3.6551517304751E-11
  6.9100290803429E-11  4.2816367308571E-10  1.5750854423999E-14  4.7968781058825E-11
  1.0597196288908E-10  4.6288177484590E-13  1.3230027333799E-10  1.1871948590325E-11
  3.1213964456685E-11  7.3976096520670E-10  1.7890605267685E-13  9.8722583855151E-11
  1.4531211573824E-10  5.5244775477074E-14  6.4510838880752E-11  3.2388358313803E-12
  1.2239194456585E-11  1.3461381574768E-09  1.2776604948400E-12  2.0118336682728E-10
  1.8081583192991E-10  4.1127472780398E-15  2.4330932322979E-11  6.9731130595229E-13
  4.3717470830928E-12  2.3947372014505E-09  6.1904210133587E-12  3.8697243560985E-10
  2.1260803327214E-10  2.1519270770322E-16  7.5787346007499E-12  1.2587352354829E-13
  1.4149822857900E-12  3.6633930968977E-09  2.1518062878982E-11  6.6397130134283E-10
  2.4148046432799E-10  1.8178882561811E-17  1.8864714416966E-12  2.0757889415036E-14
  4.4779842807900E-13  3.6770339332069E-09  5.9579447548924E-11  9.4738991006518E-10
  2.5397089843297E-10  2.0680971931796E-17  3.7493351944475E-13  4.1360574091191E-15
  1.5032753523364E-13  2.0719319607819E-09  1.3249884572021E-10  1.0490079838754E-09
  2.5271462983851E-10  1.8181972300437E-16  2.4282158423148E-10  4.7631856602163E-11
  1.1374545090138E-10  1.8943909590536E-10  1.9568277408395E-14  1.8231133251673E-11
  1.0658141477077E-10  1.7079269929712E-12  1.8073467645933E-10  1.4875672183079E-11
  6.8784807646678E-11  3.0723100289314E-10  1.5425635703705E-13  4.5151694998768E-11
  1.1297020733455E-10  3.1177674978414E-13  1.0440535094689E-10  3.7468992938657E-12
  3.4536588285593E-11  5.3543857580863E-10  9.7137270043408E-13  1.0929494701654E-10
  1.1189870863882E-10  4.3751538536301E-14  4.3816793530352E-11  7.1728005658615E-13
  1.5004945056767E-11  9.4140919316374E-10  4.6166223823459E-12  2.6030404712304E-10
  1.0677701730453E-10  5.4339489959273E-15  1.4894371868368E-11  1.0028298596388E-13
  6.0799630640873E-12  1.5803443769720E-09  1.6891711686259E-11  5.8713621343622E-10
  1.0617118625278E-10  9.0454427830755E-16  4.1659765626474E-12  1.0281473256019E-14
  2.3741869479861E-12  2.1544617311856E-09  4.9282948039963E-11  1.1616792965333E-09
  1.1127896613139E-10  4.6097652803140E-16  2.4350877777477E-10  2.1026624375746E-11
  1.2192602738579E-10  1.0836408137644E-10  2.5550493436830E-13  1.7864032928730E-11
  7.7640321226239E-11  1.5359549940245E-12  1.6187166421764E-10  5.2899512042744E-12
  7.9857240502608E-11  1.8584338382896E-10  1.1371833653220E-12  5.0969060469121E-11
  6.2844876824862E-11  3.5435481067741E-13  7.7889975815332E-11  9.9971182724002E-13
  4.1523553553231E-11  3.3138313623791E-10  4.5489027790115E-12  1.4037683167045E-10
  5.0522403629889E-11  7.8826833356183E-14  2.9371260212358E-11  1.2650337622242E-13
  2.0232993178292E-11  5.8814233917575E-10  1.5695215299082E-11  3.7020630262934E-10
  4.5170046090309E-11  2.1238567751605E-14  2.2732013071429E-10  8.8025658155244E-12
  1.4418492493155E-10  5.9552968465828E-11  1.9236710203977E-12  2.1815021250664E-11
  3.1782558546166E-11  2.0731611546684E-12  1.2835266763030E-10  1.7966819180804E-12
  9.7745524856797E-11  1.0851951053858E-10  5.7948250610026E-12  6.8487247778128E-11
  2.1815651928468E-11  6.8180418204861E-13  1.0052873236776E-16  1.2738488873092E-11
  2.7756068060777E-11  2.6366318491913E-11  3.3888291822885E-21  2.0695102718676E-12
  1.4450802965369E-15  4.1314052320745E-16  7.4599945226834E-11  2.8920809426886E-11
  4.5824561061462E-11  7.6430812424016E-17  1.2616579306671E-14  1.1276255802269E-15
  2.2131891119021E-10  2.1257545382067E-11  6.5329156467997E-11  6.7300774113713E-18
  8.2307960834541E-14  4.0966532756358E-15  5.2224010161951E-10  1.1121607354985E-11
  7.1213209044538E-11  1.1218322568411E-19  3.8611019325496E-13  1.9015624849912E-14
  7.8073617915867E-10  4.0082751738561E-12  6.3623348918889E-11  1.1263049978371E-21
  1.4755604100983E-12  8.7963061686910E-14  6.0299402674333E-10  1.1760731525924E-12
  4.9573741965441E-11  9.0286277922296E-20  4.5171935777077E-12  3.6184097061055E-13
  3.2045643487811E-10  2.4749774168203E-13  3.3720238693511E-11  1.4781595301244E-17
  1.0529489890681E-11  1.3222365170783E-12  1.7447616915373E-10  3.4059598844186E-14
  2.1966937833148E-11  6.3562478596876E-16  1.8251815957301E-11  3.9002835949389E-12
  9.4319549617704E-11  2.5067975638896E-15  1.2734254463381E-11  1.0868358879863E-14
  2.4750530044238E-11  9.5519306644240E-12  5.3943337864523E-11  7.9937431391867E-17
  7.1057090839571E-12  9.6128066280990E-14  2.6719092548769E-11  1.8737580016374E-11
  3.5839763752921E-11  5.5406447352155E-19  3.8283020773796E-12  5.4233461508188E-13
  2.7424632204897E-11  2.4326623105154E-11  2.1246587561915E-11  6.3422397378621E-19
  1.1883466136687E-12  5.8613007343805E-12  2.8626134054537E-11  1.6161466311599E-11
  1.9421639730836E-11  1.0895497500047E-16  7.7037126162671E-13  1.1995750820724E-11
  2.9845484686006E-11  8.3940925268999E-12  1.9486632937082E-11  3.8665927012236E-15
  6.1651176716972E-13  1.2734714100107E-11  3.1931142910750E-11  3.9833769824583E-12
  2.2265485948289E-11  5.5406519595820E-14  6.7080368525953E-13  6.2608160877945E-12
  3.2077927572920E-11  1.8862605999678E-12  2.6913302445164E-11  3.9587295976820E-13
  1.0026599481543E-12  1.7936767301344E-12  4.2824100242996E-15  1.2327129702169E-10
  7.1139390726083E-17  3.2107404915710E-11  8.7785941257269E-14  2.6467620083293E-10
  3.8456990266012E-17  1.5747394192340E-11  1.0276016219686E-12  1.3151286883424E-10
  5.8017508503306E-16  5.4854282733943E-12  7.0125474164009E-12  2.6907561328587E-11
  2.0667937925797E-14  1.9212263962635E-12  2.4348806192266E-11  3.8952484965422E-12
  4.0083348914730E-13  9.7493757982153E-13  2.5790574843082E-11  1.1850629689774E-11
  1.6219896452482E-11  3.5030920761269E-11  2.8343382309503E-17  2.6687007269617E-12
  9.2448179074877E-12  2.7060068140288E-13  2.2440395745048E-11  4.4758934020608E-12
  8.7280692963741E-12  5.5821628210224E-11  9.3133396834593E-16  5.8041859156596E-12
  1.3870299729333E-11  4.1639500433229E-14  1.5411375804047E-11  1.3686960050062E-12
  3.8057044662541E-12  9.7265117557092E-11  1.4271461698331E-14  1.2347689906732E-11
  1.8984452708367E-11  3.9932464985463E-15  7.3608267167306E-12  3.4359543871143E-13
  1.4374774468615E-12  1.8268345973596E-10  1.1944850541210E-13  2.5489585356831E-11
  2.3345149188257E-11  2.0649865466778E-16  2.7298503001120E-12  6.5354387624733E-14
  4.6620350914267E-13  3.4940532902363E-10  6.5564321572682E-13  5.0135179213776E-11
  2.6774749881032E-11  5.7266022511533E-18  8.2202598759986E-13  1.0130133240084E-14
  1.3585931005186E-13  5.3907203933325E-10  2.5921272156790E-12  8.7294641166135E-11
  3.0305873722429E-11  1.9524833370855E-19  1.8695472242322E-13  1.3661168581537E-15
  3.9189953411230E-14  5.3195799226246E-10  7.5069963939592E-12  1.2622017306937E-10
  3.2965585764969E-11  2.4774491742830E-19  3.2544288351222E-14  2.1837660641681E-16
  1.2461682437480E-14  2.9755201919760E-10  1.7269566662900E-11  1.4486885270213E-10
  3.4331997599093E-11  4.9865970009684E-18  2.6810180016291E-11  5.8666986901890E-12
  1.5295617837673E-11  2.4490685037112E-11  1.1916575336289E-15  2.0887780609060E-12
  1.4129118394751E-11  1.7059018221871E-13  2.1039342667220E-11  1.7202063583403E-12
  8.7180115890682E-12  4.0659099909866E-11  1.2198685423894E-14  5.4792509632766E-12
  1.4786039309445E-11  2.6848597824407E-14  1.2482203848048E-11  3.9685762113646E-13
  4.1292604581218E-12  7.2301385481592E-11  9.2388086564998E-14  1.3767219069112E-11
  1.3881324787831E-11  3.0549416635131E-15  5.2452003081170E-12  6.6615935398819E-14
  1.7661304527776E-12  1.3473029420067E-10  4.8725449009539E-13  3.3951684956567E-11
  1.3595124819719E-11  2.8471145006391E-16  1.6949540247694E-12  7.6729714322343E-15
  6.6992007339074E-13  2.3007069097405E-10  1.9504927760767E-12  7.6924193738137E-11
  1.3506213874986E-11  3.4211343050576E-17  4.4048300722274E-13  6.0432741276587E-16
  2.4165903692991E-13  3.0788410316577E-10  6.0935819039093E-12  1.5798868147815E-10
  1.4362931407680E-11  1.5200878639235E-17  2.7855536243707E-11  2.4345199678288E-12
  1.6415780393366E-11  1.3666395423210E-11  2.0338663784057E-14  2.0114141163220E-12
  9.9907229135492E-12  1.5020820540187E-13  2.0091132403836E-11  5.6631005251668E-13
  1.0297869110778E-11  2.3971367003830E-11  1.0847010078068E-13  6.1989037107302E-12
  7.7602111985347E-12  3.0591897134447E-14  9.5843330194780E-12  9.3430666776510E-14
  5.2170709444952E-12  4.4211980811212E-11  4.7603655953206E-13  1.8051245075795E-11
  6.2498331800322E-12  5.7615754516196E-15  3.5153473542007E-12  9.9736082939443E-15
  2.4099527309076E-12  8.2809974936415E-11  1.7708212150887E-12  4.9956627536360E-11
  5.4436995980744E-12  1.3548111460089E-15  2.8351614337552E-11  9.6303942765757E-13
  1.9852420853567E-11  7.1982466037261E-12  1.8098067357656E-13  2.5167850768737E-12
  3.8036296288451E-12  2.0537032694832E-13  1.6660596272185E-11  1.7664164194090E-13
  1.2908817715203E-11  1.3829433603901E-11  6.2035183608487E-13  8.4597851889088E-12
  2.5052927761770E-12  6.0637721469295E-14  5.5194167879525E-18  1.5742462414877E-12
  2.3835020270774E-12  3.0109862195757E-12 -7.9464111269023E-26  2.1582007300064E-13
  9.2086163249066E-17  2.3011789360460E-17  9.2835979892908E-12  3.5428513816766E-12
  5.6365103596889E-12  3.4178609468772E-18  9.3935200162049E-16  6.7198754909526E-17
  2.7495999525867E-11  2.5484794560073E-12  7.8661424356135E-12  1.8090705093943E-19
  6.4847812724442E-15  2.7429574845276E-16  6.5036925121416E-11  1.1690671908118E-12
  8.3387912701045E-12  7.1687562603815E-22  3.4576478398909E-14  1.4618318367761E-15
  9.8376496034220E-11  4.3885283839284E-13  7.1317251250579E-12  2.8231927604168E-25
  1.4428910158712E-13  7.6227925099504E-15  7.4226643998124E-11  1.1981343190161E-13
  5.4837793610857E-12  4.7618296259413E-22  4.6160041780915E-13  3.4243259559563E-14
  3.7202564703459E-11  2.1199472497597E-14  3.6881458403248E-12  4.2631387375948E-19
  1.0610145581014E-12  1.3405501220582E-13  1.8321210015460E-11  2.5652415482008E-15
  2.4253584024059E-12  3.3635019324549E-17  1.7308232081213E-12  4.1720931920104E-13
  1.0376513069717E-11  1.4603340079160E-16  1.4180118739290E-12  7.8166645444986E-16
  2.2257835689780E-12  1.0840287413623E-12  5.9200238449961E-12  2.7017993226897E-18
  7.7322933858391E-13  8.2733149189090E-15  2.4368299136681E-12  2.1337871977293E-12
  3.9048829248225E-12  5.4559471157953E-21  4.1336721745602E-13  5.0792565729736E-14
  2.4784037857698E-12  2.6768933346483E-12  2.4964326009306E-12  6.6123788214322E-21
  1.2091848987941E-13  6.5631797367134E-13  2.5709893687183E-12  1.8057673125676E-12
  2.3567830470958E-12  4.0515991380416E-18  7.4870412345882E-14  1.4216335607865E-12
  2.9454338946839E-12  9.1424082094592E-13  2.4117615966099E-12  2.4368896370917E-16
  5.7274924220917E-14  1.5256034145369E-12  3.3651892713085E-12  4.1581134364975E-13
  2.6148301126996E-12  4.4066616115389E-15  6.2208683467125E-14  6.5585595495915E-13
  3.7338013585929E-12  1.8474098972968E-13  3.2489133037671E-12  3.5893020511948E-14
  9.4551473672240E-14  1.7938723695427E-13  2.9330157659189E-16  1.5128548992999E-11
  2.9901864062595E-18  3.8866153363676E-12  7.3181807484283E-15  2.9955421225519E-11
  1.3770593697363E-18  1.7552150865614E-12  1.0181072281338E-13  1.5915954061825E-11
  2.9943322494673E-17  5.8401483385862E-13  7.7888066019061E-13  3.1422413987341E-12
  1.5368032427725E-15  1.9534734440801E-13  2.9062269167869E-12  4.0424887071167E-13
  3.6362120162805E-14  9.1677070802316E-14  2.4363803600175E-12  1.2810223361851E-12
  1.8868464655987E-12  3.9014209460560E-12  8.5796851408716E-19  2.7660034633561E-13
  1.0505607372356E-12  2.4566189375745E-14  2.1875066565990E-12  4.7519233582264E-13
  9.7178449436585E-13  6.2303120846685E-12  5.0537628068307E-17  6.2691881453236E-13
  1.5688569619830E-12  3.3505676792709E-15  1.4676564440923E-12  1.3997789592934E-13
  4.2005760360588E-13  1.0833232927455E-11  1.0015519494555E-15  1.3511682522894E-12
  2.1176858405842E-12  2.5982821273136E-16  7.6069294036665E-13  3.1604171919002E-14
  1.4555816639112E-13  2.1544788364527E-11  1.0238526290584E-14  2.8049443723658E-12
  2.5235776211879E-12  9.3666936334210E-18  2.7572507852801E-13  5.4921880871131E-15
  4.5250537312352E-14  4.2187916969558E-11  6.3360473203954E-14  5.5432774301350E-12
  2.9662011165062E-12  1.3377064226919E-19  7.6241181905033E-14  7.3258317034200E-16
  1.1965213598414E-14  6.8085296033643E-11  2.6230088621825E-13  9.6110737174319E-12
  3.3972621376824E-12  1.5278781044965E-21  1.6480152283490E-14  8.1153903704502E-17
  3.1599318388676E-15  6.4785662046930E-11  8.4874594926158E-13  1.4220162159528E-11
  3.8038082913554E-12  2.2058964743849E-21  2.5712730671355E-15  1.0312681306813E-17
  8.9374956500058E-16  3.5727892074618E-11  1.9908798539921E-12  1.6795020086122E-11
  3.9669344722551E-12  1.1919624886540E-19  2.5308849459547E-12  6.2485375150316E-13
  1.8407303284941E-12  2.7054066289687E-12  6.1826735155006E-17  2.1043525238227E-13
  1.6762299248724E-12  1.4887469177276E-14  2.1331831562717E-12  1.7169973224492E-13
  9.8024520277273E-13  4.5936799476345E-12  8.5132929926167E-16  5.7385926391985E-13
  1.6305087234848E-12  2.0685186462545E-15  1.2991337092644E-12  3.6912296044869E-14
  4.4609503451054E-13  8.5946049841334E-12  7.8373434034355E-15  1.5160281494849E-12
  1.5602023239899E-12  1.9182315344957E-16  5.4579737404455E-13  5.5496886384421E-15
  1.8209399716708E-13  1.6869531758889E-11  4.6494120396870E-14  3.7801121329722E-12
  1.4946668413422E-12  1.3471071039962E-17  1.7022305392637E-13  5.3454686235085E-16
  6.5382678228284E-14  2.9234754265499E-11  2.0325988568105E-13  8.7736191921504E-12
  1.5012503745793E-12  1.1619005274862E-18  4.1153001752540E-14  3.2185848282553E-17
  2.1853050245372E-14  3.6893379224385E-11  6.6093895680482E-13  1.8163994527827E-11
  1.6259845883913E-12  4.4037659834323E-19  2.8314850207761E-12  2.4738536724010E-13
  1.9385177577926E-12  1.5231198085035E-12  1.4822380748626E-15  2.0327019511881E-13
  1.1197051298823E-12  1.2908134427360E-14  2.1498993305530E-12  5.3112868332918E-14
  1.1378279026805E-12  2.7657938587047E-12  8.9823647584806E-15  6.5130622714492E-13
  8.2386611115412E-13  2.3090071208482E-15  1.0528105334516E-12  7.7569817981702E-15
  5.8208108372856E-13  5.3152608207805E-12  4.4739104083044E-14  2.0006065581646E-12
  6.5248136468211E-13  3.8258099702139E-16  3.6652686991379E-13  6.8112885154955E-16
  2.4830616355863E-13  1.0076206183645E-11  1.7711898095950E-13  5.8884405074726E-12
  5.7293544678287E-13  7.5820890272654E-17  3.1616992044433E-12  9.2290592155731E-14
  2.3782594688924E-12  7.6418417679427E-13  1.5500716237458E-14  2.5575619599040E-13
  3.9588761279419E-13  1.7871009232036E-14  1.9106829852716E-12  1.5231605270872E-14
  1.5145302018358E-12  1.5415795168763E-12  5.7355423617208E-14  9.2147393796372E-13
  2.5802434925074E-13  4.8637571393205E-15  2.7838679107029E-19  1.7011528938284E-13
  1.9347470171031E-13  2.9799843204168E-13  0.0000000000000E+00  2.0303445569222E-14
  5.3399423456571E-18  1.1767491051770E-18  1.0011790714596E-12  3.6041447645214E-13
  5.8782410580456E-13  1.4209213866873E-19  5.8549858544987E-17  3.6657390843902E-18
  2.9143705213099E-12  2.3752250066929E-13  7.9806706200850E-13  4.6179330363072E-21
  4.7006121661723E-16  1.6158866641677E-17  6.6922347639448E-12  1.1656957141240E-13
  7.5676671239196E-13  4.4055255380370E-24  2.7862186410086E-15  9.6928865904204E-17
  1.0243485130102E-11  4.1091906385262E-14  6.3952319971057E-13  3.4201038777458E-31
  1.2480160621460E-14  5.6282487098378E-16  7.5749802322501E-12  1.0375566706557E-14
  4.8050803121748E-13  2.2044303458173E-24  4.1679655659212E-14  2.9259698656014E-15
  3.6049265230953E-12  1.7253807919362E-15  3.4552164331570E-13  1.1662440640075E-20
  9.4633698423237E-14  1.2116111362147E-14  1.7201027541431E-12  1.7378555760460E-16
  2.2684566065418E-13  1.6446611494689E-18  1.4826659262756E-13  4.0564059100753E-14
  9.7645837482580E-13  8.0978915527514E-18  1.3869954674083E-13  5.1124262114863E-17
  1.7929849189281E-13  1.0655537639441E-13  5.5554318579237E-13  9.3501149188452E-20
  7.5619260906051E-14  6.4151655335927E-16  2.0035063174166E-13  2.1179575716829E-13
  3.7249864310410E-13  4.7048565683434E-23  3.9402346674854E-14  4.4426299240559E-15
  1.9031567177730E-13  2.6051154639010E-13  2.5664298646610E-13  5.6531859642219E-23
  1.0780002682809E-14  6.5599390311024E-14  2.0758396924981E-13  1.7234725796660E-13
  2.5344527654144E-13  1.4829668714939E-19  6.4216378300169E-15  1.4999687604970E-13
  2.5538462936553E-13  8.7966570358599E-14  2.6697797695951E-13  1.3960870124220E-17
  4.8449282024200E-15  1.5006144178560E-13  3.0964822939451E-13  3.8563455614640E-14
  2.8992921456593E-13  3.1397330274487E-16  5.2093392936970E-15  5.6501312851846E-14
  3.7635334986080E-13  1.6215269994246E-14  3.5672849586615E-13  2.8852270859394E-15
  7.9800646827113E-15  1.5885799004571E-14  1.7558270401103E-17  1.5974508047068E-12
  1.1725912303098E-19  3.8780102509612E-13  5.5335463412164E-16  2.8699954435339E-12
  4.6429407326841E-20  1.7308709153294E-13  8.9426068770578E-15  1.6563006039001E-12
  1.4171583855805E-18  5.6174433017772E-14  7.6200122169210E-14  3.2207103448151E-13
  1.0301293203413E-16  1.7280772244313E-14  2.9859928474256E-13  3.7151147873221E-14
  2.9400424345151E-15  7.7848070024764E-15  2.0251464294412E-13  1.2566204509709E-13
  1.9629613891942E-13  3.5808379784298E-13  2.4299556124181E-20  2.5543763612359E-14
  1.0685416315136E-13  2.0336119311905E-15  1.7648680495839E-13  4.5498869702405E-14
  9.8972048388490E-14  5.9619830777364E-13  2.2953347937224E-18  5.9843690232007E-14
  1.5377404358912E-13  2.4352817407920E-16  1.2920142316648E-13  1.2331049532703E-14
  3.9064135082151E-14  1.0440142570825E-12  6.4113921058543E-17  1.2928795280480E-13
  1.9496132358592E-13  1.5331646206190E-17  6.9329348455612E-14  2.6635613597874E-15
  1.3251425520460E-14  2.1096303771061E-12  7.7756999355444E-16  2.6672037312517E-13
  2.3765935949567E-13  3.9536736843741E-19  2.4644713915675E-14  4.1627235923911E-16
  3.7002764749833E-15  4.3110552015067E-12  5.4168505132041E-15  5.1348904228775E-13
  2.7162011596544E-13  2.9181035478350E-21  6.4340867992302E-15  4.8200033272541E-17
  9.3693150703027E-16  7.1569668342660E-12  2.4224777794527E-14  9.0433483911330E-13
  3.1838698329575E-13  1.1147972073653E-23  1.2446230648735E-15  4.4308697867814E-18
  2.2920043885314E-16  6.6196343323428E-12  7.8035624375828E-14  1.3447120874300E-12
  3.7141072078461E-13  1.8782240768311E-23  1.8193926088550E-16  4.5759600246316E-19
  5.9359281175527E-17  3.6565530435889E-12  2.0030603298803E-13  1.6884111824459E-12
  3.8998975122915E-13  2.7482639171601E-21  2.1524665230923E-13  5.7414581939058E-14
  1.9735390500692E-13  2.6480424543997E-13  3.1263378245986E-18  1.9041217037147E-14
  1.7194626097283E-13  1.1837895572184E-15  1.8318755221008E-13  1.5386695915905E-14
  9.9733933893120E-14  4.5525001765720E-13  5.3023160153778E-17  5.3943045118915E-14
  1.6006634360908E-13  1.4388340571659E-16  1.1692297670999E-13  3.0991105857967E-15
  4.3882403322658E-14  8.9443841393159E-13  5.5372320361746E-16  1.4641732596762E-13
  1.4500354049425E-13  1.1000544758076E-17  4.8843741693960E-14  4.1436424132891E-16
  1.6358267164905E-14  1.8447393370149E-12  3.8341457730433E-15  3.6942438056051E-13
  1.4118343803321E-13  5.9197952793768E-19  1.4676342277232E-14  3.3935563485612E-17
  5.6455872769208E-15  3.1398780385480E-12  1.7626663650739E-14  8.5115123232956E-13
  1.4268427200784E-13  3.6900773510619E-20  3.4209285987759E-15  1.5840951275595E-18
  1.7804993969396E-15  3.7846975899794E-12  6.2989054170949E-14  1.7675795704358E-12
  1.5357161261662E-13  1.2255730443079E-20  2.4916244770713E-13  2.2358979518885E-14
  2.1020623115379E-13  1.4683537754074E-13  9.8229815743198E-17  1.8234134698447E-14
  1.0719910581856E-13  9.7924573012992E-16  1.9782341539435E-13  4.4374608191753E-15
  1.1817113829472E-13  2.8262945856374E-13  6.5415646916495E-16  6.1522637257969E-14
  7.5677174325819E-14  1.5930145067869E-16  1.0060335650577E-13  5.7921669241166E-16
  5.6582467358993E-14  5.6744322186955E-13  3.6594404499171E-15  1.9860924716234E-13
  5.9794929611375E-14  2.3189733071702E-17  3.4302424869905E-14  4.3371222372799E-17
  2.2906326750201E-14  1.0983095265084E-12  1.5720205666968E-14  6.0659463995364E-13
  5.4376619117994E-14  3.9769566765959E-18  3.0542157589111E-13  7.8947664861330E-15
  2.5059147347288E-13  7.2957473916409E-14  1.1905840721363E-15  2.3040609908129E-14
  3.4026607872149E-14  1.3942414391818E-15  1.8780513469588E-13  1.1821584976771E-15
  1.5487654510418E-13  1.5390286503890E-13  4.6288063975189E-15  8.9016007960776E-14
  2.3005876395910E-14  3.4609680042398E-16  1.3134615272258E-20  1.5046635826051E-14
  1.3883390996623E-14  2.4776408034741E-14  0.0000000000000E+00  1.7216752945001E-15
  2.6450599769877E-19  5.6231433106426E-20  8.7706968179821E-14  3.1434381770480E-14
  5.3154249151751E-14  5.6371604467611E-21  3.5153251925087E-18  1.7875992585401E-19
  2.4315805564828E-13  2.1892002908982E-14  6.9474004274534E-14  1.1876002243638E-22
  3.1165872460486E-17  9.0297750759934E-19  5.7561773138381E-13  9.8816423954019E-15
  6.4393755741356E-14  3.9137246123132E-26  2.0025624935808E-16  5.9244702340828E-18
  8.8632467243659E-13  3.1687750911677E-15  5.2950114516752E-14  7.8738604191721E-35
  9.6079999187961E-16  3.9583989284306E-17  6.3567700318493E-13  8.4507681912635E-16
  3.7580277619110E-14  7.8290266700810E-27  3.3095038103288E-15  2.1142820163352E-16
  2.9473441230787E-13  1.2713606621739E-16  2.6555315550897E-14  3.1929859564604E-22
  7.3808118100448E-15  1.0004494613247E-15  1.3779767440809E-13  1.1158488151108E-17
  1.7886510979097E-14  7.5814629811060E-20  1.0775433700114E-14  3.5413450820840E-15
  7.1906246129795E-14  4.1827897509375E-19  1.1478966367837E-14  3.0780764532452E-18
  1.3117474127058E-14  9.4938222357621E-15  4.3815940423199E-14  3.1449881460767E-21
  6.3717974459654E-15  4.5250900058726E-17  1.3428643107306E-14  1.8296948389754E-14
  3.0805893434647E-14  4.3549689521120E-25  3.3408090642108E-15  3.4848363307157E-16
  1.3663797081645E-14  2.2122652633029E-14  2.3156128216789E-14  5.9573432160718E-25
  8.8205562014549E-16  5.8781673044523E-15  1.5263814301411E-14  1.4786297920946E-14
  2.4234567806146E-14  5.2354859971152E-21  5.0510349624416E-16  1.3260879790255E-14
  1.9267380590449E-14  7.4978815468437E-15  2.4597682251719E-14  7.3742795225953E-19
  3.6824484799234E-16  1.3134990936097E-14  2.5121860690948E-14  2.9503899811480E-15
  2.9017429954204E-14  1.9871443977163E-17  3.7258391056902E-16  4.8361234221343E-15
  3.3544385853270E-14  1.2085682044751E-15  3.5211138805638E-14  2.0556021417557E-16
  5.7184001780532E-16  1.1600261447597E-15  9.9204716067409E-19  1.3500627940796E-13
  4.4168890598948E-21  3.5129972897379E-14  3.7732369268764E-17  2.2957475055303E-13
  1.5045542611333E-21  1.4751535506118E-14  6.9547980097777E-16  1.4459356155330E-13
  6.2725547668215E-20  4.5507760573710E-15  6.6193733918327E-15  2.9696057359494E-14
  6.2919293663973E-18  1.3104581904873E-15  2.8186528369065E-14  2.8904646072696E-15
  1.9754776054713E-16  5.7046434140283E-16  1.3687331598131E-14  1.0910033675361E-14
  1.7871567055905E-14  2.9638076138857E-14  6.2611995757647E-22  2.1427210255052E-15
  9.1455063661887E-15  1.5245342255983E-16  1.3196256739939E-14  3.8565286357454E-15
  9.0246167274674E-15  4.7041911200686E-14  1.0358402570996E-19  5.0801252128513E-15
  1.3540268831133E-14  1.6155397863690E-17  1.0025088037320E-14  1.0063240821106E-15
  3.3725055293394E-15  8.6330877410203E-14  3.7416199421309E-18  1.0813724431832E-14
  1.6103098611675E-14  8.4318217770950E-19  5.5017238116423E-15  1.9755668318526E-16
  1.0805131942582E-15  1.7885686489113E-13  5.5047986670625E-17  2.2194576070594E-14
  1.8682344080609E-14  1.5937011868322E-20  1.9637733719945E-15  2.8741379941059E-17
  2.7757570950439E-16  3.7878610694982E-13  4.1377578820309E-16  4.1207990449446E-14
  2.0799410832265E-14  6.6493995538470E-23  4.7034433947035E-16  2.8490136146034E-18
  6.7263991053353E-17  6.2490779360585E-13  1.9807668303895E-15  6.9504575226249E-14
  2.6236376584531E-14  1.0130666135792E-25  8.6795837923000E-17  2.2192541747918E-19
  1.4999804908744E-17  5.6786212147323E-13  6.5362603490737E-15  1.0755026106268E-13
  3.2369422148566E-14  1.8763045111353E-25  1.1172975212725E-17  1.9292227602421E-20
  3.5957130839273E-18  3.0780702789216E-13  1.7080130708134E-14  1.4083103589201E-13
  3.4962390613254E-14  6.4682909903052E-23  1.5680335101093E-14  4.8601793889660E-15
  1.8246492917856E-14  2.2733718942982E-14  1.4783223965365E-19  1.5501441876895E-15
  1.4377273725155E-14  8.4169562442504E-17  1.3738692569245E-14  1.2143903210908E-15
  9.2044299524309E-15  3.9649275290948E-14  2.9955334412274E-18  4.4859339779471E-15
  1.3749061873147E-14  9.1381544576145E-18  9.5087751241286E-15  2.3472944204792E-16
  3.8868891038283E-15  8.1141759757583E-14  3.7838060813160E-17  1.2374946470877E-14
  1.2159751938090E-14  5.8463491967718E-19  4.0479355049068E-15  2.8245139914139E-17
  1.3703169082953E-15  1.6789549187263E-13  2.9349917884445E-16  3.1441585027137E-14
  1.1546168524072E-14  2.4715787277728E-20  1.1641545183109E-15  1.9828703326004E-18
  4.4140361932008E-16  2.9498607288758E-13  1.4001089216834E-15  7.1459065262831E-14
  1.1799886796309E-14  1.1388084181003E-21  2.4208097633060E-16  7.3501994929827E-20
  1.3004707502378E-16  3.1777821471810E-13  5.1611462010420E-15  1.4363836531416E-13
  1.3416317305228E-14  3.3963092313567E-22  1.9456518706995E-14  1.8167829903438E-15
  1.9765906230043E-14  1.2796557663357E-14  5.8508412939647E-18  1.4633614662659E-15
  8.5811036220586E-15  6.6600570102649E-17  1.6467653458150E-14  3.2652987299141E-16
  1.1052140026048E-14  2.5693995783912E-14  4.4299783274828E-17  5.1784425697247E-15
  6.3494701216662E-15  9.8968843883343E-18  8.7634638302745E-15  3.9407958301982E-17
  4.9979735355254E-15  5.4012136390737E-14  2.7518669047574E-16  1.7469302621790E-14
  5.0440803270674E-15  1.2878099926028E-18  2.8776004886238E-15  2.5343504880969E-18
  1.9076179671528E-15  1.0464129406219E-13  1.2734878405341E-15  5.4679578412873E-14
  4.3817552893266E-15  1.9460828470634E-19  2.5736349007774E-14  5.7219814541791E-16
  2.4539211753257E-14  5.9149197051465E-15  8.2016528916273E-17  1.7653694764647E-15
  2.7234956692631E-15  9.0865000217138E-17  1.6702106150546E-14  7.6807195172049E-17
  1.3519705965896E-14  1.3082561812523E-14  3.4436706560856E-16  7.3230839326083E-15
  1.6959042008120E-15  2.1417475989634E-17  5.8880385067864E-22  1.2402004142044E-15
  7.8944988855795E-16  1.8281044438224E-15  0.0000000000000E+00  1.3300424214745E-16
  1.3030932575084E-20  2.4394508011267E-21  7.0929673783797E-15  2.5875478681552E-15
  4.1572271927518E-15  2.1780945207040E-22  1.9363001816703E-19  8.4905444419586E-21
  1.8753067293446E-14  1.8057729128983E-15  5.2789605061619E-15  3.1972611227112E-24
  1.8703449411394E-18  4.7119886420553E-20  4.0018767134242E-14  7.5273347337536E-16
  4.8414320568542E-15  5.8566631241011E-28  1.2936656569968E-17  3.4180543829773E-19
  6.5162654159988E-14  2.4463766940250E-16  3.7541463688152E-15  5.5244299405051E-37
  6.4849691953945E-17  2.5574063734798E-18  4.5960622456006E-14  5.5357550730207E-17
  2.6503794958848E-15  1.9789897083066E-28  2.3694200567037E-16  1.4599444686177E-17
  2.0792592062558E-14  8.5726626716148E-18  1.7390249610150E-15  9.0651704373252E-24
  5.1543272652249E-16  7.1285172289579E-17  9.6167018326173E-15  6.6221206854946E-19
  1.2324616479206E-15  3.3575875779698E-21  6.8964205864389E-16  2.8007352526341E-16
  4.8818410661383E-15  1.9253034029673E-20  8.6448221584044E-16  1.7266676755837E-19
  8.2144995703535E-16  7.4264891923488E-16  3.0175886508300E-15  9.9324005873471E-23
  4.9363648951281E-16  2.9345139833091E-18  8.2385276555037E-16  1.4200177104825E-15
  2.2373478171175E-15  4.6521662469035E-27  2.5215651255216E-16  2.4968012549369E-17
  8.0793481476805E-16  1.6042528620621E-15  1.8444660627204E-15  8.3489511425322E-27
  6.3161314348490E-17  4.4331231765358E-16  9.3028474456086E-16  1.1138491547124E-15
  2.0695821498335E-15  1.8288956018406E-22  3.6109246052448E-17  1.1098800247455E-15
  1.2680157630070E-15  5.4354464893929E-16  2.1854779233756E-15  3.6393770487573E-20
  2.5400954328193E-17  1.0061342844887E-15  1.8172328660818E-15  2.1648429960803E-16
  2.6011672830675E-15  1.1609242099825E-18  2.5017148446328E-17  3.5922227305535E-16
  2.6966857150428E-15  8.4111074167437E-17  3.1485803318592E-15  1.2365321523597E-17
  3.8462052412124E-17  7.8378433720277E-17  4.9766390309970E-20  1.0555981375339E-14
  1.6338989776985E-22  2.7421369183377E-15  2.2461622181000E-18  1.6449344577062E-14
  4.9779383231746E-23  1.0837673678280E-15  4.9759061060019E-17  1.0857346074906E-14
  2.7160378058545E-21  3.4566710122305E-16  4.9740805009600E-16  2.3241377679301E-15
  3.2937624122812E-19  9.0323472408853E-17  2.3974481495725E-15  2.0940137474107E-16
  1.2583679700151E-17  3.7196076575025E-17  8.5119171835918E-16  8.2096361630734E-16
  1.4660578549747E-15  2.1544507276896E-15  1.8040276159121E-23  1.5796573935561E-16
  7.0976834756859E-16  1.0455424405959E-17  8.0075904803569E-16  2.8945968968242E-16
  7.1150820964901E-16  3.2791574849449E-15  4.3602126598081E-21  3.6298112314229E-16
  9.9037429065179E-16  9.8883552783527E-19  6.9128154886684E-16  7.4580054231184E-17
  2.6814817776431E-16  6.0512786360134E-15  2.0765011803558E-19  7.7764205886394E-16
  1.1765320291933E-15  4.3530565770333E-20  3.9607970634075E-16  1.3685231482520E-17
  8.0783268653900E-17  1.3083692319337E-14  3.4523642145738E-18  1.6014280691166E-15
  1.2944310023822E-15  6.3068201850585E-22  1.4034078096122E-16  1.8266321427750E-18
  1.9586565950842E-17  2.8412888004694E-14  2.7703161446139E-17  2.7951856952903E-15
  1.4387934650972E-15  1.6277492751306E-24  3.1650438423298E-17  1.6011060753771E-19
  4.4165699519503E-18  4.6858749396321E-14  1.4122119192247E-16  4.9219529421033E-15
  1.8699527273473E-15  4.6700907679799E-28  5.4684828383975E-18  1.0634807574553E-20
  9.0622629935529E-19  3.9979454466811E-14  5.1739582428521E-16  7.7471810720969E-15
  2.3688334394854E-15  1.5909840454893E-27  6.4747134634930E-19  7.8759781476131E-22
  2.0087990458736E-19  2.2173797426331E-14  1.3451148968971E-15  1.0168312939625E-14
  2.6911609224327E-15  1.6237963394917E-24  1.0111681878523E-15  3.6948217180249E-16
  1.5558508221925E-15  1.6249414131435E-15  6.4536303540595E-21  1.1394293290564E-16
  1.1585926765126E-15  5.3875438465768E-18  9.4284057512678E-16  8.8739038381064E-17
  7.6978422330467E-16  3.0293991706732E-15  1.5724599904324E-19  3.3422868618763E-16
  1.0214430253112E-15  5.3584330433331E-19  6.6748213258191E-16  1.5282757537925E-17
  3.1290780837801E-16  6.4305070779417E-15  2.2020499659953E-18  9.0839722717229E-16
  9.0403583379588E-16  2.9186498775955E-20  3.0224685017786E-16  1.7549848115902E-18
  1.0150253868337E-16  1.3818704890868E-14  1.8782043626272E-17  2.2827842739404E-15
  8.0444642556199E-16  9.7202064364196E-22  8.0501700353867E-17  1.0810188684984E-19
  2.9654347126482E-17  2.3833452821267E-14  1.0391455103604E-16  5.0538793265609E-15
  8.4616979125504E-16  3.6097525872376E-23  1.5897928771228E-17  3.2697792837084E-21
  8.4397162227139E-18  2.3358506735933E-14  4.0140655832833E-16  9.8230740789668E-15
  1.0153655603743E-15  9.7735585336195E-24  1.3669666458635E-15  1.2395392661709E-16
  1.7406929482485E-15  9.4482254634518E-16  3.2403363791408E-19  1.0068637306305E-16
  6.7686190712724E-16  3.9912836170736E-18  1.2212458166566E-15  2.1109269768962E-17
  9.0025529172691E-16  1.9768842872014E-15  2.6881331459691E-18  3.7115008462782E-16
  4.4915637218552E-16  5.3203107455777E-19  6.5586363344294E-16  2.3326216909335E-18
  4.0140243176835E-16  4.3651062125628E-15  1.7976540761686E-17  1.2988713552652E-15
  3.6409814604041E-16  6.3298268375532E-20  2.1740089131508E-16  1.3757944847156E-19
  1.4092256966337E-16  8.6175189088099E-15  8.7340244991980E-17  4.2649153474308E-15
  3.1745641075795E-16  8.8297340942667E-21  1.9340254959166E-15  3.8050124569825E-17
  2.1850547416416E-15  4.4655248483901E-16  5.1136930196866E-18  1.2656001513178E-16
  2.0016854242613E-16  5.5428006886520E-18  1.3201229354450E-15  4.7205699817158E-18
  1.1399738431801E-15  1.0345062042758E-15  2.2305994305133E-17  5.6079209327761E-16
  1.2187219563563E-16  1.2563958535321E-18  2.3019794621706E-23  8.2165833437167E-17
  3.3463914367193E-17  1.2217601618618E-16  0.0000000000000E+00  7.6771951355831E-18
  6.0624392155017E-22  1.0549323136225E-22  5.0599287955761E-16  1.9010067153086E-16
  2.9909353256265E-16  8.3174681410435E-24  9.8932182112122E-21  3.8495585203768E-22
  1.2690730237301E-15  1.3415751060280E-16  3.6716992552818E-16  9.1676700233291E-26
  1.0269457480338E-19  2.3240423985270E-21  2.5918717098197E-15  5.4740111792843E-17
  3.0641173284407E-16  6.2000617421751E-29  7.5717285135180E-19  1.8577219204722E-20
  4.0192483625957E-15  1.7255879863760E-17  2.4297677295582E-16  9.7572722429503E-39
  4.0072121082143E-18  1.4840064898832E-19  2.7896823009336E-15  3.5525953368048E-18
  1.6065094159200E-16  2.4419392459623E-29  1.4930568523481E-17  9.3895180086439E-19
  1.2412561170153E-15  4.9523904491606E-19  1.0768272490678E-16  2.7141355729540E-25
  2.9491955124048E-17  4.9026145795552E-18  5.5396229732108E-16  3.4488583156333E-20
  7.7525639797035E-17  1.4427843293686E-22  3.9913511080390E-17  1.9815196515784E-17
  2.9342848225033E-16  8.9134478768453E-22  5.5529535722917E-17  8.7352137168547E-21
  4.8168614086215E-17  5.2961510207657E-17  1.9010304373232E-16  3.3074273361612E-24
  3.2688043914573E-17  1.6895894024036E-19  4.1095175810320E-17  9.7249582393096E-17
  1.4039443897213E-16 -2.7883878451887E-29  1.6479878435025E-17  1.5778443162566E-18
  4.1931292051336E-17  1.0656948463601E-16  1.2884388488021E-16  3.1735342189125E-29
  3.9357442107971E-18  2.9659511852080E-17  5.4525154861337E-17  7.3739888905365E-17
  1.5885227936550E-16  6.4288859815105E-24  2.3740242573205E-18  8.1149413953574E-17
  7.2146845036699E-17  3.4690696572263E-17  1.7685629633686E-16  1.7006540864971E-21
  1.5142256358740E-18  7.4278454566017E-17  1.1866447647679E-16  1.4391279230663E-17
  2.1719208987631E-16  6.2464546253003E-20  1.4473415721369E-18  2.4318764727135E-17
  1.9508941072524E-16  4.9946172264758E-18  2.5730458880029E-16  6.9269278600675E-19
  2.2348562377138E-18  4.8496965709144E-18  2.4270220042175E-21  7.2838921315914E-16
  6.0262117568818E-24  1.9980764493542E-16  1.2620818891078E-19  1.0479856037236E-15
  1.6834256620505E-24  7.6589389045640E-17  3.2613796301857E-18  7.0277870504672E-16
  1.1424600588967E-22  2.2571018248734E-17  3.6387370581513E-17  1.6974972920381E-16
  1.6305680307781E-20  5.6485928844789E-18  1.8543990195419E-16  1.3586700754450E-17
  7.0185694629148E-19  2.2536262104058E-18  4.6177497636296E-17  5.6857278000359E-17
  1.0804420200818E-16  1.3970916634396E-16  5.4240418699815E-25  1.0012906035528E-17
  4.8933442807607E-17  6.3380152528838E-19  4.7314958060186E-17  2.0253218463555E-17
  5.2971214038509E-17  2.0844506725204E-16  1.8415497714377E-22  2.3469972925864E-17
  6.2069544225397E-17  5.4021820087603E-20  4.0948375213567E-17  5.0708285366673E-18
  1.9547717693228E-17  3.7951745059528E-16  1.0831694691731E-20  5.1517789989822E-17
  7.3456396871517E-17  2.1361714068255E-21  2.5621291234765E-17  8.7499361651489E-19
  5.5525241102256E-18  7.8082762633215E-16  2.0584749255616E-19  9.7820643331515E-17
  7.8283893345271E-17  2.4527227651850E-23  8.8378573329843E-18  9.9774175997503E-20
  1.2722870226602E-18  1.7597135771572E-15  1.7002002233703E-18  1.6818430807574E-16
  9.0009501298647E-17  4.3465170818873E-26  1.8965653377907E-18  8.0807593252196E-21
  2.5959471704220E-19  2.9270227494756E-15  9.3722578333147E-18  2.8876751793171E-16
  1.1915660274525E-16  9.5626805226076E-29  3.0473872289590E-19  4.6310831005321E-22
  5.0822060464933E-20  2.3878531274085E-15  3.4998598961621E-17  4.6076498912558E-16
  1.5152903453634E-16  1.6943781943539E-28  3.4598053433206E-20  3.0119130092910E-23
  1.0468847725127E-20  1.4338666590580E-15  9.8024212759690E-17  6.3998553973807E-16
  1.8479725090991E-16  4.4059181492449E-26  5.7891489813066E-17  2.5455816460958E-17
  1.2124609952746E-16  1.0852541424238E-16  2.6458455670887E-22  7.5541760452450E-18
  8.0711293781013E-17  3.2599952856242E-19  5.6076980190827E-17  5.6103580673017E-18
  5.8936215738679E-17  1.9367503881040E-16  8.0128015890500E-21  2.1610576244228E-17
  6.8761080904659E-17  2.7763005834806E-20  4.3204991640071E-17  9.6160162425920E-19
  2.3138888775389E-17  4.3514136834823E-16  1.2608913724862E-19  6.1078960962879E-17
  5.7215994761936E-17  1.3857992515817E-21  2.0495137497035E-17  1.0201739713182E-19
  7.0731910200428E-18  9.9331162570579E-16  1.1412797816446E-18  1.5071923237977E-16
  5.2647141734032E-17  3.8468729370543E-23  5.2116700566452E-18  5.5647881644426E-21
  1.9333583673866E-18  1.6715608580237E-15  6.8353255071962E-18  3.2364342828933E-16
  5.6702743482027E-17  1.1765618839232E-24  9.6638199497802E-19  1.4157310954518E-22
  5.1594954389177E-19  1.4589631527319E-15  2.6549994954142E-17  6.2527319988821E-16
  6.8179730789011E-17  2.9610763516499E-25  8.6786394403090E-17  7.9051895932340E-18
  1.4061689785691E-16  6.5413289504538E-17  1.6701739860570E-20  6.5914481951113E-18
  4.7534027982278E-17  2.2989593930917E-19  8.2505211421958E-17  1.3071823584212E-18
  6.9733876810998E-17  1.4080386375509E-16  1.5243757784388E-19  2.5141793843846E-17
  2.9833643103960E-17  2.6117885600783E-20  4.4537593234125E-17  1.3298225416531E-19
  2.9884434617293E-17  3.2851302825008E-16  9.5056437210392E-19  9.0056712996787E-17
  2.3641999148684E-17  2.9272371135221E-21  1.4499920829460E-17  6.7056709752267E-21
  9.8099237473780E-18  5.8953207245994E-16  5.3023296999374E-18  2.7088718216472E-16
  2.0764037645955E-17  3.6995876101642E-22  1.2901118420546E-16  2.2204474007588E-18
  1.7317332057797E-16  3.0225499964895E-17  2.8014359938613E-19  7.9636459932726E-18
  1.2192173619097E-17  2.9258901448355E-19  9.7531105561124E-17  2.5782911834040E-19
  8.8192073336869E-17  7.2167652902411E-17  1.3195708878350E-18  3.8602688976928E-17
  7.6158340771725E-18  6.3118650384675E-20  9.5118592367296E-25  5.3119886864668E-18
  1.6183080389404E-18  7.1294044795237E-18  0.0000000000000E+00  4.9018932042281E-19
  2.6946324677137E-23  4.1986273224221E-24  2.8437767855478E-17  1.2463686447038E-17
  1.8348113553492E-17  2.7859763271773E-25  4.7431569668295E-22  1.6855018487599E-23
  7.7115280794448E-17  8.4558355501707E-18  2.2691198833079E-17  2.7998823437855E-27
  5.2142945396259E-21  1.0962758404313E-22  1.4431335976388E-16  3.6538147849486E-18
  1.8409696589010E-17 -2.8807160390843E-30  4.0479737479401E-20  9.5605836697059E-22
  2.1299270410839E-16  1.1250751572052E-18  1.2720195344991E-17 -1.1594149112838E-29
  2.2345943816486E-19  7.9160260222013E-21  1.5949548876399E-16  2.1883955421639E-19
  8.6222026160429E-18  1.1534248607424E-29  8.2101886390051E-19  5.7002683743735E-20
  6.7575332918771E-17  2.8533386700446E-20  5.8448006427813E-18  8.6065567983480E-27
  1.6432033004801E-18  3.0294643350166E-19  3.1054781510898E-17  1.7933212241451E-21
  4.1022171408208E-18  5.8082822121634E-24  2.1432770176651E-18  1.2540643583090E-18
  1.5727942011756E-17  3.9963152324903E-23  3.1148104230711E-18  4.3765800744987E-22
  2.3350578363519E-18  3.4192149668370E-18  1.0258730100320E-17  1.1446077135028E-25
  1.9847645235921E-18  9.5132429548860E-21  1.8653978875479E-18  6.0884985945489E-18
  8.2246779504840E-18 -9.4619766470410E-30  9.6827603455852E-19  8.7870218500447E-20
  1.9071217759411E-18  6.4164025230963E-18  8.2313238305898E-18  5.6460568723923E-30
  2.2500206546466E-19  1.8280843190870E-18  2.9199656588652E-18  4.5323731930300E-18
  1.1048757096392E-17  2.1334930030313E-25  1.3144740708556E-19  4.6847572294243E-18
  3.7606557468630E-18  2.1021242586063E-18  1.3284439797060E-17  7.6835587055130E-23
  8.8971437684730E-20  4.5897076127322E-18  6.4323001661567E-18  8.2904857474106E-19
  1.6834204473348E-17  2.8859143014170E-21  8.0400117186786E-20  1.4529427272377E-18
  1.2851169854773E-17  2.8086664341412E-19  1.9403859784112E-17  3.6370762281634E-20
  1.2281513047735E-19  2.6868261724923E-19  1.1225754653081E-22  4.2800722476653E-17
  2.1213093318679E-25  1.2706917129078E-17  6.6513569706513E-21  5.8206880057643E-17
  5.7868049713470E-26  4.9284026921535E-18  1.8161154157571E-19  4.1911313717619E-17
  4.7283678300547E-24  1.3480218101830E-18  2.4708696866586E-18  1.1054598214279E-17
  7.7514394711246E-22  3.3574449480793E-19  1.3041965836057E-17  7.5248155440092E-19
  3.7315793357412E-20  1.2396524803899E-19  2.2433518025124E-18  3.5844243665051E-18
  7.2271729202542E-18  8.2104986947782E-18  1.6537443921112E-26  6.0005803577759E-19
  3.0410465023063E-18  3.4482658425098E-20  2.4094510292875E-18  1.3043158740509E-18
  3.6218702346556E-18  1.2003137527604E-17  7.3538195354498E-24  1.4490021560196E-18
  3.5814960922826E-18  2.8939650872420E-21  2.1365166321153E-18  3.2010966137510E-19
  1.3216829737369E-18  2.0674333229239E-17  5.0985696264650E-22  2.9469398357304E-18
  3.8559815391675E-18  9.5969107916883E-23  1.4285549295311E-18  5.1548956323895E-20
  3.4076007101974E-19  4.3190894218954E-17  1.0658877291625E-20  5.4405429564420E-18
  4.2637278863268E-18  9.5343565418082E-25  5.0625679197792E-19  5.4883281179556E-21
  7.3275460490150E-20  1.0202225708674E-16  9.7402117112564E-20  9.1565038704862E-18
  5.1316641079323E-18  1.2696645835254E-27  1.0496337504544E-19  3.9969426969407E-22
  1.4681149680531E-20  1.6303414456723E-16  5.9452532167148E-19  1.6493556633100E-17
  6.9708637752246E-18  3.0776217188210E-30  1.6073339130799E-20  2.0600118962069E-23
  2.6552577952223E-21  1.3077999315322E-16  2.2942847923414E-18  2.5612721396658E-17
  8.8855640511622E-18 -6.9123614452751E-30  1.7243931269476E-21  1.1895392896547E-24
  4.8814174356436E-22  8.4661240758393E-17  6.5139412686809E-18  3.7294526136981E-17
  1.1188066343040E-17  1.2987296769631E-27  3.0184417722041E-18  1.4939159158026E-18
  8.4982329117500E-18  6.1332726600879E-18  1.0815881237441E-23  4.0078899032524E-19
  4.7314922265636E-18  1.6473248210500E-20  3.1530362383863E-18  3.3183142476949E-19
  4.2209556526003E-18  1.1200816692912E-17  3.7160283864746E-22  1.2009530150868E-18
  3.7718407333658E-18  1.2674521730397E-21  2.4536385779429E-18  5.0163045640857E-20
  1.5903424045913E-18  2.3899505356523E-17  6.4910628041636E-21  3.3456018361173E-18
  3.0892027026846E-18  5.6601822827288E-23  1.2712064519949E-18  5.0603386588382E-21
  4.4098733612517E-19  5.6327581863901E-17  6.5403979250942E-20  8.0613499126646E-18
  3.0802651660369E-18  1.4224738880697E-24  3.0695151612290E-19  2.7215228815359E-22
  1.1584060810594E-19  9.4609810295219E-17  3.7929856104970E-19  1.7880586561823E-17
  3.4452813118970E-18  3.9718689294966E-26  5.4194580602601E-20  6.0274155367384E-24
  2.9441097075731E-20  8.0958105578174E-17  1.6391812288521E-18  3.6202495427863E-17
  3.8623288498869E-18  9.1768800968925E-27  4.8158769775739E-18  4.4142395548858E-19
  1.0505184997307E-17  3.8750182932260E-18  8.1098002846983E-22  3.7921102763191E-19
  2.9612816169412E-18  1.1721450403505E-20  4.7876985444458E-18  6.8721067493330E-20
  4.9279430081776E-18  8.8752673152010E-18  7.3254699588194E-21  1.5521430465995E-18
  1.7990378798980E-18  1.2782638078155E-21  2.7586613676209E-18  6.6147270410678E-21
  1.8479235645392E-18  2.1997219996684E-17  5.3351185804888E-20  5.6107209587235E-18
  1.3076429470791E-18  1.3377217626762E-22  8.8225455182652E-19  3.0747611225509E-22
  6.2556486616805E-19  3.8270678006017E-17  3.2001155597797E-19  1.5887200448938E-17
  1.2752016869407E-18  1.4992534877160E-23  8.0654051082238E-18  1.2463179144639E-19
  1.3085133213545E-17  1.7468230476528E-18  1.4049127201090E-20  4.4688762276511E-19
  7.0294608259139E-19  1.5219059349862E-20  6.6325130075773E-18  1.2788395587732E-20
  6.3335155323916E-18  4.4946969505305E-18  7.0555948955075E-20  2.2778340686671E-18
  4.4748942123450E-19  3.1408985522399E-21  3.8607132780950E-26  3.1307962543137E-19
  7.1184976525106E-20  3.9510052747682E-19  0.0000000000000E+00  2.7449541789831E-20
  1.1575951813617E-24  1.7171544276927E-25  1.6290908256297E-18  7.6342765924610E-19
  1.0741125299017E-18  1.0475959438143E-26  2.1599267402365E-23  6.8135952243228E-25
  4.0908817040236E-18  5.2112571769011E-19  1.2299566912912E-18  9.2283681623996E-29
  2.4763918753534E-22  5.0045505448100E-24  7.7488796709057E-18  2.2660166399838E-19
  9.8104866566534E-19  5.9988231031189E-31  2.0017226724406E-21  4.5404999363151E-23
  1.1286268529764E-17  6.8672883846028E-20  6.8358032130823E-19  9.0397805402002E-42
  1.0847880427506E-20  4.1942704415771E-22  8.4456346239529E-18  1.2682006859159E-20
  4.5173975429464E-19  6.6528206638698E-31  4.2249263068128E-20  3.2442919361919E-21
  3.5256400197062E-18  1.3498041918788E-21  2.8715762219392E-19  2.8892152363673E-28
  8.3364902320364E-20  1.6686552359151E-20  1.6199588543705E-18  8.1729546230862E-23
  2.0594018198215E-19  2.4175150862064E-25  1.0599512035265E-19  7.0628334005829E-20
  7.5571720981018E-19  1.6253577263539E-24  1.5722051744359E-19  2.0860574053466E-23
  1.0048144147079E-19  2.0450137457502E-19  5.1320551423213E-19  3.6349502441646E-27
  1.0419725725986E-19  4.6041790619745E-22  8.4812144502376E-20  3.5097023799518E-19
  4.4566281527970E-19 -6.4047399673086E-31  5.7687267317475E-20  5.0282044081341E-21
  8.6906114503106E-20  3.5607207173930E-19  4.8215176430805E-19  3.8608251908732E-31
  1.2907020983718E-20  1.0187780797710E-19  1.2259048169720E-19  2.3169266966596E-19
  6.2676553292259E-19  6.8709039374615E-27  6.6772724966881E-21  2.2734808550549E-19
  1.9348923143000E-19  1.1552523642332E-19  9.1757501621340E-19  3.3315729325547E-24
  4.1427846321001E-21  2.3878806685537E-19  3.1952559025765E-19  4.3230590113304E-20
  1.2249359124102E-18  1.3465937779190E-22  4.1777799756341E-21  7.1074745067281E-20
  7.8149745505916E-19  1.4147007901061E-20  1.3694995453986E-18  1.7586679392619E-21
  6.1865541813145E-21  1.3349146620531E-20  4.9838257022828E-24  2.4147902554047E-18
  7.9188868040541E-27  7.6238750138962E-19  3.3050555155874E-22  2.9647253787485E-18
  2.0812506396143E-27  2.7963555338612E-19  1.0016726394645E-20  2.0243152976742E-18
  1.7212036173463E-25  7.1777324599402E-20  1.5781075958849E-19  6.3527483071271E-19
  3.5589621287454E-23  1.7720505880141E-20  8.7149516729868E-19  3.8982659701753E-20
  1.7809990884320E-21  6.0192242373378E-21  1.0650778101025E-19  2.0855159084182E-19
  4.4440766615484E-19  4.3016880406523E-19  5.2634961370423E-28  3.4990199277553E-20
  1.8098324595483E-19  1.9033211928312E-21  1.1553225639598E-19  7.8287488284081E-20
  2.1795867846147E-19  5.8428946700996E-19  2.9911978916580E-25  7.9603256446168E-20
  1.9542063956768E-19  1.5018310540919E-22  1.0840321703538E-19  1.9010318730774E-20
  7.9252874926803E-20  1.0438794396967E-18  2.4184828520547E-23  1.6165856398472E-19
  1.8933556553733E-19  4.3728900059106E-24  7.5345853593498E-20  2.7414563255915E-21
  1.9460328827226E-20  2.2673717358602E-18  5.1826532942950E-22  2.5866862446961E-19
  2.0855573273455E-19  3.5494184760230E-26  2.5319160578834E-20  2.8774883574229E-22
  4.1607037669664E-21  5.4332378187056E-18  5.4570908768714E-21  4.7293609000673E-19
  2.6951667633941E-19  3.9495959925031E-29  5.3305598712161E-21  1.8567854323308E-23
  7.8665053974387E-22  8.2963998759578E-18  3.5364578356698E-20  8.2927272303510E-19
  3.5109229846237E-19 -4.3150978823005E-32  7.8881012396080E-22  8.9902241337435E-25
  1.3292962932435E-22  6.9210756961902E-18  1.3997342644995E-19  1.3725042248135E-18
  4.8937733498146E-19 -1.3939943374416E-31  8.1149570116379E-23  4.7016455892874E-26
  2.2753148906201E-23  4.3892917310557E-18  3.8412788186699E-19  2.0408354663298E-18
  6.5048881850723E-19  4.0861553562980E-29  1.4738889594262E-19  8.1512683689261E-20
  5.2838492630948E-19  3.2155855375797E-19  4.2506101069608E-25  2.1473956424685E-20
  2.3047587530999E-19  7.5338813440794E-22  1.5859203902925E-19  1.8967926333858E-20
  2.8052685931023E-19  5.5199134092642E-19  1.7048932858551E-23  6.7137847334686E-20
  1.9491221459415E-19  5.6651726410158E-23  1.3317098661508E-19  2.5856937347102E-21
  1.0289504361446E-19  1.2526364532583E-18  3.0198094082906E-22  1.7384392598027E-19
  1.5005382384146E-19  2.2572688122582E-24  6.5325693762533E-20  2.3713409256647E-22
  2.6758702544891E-20  3.1464497569961E-18  3.1041705857409E-21  4.1184085247111E-19
  1.5274151819051E-19  5.2520591943455E-26  1.6828181705100E-20  1.2933450431401E-23
  6.3585606658681E-21  5.0308087850441E-18  2.1020212384942E-20  9.3393917948244E-19
  1.8523471781010E-19  1.3231848112394E-27  2.7596959277357E-21  2.3785018036221E-25
  1.4342843469623E-21  3.9954215672723E-18  9.1639958440477E-20  1.8721453545394E-18
  2.0882029396780E-19  3.0024150444708E-28  2.3234100984970E-19  2.4510342644060E-20
  7.3492617202240E-19  2.0693696436250E-19  3.2616355361588E-23  1.9897093286408E-20
  1.5479367749921E-19  5.5774798991387E-22  2.4406020984149E-19  3.6464686533826E-21
  3.3214592130474E-19  4.8122668660859E-19  3.4626153966702E-22  8.3559659752488E-20
  9.3286179327513E-20  5.9379737178122E-23  1.6587996591684E-19  3.2958615260588E-22
  1.1397795618549E-19  1.1979609275558E-18  2.7031132233097E-21  3.0455057440932E-19
  6.9121595994988E-20  5.6706784811555E-24  4.9717385385101E-20  1.4123312383699E-23
  3.7985942664292E-20  2.0093506242020E-18  1.7058814038586E-20  8.4208396226707E-19
  7.2410478247712E-20  6.2022407981183E-25  4.6664266518400E-19  6.2987562694845E-21
  9.2872456777642E-19  9.4432749560598E-20  6.6580821114589E-22  2.3903871583235E-20
  3.5596576204564E-20  7.3863722391284E-22  4.0444155625797E-19  6.2356200707747E-22
  4.1577780000875E-19  2.3547415796771E-19  3.4711710006726E-21  1.2577977397269E-19
  2.2951043138856E-20  1.4703158311546E-22  1.5550844521192E-27  1.7137627230663E-20
  2.8842554884572E-21  2.0555656681793E-20  0.0000000000000E+00  1.5536339399319E-21
  4.8638704523967E-26  6.9622364865858E-27  8.6933402947276E-20  3.9542869440187E-20
  5.8470122859572E-20  3.9957244136726E-28  9.4632637329648E-25  2.8521452391066E-26
  2.1289223922899E-19  2.9960808977576E-20  6.2678685481924E-20  3.1209266775188E-30
  1.1135340952167E-23  2.2379469087954E-25  3.9359767781877E-19  1.3230071700347E-20
  4.8413662034719E-20  3.8517815335144E-34  9.1757671398783E-23  2.1649652429131E-24
  5.5299375528752E-19  3.9791110335553E-21  3.4592775087761E-20  3.5558402582108E-43
  4.7017014982549E-22  2.1426433077692E-23  3.6751428719470E-19  7.0124895013111E-22
  2.1500835528198E-20 -2.1189764017623E-32  1.8509311659588E-21  1.6622257560584E-22
  1.7461891493058E-19  6.7850057771857E-23  1.3869156604275E-20  9.7273357301363E-30
  3.9263530005124E-21  9.4417649182513E-22  8.0151232424216E-20  3.8970568964815E-24
  1.0020008297334E-20  1.0077048652392E-26  4.4052089134248E-21  4.1089058270296E-21
  3.6698722542146E-20  7.0042165167748E-26  7.9880200211682E-21  9.8393302037639E-25
  4.4625283152726E-21  1.0915427622675E-20  2.5316868390303E-20  1.3168399034679E-28
  5.5980943144520E-21  2.3494962607489E-23  3.5719876910023E-21  1.8918130317282E-20
  2.1428018731366E-20 -5.2760189938131E-32  3.2623540186622E-21  2.3258803844617E-22
  3.6841863745921E-21  1.7997016788617E-20  2.5241188240710E-20  2.6890151232168E-32
  6.8881864203592E-22  5.7903878239149E-21  5.5521669307745E-21  1.2059724170561E-20
  3.6467129087579E-20  2.5048762194417E-28  3.1952018245673E-22  1.1686460130402E-20
  9.3991151518519E-21  5.7074194412561E-21  5.9244494066128E-20  1.3022250301389E-25
  2.1126991272743E-22  1.2139524686546E-20  1.6314608999709E-20  2.1771448283284E-21
  8.4642927695244E-20  5.7470130441926E-24  2.0437289252185E-22  3.2461817757471E-21
  4.4574473588302E-20  6.4924432871588E-22  9.0888225464659E-20  7.9074596630978E-23
  2.8803985694523E-22  5.9898539196698E-22  2.1505165320456E-25  1.2764262464831E-19
  3.0126713055449E-28  4.2548962358228E-20  1.5675589741887E-23  1.4966455823273E-19
  7.7502921813143E-29  1.4820883571867E-20  5.3389032085126E-22  1.0098149739302E-19
  6.9415280440607E-27  3.8647554580028E-21  9.4077525759020E-21  2.9435110665907E-20
  1.5765280438645E-24  9.0484649983185E-22  5.2538472864977E-20  1.8213258080466E-21
  8.1663117702783E-23  2.7677857673095E-22  4.7191481612675E-21  1.1378173790461E-20
  2.2500812709095E-20  2.0659574658552E-20  1.8232246241721E-29  1.7365997332802E-21
  8.7336849915952E-21  9.3207013805666E-23  5.0437442434414E-21  3.8063773170531E-21
  1.2961789238787E-20  2.5704037103441E-20  1.2154277116901E-26  3.7319460711054E-21
  9.3521539504308E-21  5.9812666606302E-24  5.1295658915479E-21  9.1899573770528E-22
  4.5543999832199E-21  4.7664532627504E-20  1.0205358028976E-24  7.3355616036056E-21
  9.0977351349741E-21  1.7209905421512E-25  3.5836810012580E-21  1.2859557522036E-22
  1.1144153322274E-21  1.0434141657454E-19  2.5944034653899E-23  1.1807403728563E-20
  9.3836580148965E-21  1.2312545648797E-27  1.2000163906369E-21  1.4419346710281E-23
  2.1262546204294E-22  2.5940848069512E-19  2.8152702667406E-22  2.3249403954759E-20
  1.3281510469762E-20  1.1705991546123E-30  2.4320375657632E-22  8.5857710306671E-25
  4.0491431372929E-23  4.1364154767233E-19  1.9981667406966E-21  3.9384664044794E-20
  1.7768513962265E-20 -5.9075373303164E-32  3.6467300947884E-23  3.8909402936483E-26
  6.0916758403850E-24  3.4718696546422E-19  8.0548638519959E-21  6.9641468050899E-20
  2.5667677193084E-20  6.6471827664106E-32  3.6622527802926E-24  1.8746896621422E-27
  1.0261233131667E-24  2.2010781886383E-19  2.1913074250919E-20  1.0535121631048E-19
  3.3647538257674E-20  1.3815788405816E-30  6.9368219207476E-21  4.3937828276772E-21
  3.0351160574510E-20  1.5311373564279E-20  1.7166852887363E-26  1.0777174678525E-21
  1.1617880937880E-20  3.7350625618375E-23  7.7078401882008E-21  9.6986599329078E-22
  1.5570563160508E-20  2.6246685150336E-20  7.6106626986103E-25  3.3217859175954E-21
  8.2601374277788E-21  2.6097280647208E-24  6.6118111254519E-21  1.3321468265269E-22
  5.7124754436469E-21  6.2436550924017E-20  1.3975115998256E-23  8.3461207591055E-21
  7.1783614579910E-21  9.5669877418941E-26  3.3943273807517E-21  1.1574786123269E-23
  1.4596111732599E-21  1.5424654761216E-19  1.5291976427629E-22  2.0370073839714E-20
  7.3737334223748E-21  1.9039810062692E-27  8.5907810872647E-22  5.0619308892147E-25
  3.4475218798935E-22  2.3776506383002E-19  1.1020113870870E-21  4.1282241121330E-20
  8.7918989243637E-21  4.4466570794326E-29  1.3597555718119E-22  9.9618995041444E-27
  6.8494937775207E-23  1.9878730176466E-19  5.1644643606413E-21  8.4225003501697E-20
  1.1092891366159E-20  1.0672674619485E-29  1.1591371261416E-20  1.2803437024517E-21
  4.8647339090197E-20  1.0003009640729E-20  1.4283055475872E-24  9.8232799331109E-22
  7.1227905189849E-21  2.5098582816664E-23  1.2772258233066E-20  1.7683965069466E-22
  2.1352037019316E-20  2.3137442989987E-20  1.5403027611499E-23  4.1208445314926E-21
  4.2984455768067E-21  2.5087467344112E-24  8.9009181538499E-21  1.5075950647431E-23
  6.9412390775381E-21  5.8093191568606E-20  1.3470127978724E-22  1.4100515016303E-20
  3.4886007501220E-21  2.3774240047684E-25  2.7833298482740E-21  6.3130587512306E-25
  2.2026564095033E-21  1.0386180264588E-19  8.2715769972023E-22  4.2244100957714E-20
  3.5573917192447E-21  2.5391047630741E-26  2.4070492687064E-20  2.9202200791426E-22
  6.2683711618599E-20  4.5049209880577E-21  3.0384446764274E-23  1.1781737313907E-21
  1.6392074820933E-21  3.3381075822660E-23  2.4050810972517E-20  2.8819540273293E-23
  2.6625036051933E-20  1.1443202913017E-20  1.6684919766343E-22  6.2597300390891E-21
  1.1263129008046E-21  6.4596342168379E-24  6.2826497858233E-29  8.8895941708567E-22
  1.0917021959663E-22  1.0220696087415E-21  0.0000000000000E+00  8.4966725765398E-23
  2.0239315525014E-27  2.8289488703560E-28  4.0000590680187E-21  2.0797292343414E-21
  2.8879265061627E-21  1.5504236716784E-29  4.0438915638283E-26  1.1917348795525E-27
  9.3540068540194E-21  1.6318171727707E-21  3.1565452787928E-21  1.0127547337793E-31
  4.8028449223713E-25  9.9282470904942E-27  1.9296886910459E-20  7.3771372651056E-22
  2.3856913628759E-21  4.9114061918525E-33  3.9523251709007E-24  1.0154954022657E-25
  2.6812121131040E-20  2.2212143966722E-22  1.6794919667306E-21  1.5106100246644E-44
  1.9615245840620E-23  1.0000057761791E-24  1.7528769908268E-20  3.7556735466743E-23
  9.6203653421495E-22  1.9411071997619E-33  7.8341453752382E-23  8.7616118998618E-24
  8.4389204154959E-21  3.3799651352477E-24  6.5303301516793E-22  3.5765281339033E-31
  1.7296020137270E-22  5.1743609490868E-23  3.3294163586641E-21  1.8264122391752E-25
  4.4157366421625E-22  4.2474881641028E-28  1.6693757709402E-22  2.2958581853305E-22
  1.7138443001853E-21  2.6349394189798E-27  3.0638536272084E-22  4.0879781723766E-26
  1.8806228172430E-22  5.4877237453467E-22  1.1983324012281E-21  4.9507940244593E-30
  2.6772387818800E-22  1.1733603279721E-24  1.4143316113815E-22  9.0947184769131E-22
  9.8041125265776E-22 -2.9274875802699E-33  1.7671442224776E-22  1.2193066631937E-23
  1.4639758872357E-22  8.9218577706097E-22  1.3058417852599E-21  1.9340005684622E-33
  3.5000412886548E-23  3.1415231208835E-22  2.3919937972030E-22  5.4274700509919E-22
  1.7588607530322E-21  8.6030824002222E-30  1.5588453104841E-23  5.5578600005844E-22
  4.3742808442649E-22  2.7894945337022E-22  3.6156780476585E-21  5.4301074841214E-27
  1.0404672388340E-23  5.5500785728497E-22  7.9794110764271E-22  1.0180975207807E-22
  5.6290047257354E-21  2.4584469349476E-25  8.4320580420735E-24  1.1759456159887E-22
  2.4254519895549E-21  2.7972673530946E-23  5.7574329529484E-21  3.3428985141320E-24
  1.2525385342995E-23  2.2709052350429E-23  9.1385644936997E-27  5.6690199860868E-21
  1.0977396332443E-29  2.1499730494047E-21  7.2017297638194E-25  6.6914205509415E-21
  2.8102244717410E-30  7.7312016890817E-22  2.7477675298219E-23  4.6497329368962E-21
  2.8280821233223E-28  1.8255303378663E-22  5.5210367934943E-22  1.2469771713140E-21
  6.5598553796782E-26  4.4353845887354E-23  3.1002331763718E-21  7.7797946556993E-23
  3.3757941656098E-24  1.1230434620571E-23  1.9821815831662E-22  4.9463703477402E-22
  1.2048725121950E-21  8.9137103913762E-22  6.3063895800989E-31  8.4017417484354E-23
  4.1801700724859E-22  4.1810101822315E-24  2.1703465052085E-22  2.0256853116089E-22
  7.3672200621202E-22  1.1962772317139E-21  4.9789422571748E-28  1.6675505954635E-22
  4.1945150693401E-22  2.6732093409748E-25  2.1059165425024E-22  4.3615075148811E-23
  2.6235124779443E-22  2.2245178213466E-21  4.6055560719597E-26  3.1619576272742E-22
  4.1665822304127E-22  7.5503873733293E-27  1.5002908601804E-22  6.2244512232764E-24
  6.1889232178845E-23  4.9068832009203E-21  1.1880209229370E-24  5.4689225759298E-22
  4.2657943051880E-22  4.8712544083944E-29  5.2181838354220E-23  6.1732245528896E-25
  1.0735229751586E-23  1.2419005294995E-20  1.3805987666549E-23  9.7688399306177E-22
  5.7504594011377E-22  4.3139491739911E-32  1.0618255991241E-23  3.9899140905152E-26
  1.8447936075670E-24  1.9878376433660E-20  9.8739866070634E-23  1.8783541944736E-21
  8.5873915648960E-22 -4.3609012341075E-33  1.6081764724185E-24  1.6886313034310E-27
  2.6657804206559E-25  1.6587719094919E-20  4.2196926884348E-22  3.0481189110888E-21
  1.1755492034033E-21  1.0493844321327E-33  1.5996096652011E-25  7.6037495356951E-29
  4.5396277296881E-26  1.0131791799111E-20  1.1870395535154E-21  4.9205860346388E-21
  1.7230315153178E-21  4.7675460463150E-32  2.9434114052130E-22  1.9055936563389E-22
  1.7427459410924E-21  7.2440195359592E-22  6.6593319171181E-28  5.4461064076684E-23
  5.4255542955698E-22  1.8001911732161E-24  3.5779770614918E-22  4.6972752461523E-23
  9.2773057113281E-22  1.1467244157572E-21  3.0244366611069E-26  1.5401235938968E-22
  3.4502859386752E-22  1.1092207397206E-25  3.1480283616134E-22  6.1035647773511E-24
  3.1463183503066E-22  2.9277235132829E-21  6.5185470532941E-25  3.7170880847647E-22
  3.0272884352446E-22  3.8767094477500E-27  1.6408155542824E-22  5.0770451648589E-25
  7.7823778020573E-23  7.0082325560069E-21  7.5775765178138E-24  8.7665121191227E-22
  3.2431674098951E-22  7.0326903485693E-29  3.9377870206493E-23  2.2797268546285E-26
  1.6984900484308E-23  1.1288103715378E-20  5.7445931236805E-23  1.9435282588575E-21
  4.2875501897585E-22  1.6612347892944E-30  6.3946887355001E-24  3.7910173759648E-28
  3.3419256352952E-24  9.5272287906048E-21  2.6244942677045E-22  3.7359508197562E-21
  5.7040407795554E-22  3.7420333359891E-31  5.1245247496865E-22  6.3695893132664E-23
  2.8855554502061E-21  4.7149322389336E-22  5.8002454807575E-26  4.5995636627120E-23
  3.1036618286006E-22  1.1464293832697E-24  6.0263773779333E-22  8.0371274495307E-24
  1.2359089341613E-21  1.0275098472119E-21  6.3243309244140E-25  1.8950431546464E-22
  1.9098453859786E-22  1.0847591180465E-25  4.7496787372381E-22  6.9678270119802E-25
  3.8192011313746E-22  2.7309425694471E-21  5.9763979731156E-24  6.2661883064911E-22
  1.5513317645652E-22  9.1198797153736E-27  1.4603127723111E-22  2.7835273780634E-26
  1.1565998864882E-22  4.9704887580866E-21  4.1657102155146E-23  1.7668166342207E-21
  1.6549476052778E-22  1.0392942332923E-27  1.2469334808027E-21  1.3251265194023E-23
  4.0730178613595E-21  1.8725192184093E-22  1.3255927892210E-24  5.0907919145319E-23
  6.1391232230411E-23  1.3776320951864E-24  1.2973877661512E-21  1.2795058589406E-24
  1.6447948647592E-21  4.7232618047078E-22  7.6213890870502E-24  2.8404733685784E-22
  5.0001951365550E-23  2.7802866495279E-25  2.5750613792307E-30  3.8065599520984E-23
  3.9200408804057E-24  4.5801402907728E-23  0.0000000000000E+00  4.3338292640348E-24
  8.4516455575808E-29  1.1653462428580E-29  1.9487393168371E-22  1.0540806992100E-22
  1.3484055618822E-22  6.1846654220361E-31  1.7099472870918E-27  5.0318771385965E-29
  4.4928965271010E-22  8.5640914301382E-23  1.5446585848792E-22  3.6559928652031E-33
  2.0149266031850E-26  4.4281334639948E-28  9.3037130799187E-22  3.9990945153109E-23
  1.1463921844461E-22  2.4260284134213E-34  1.6214240094218E-25  4.4334853949116E-27
  1.2176291871154E-21  1.2131470488315E-23  7.9643921829967E-23  5.7328151996327E-34
  7.6513277462130E-25  4.8139004765539E-26  8.2326095728107E-22  1.7971856505139E-24
  4.0170582841474E-23  2.7864423650125E-34  3.1056216327767E-24  4.4248841043999E-25
  3.9842250725312E-22  1.6640606358906E-25  2.9553939091422E-23  1.2676954823851E-32
  7.2952565651648E-24  2.7928063939645E-24  1.5053559029214E-22  8.5361830853246E-27
  1.9857900319445E-23  1.6138336180173E-29  7.0272928377607E-24  1.1582487500859E-23
  7.8300220321296E-23  1.1293739766998E-28  1.3968818889179E-23  1.6663823256582E-27
  6.9051923564812E-24  2.8349106024733E-23  5.5361155200111E-23  1.7546129864642E-31
  1.2876224563392E-23  5.8221080644030E-26  4.6296038130917E-24  4.5016613987405E-23
  4.2602406804562E-23 -2.5252557570339E-35  9.3133969735976E-24  6.2791049954522E-25
  4.8159147279031E-24  3.7189915284345E-23  5.6846698189994E-23  7.9008803631842E-36
  1.8219471658483E-24  1.6518402410144E-23  9.9709447016250E-24  2.0041943343120E-23
  9.1329948835459E-23  2.9861973738616E-31  7.3643980031156E-25  2.5491892096353E-23
  1.6100611707741E-23  1.2237605704491E-23  1.8328723887273E-22  1.7501001334746E-28
  4.7471204710406E-25  2.3543382064179E-23  3.8107479840243E-23  4.2576397913144E-24
  3.6304375027313E-22  1.0310485757848E-26  3.7334480748610E-25  4.4121144779594E-24
  1.0599134123884E-22  1.1324534432745E-24  3.5250597975256E-22  1.3465749993172E-25
  5.1561534592478E-25  8.6370570975773E-25  3.8780817974164E-28  2.7512551061960E-22
  4.3850589085713E-31  1.0898369709093E-22  3.2534134281517E-26  3.1708604872671E-22
  1.1252079639119E-31  3.8994145898319E-23  1.3771298618834E-24  1.9692866368327E-22
  1.1745786167720E-29  8.9861267268211E-24  2.9532912845836E-23  5.2294421467218E-23
  2.8054102518638E-27  1.9487285213528E-24  1.7698771422669E-22  3.1063099670915E-24
  1.3934646591227E-25  4.4940161802795E-25  7.7709246057474E-24  2.4363490553046E-23
  6.0741415886086E-23  4.1219796348009E-23  2.2995325483878E-32  4.1783891063148E-24
  1.9672520781938E-23  1.9462826799628E-25  8.6826414527380E-24  9.4983329667850E-24
  4.0590044158666E-23  5.4244685524653E-23  2.0789712165755E-29  7.4762717443312E-24
  1.7244762171293E-23  1.2512725131905E-26  8.5117324226876E-24  2.2622928355779E-24
  1.4821833931858E-23  1.0144351596731E-22  1.9667254725397E-27  1.3611029957679E-23
  1.6574616452490E-23  3.1291255198721E-28  6.3058206571983E-24  3.1277932509406E-25
  3.3773881774856E-24  2.2598328339552E-22  5.1374176468601E-26  2.4613316196792E-23
  1.7969026504660E-23  1.9841866361366E-30  2.0367900286756E-24  2.8037616381597E-26
  5.5163521557444E-25  5.0587274289799E-22  6.9867561283311E-25  3.8723003958272E-23
  2.3315413259119E-23  1.6367002154916E-33  4.0713532686668E-25  1.6192334870431E-27
  9.0534432857317E-26  9.3878445101699E-22  5.2070437372395E-24  8.3527004767452E-23
  4.0359951113990E-23 -1.0524746960704E-34  6.7433353577436E-26  7.4428002633099E-29
  1.2308647734903E-26  7.8974995582708E-22  2.2449176236458E-23  1.3750360253439E-22
  5.6499289084697E-23 -1.8787752271399E-34  6.8765704561278E-27  3.1652538114755E-30
  1.9990605367380E-27  4.8521722759581E-22  5.8715699855231E-23  2.3761525627434E-22
  8.5404424841142E-23  1.8955945326561E-33  1.2790265329821E-23  9.2531110914965E-24
  9.6168800605386E-23  3.1035399416878E-23  2.6000741930088E-29  2.4750045510071E-24
  2.1663863138638E-23  8.0487821309512E-26  1.5076566522414E-23  2.3594926946838E-24
  5.3836060732333E-23  5.0808713958754E-23  1.3142991326344E-27  7.2561697764047E-24
  1.4573335188653E-23  4.9465716109085E-27  1.3552237324391E-23  2.9761855659147E-25
  1.7096489121942E-23  1.1827888079726E-22  2.8451571679701E-26  1.6806444966704E-23
  1.2643765334692E-23  1.6380467359925E-28  6.9661277326698E-24  2.3789393440500E-26
  4.2330031303282E-24  3.1608280347028E-22  3.6964036496498E-25  3.7067686617100E-23
  1.4154594145601E-23  2.8093019820474E-30  1.6396586004683E-24  8.4775401972122E-28
  8.7214272001497E-25  4.9768247553870E-22  2.9300196184038E-24  7.3569505953186E-23
  1.7794996650456E-23  6.4348053410899E-32  2.7733401820713E-25  1.4859976272840E-29
  1.6011291409655E-25  4.1209788757101E-22  1.3473933976111E-23  1.4416169407003E-22
  2.4691666920128E-23  1.3340047902221E-32  2.2473321783086E-23  2.8538441765339E-24
  1.7149319909243E-22  2.0905279668214E-23  2.4462625996584E-27  2.0989269989511E-24
  1.1427482132692E-23  5.1465320625987E-26  2.8985611889328E-23  3.5069331600445E-25
  7.4178918626376E-23  4.1297789947584E-23  2.7649005251345E-26  8.6520369110431E-24
  7.9773855223708E-24  4.6459331399800E-27  2.4404211051757E-23  3.1805037961465E-26
  2.1839591252450E-23  1.1978889512394E-22  2.7889298246353E-25  2.6261280468372E-23
  6.9051193437538E-24  3.5535612814684E-28  7.0847623145205E-24  1.1701843748716E-27
  5.8938147892009E-24  2.0665925599677E-22  1.9354618627929E-24  7.8877312298599E-23
  7.4329573684636E-24  4.3058670788068E-29  5.8919075007932E-23  5.7456508507816E-25
  2.4075927362518E-22  7.6344562354478E-24  5.0775201854890E-26  2.1804044795805E-24
  2.3574041444238E-24  5.8001391363645E-26  6.6155042229995E-23  5.2760677637180E-26
  1.0132715112400E-22  1.9108161654343E-23  3.1188072881260E-25  1.2021100806765E-23
  2.1304943161399E-24  1.1326078355129E-26  1.0840053597285E-31  1.8510906161211E-24
  1.3577202443518E-25  1.8774169249238E-24  0.0000000000000E+00  2.0588308703542E-25
  3.5916773794960E-30  4.9275831263640E-31  9.4091418203261E-24  5.2538790159973E-24
  6.1144130570701E-24  2.5607263144047E-32  7.2641259092062E-29  2.1751433588981E-30
  2.1503011708007E-23  4.4109242975793E-24  6.5767336549494E-24  1.3448724307628E-34
  8.3463689487709E-28  1.7683656675823E-29  4.4909652474828E-23  2.1330082884079E-24
  4.7273606987355E-24  6.6970303448917E-36  6.0314606451027E-27  2.0866756695018E-28
  5.7985301666097E-23  6.1666793807574E-25  3.5486422246558E-24 -3.9304181609442E-35
  2.7542861459030E-26  2.3787543069878E-27  3.8753669907729E-23  9.3629523235686E-26
  1.8042221256556E-24 -6.2682948950219E-36  1.1857032159239E-25  2.3047578267835E-26
  1.6709009934554E-23  8.6200211537118E-27  1.2489895544576E-24  4.2840749990810E-34
  2.6387618064397E-25  1.5048281262450E-25  6.9169824057318E-24  4.0390153812585E-28
  8.8548119347679E-25  7.0731700759431E-31  2.8649347211096E-25  6.0710373934012E-25
  3.5599724612745E-24  4.3970754049887E-30  6.2060143582343E-25  7.7144300641485E-29
  2.4380769496408E-25  1.4443956499070E-24  2.3347445313850E-24  7.1160555163211E-33
  5.9124333806253E-25  2.3281418432908E-27  1.6729087880090E-25  2.0291508657951E-24
  1.7953583350972E-24 -2.4643710656593E-35  4.6403400572942E-25  3.2433870585447E-26
  1.7480070969195E-25  1.4938294413547E-24  2.5550249344630E-24  1.0583874155688E-35
  8.6635431869364E-26  8.5562250607989E-25  3.7950548396844E-25  8.3614267752098E-25
  4.3978950742040E-24  1.1859999914481E-32  3.4322501500157E-26  1.1680282382251E-24
  7.0761910085564E-25  5.1540459377123E-25  1.0255637134141E-23  7.2371944410733E-30
  2.1512210791290E-26  9.5871378891249E-25  1.8100273156009E-24  1.6698510151043E-25
  1.9797940812931E-23  4.3041082717143E-28  1.6161280633863E-26  1.6006797762651E-25
  5.4189175993769E-24  4.3964167905127E-26  2.1148424496099E-23  5.2487771829869E-27
  2.0434394295190E-26  3.0059427808588E-26  1.6677373452856E-29  1.3292531356778E-23
  1.8251962389067E-32  5.1275464300603E-24  1.3926119356530E-27  1.5018077687190E-23
  4.4125047169755E-33  1.9368266509482E-24  6.8335130461985E-26  8.9438845538455E-24
  5.0331073298188E-31  4.3575071628953E-25  1.5521659077187E-24  2.1545251289098E-24
  1.2070330372053E-28  8.9414487879847E-26  9.9288241419308E-24  1.1913933662316E-25
  5.5914930744965E-27  1.7273768465051E-26  2.8470062295405E-25  1.0909873349008E-24
  2.8674086585236E-24  1.6580133048887E-24  8.4260295487499E-34  1.9478183194248E-25
  8.9433546053737E-25  9.1043813321717E-27  3.4658491043419E-25  4.8092186693636E-25
  2.2043216659842E-24  2.4404284835571E-24  8.9512147959506E-31  3.2914508735379E-25
  7.6796523986536E-25  5.9182459119178E-28  3.4549230521812E-25  1.1063058960615E-25
  8.3124554833919E-25  4.6040577888642E-24  8.9596715966776E-29  5.3774871186168E-25
  7.2217800285753E-25  1.3408722540856E-29  2.5754753381855E-25  1.5537165431110E-26
  1.8410090356070E-25  1.0385848977691E-23  2.4184469553081E-27  1.0412365343310E-24
  7.8215659799541E-25  7.7330396771239E-32  7.8753771693478E-26  1.3572469326306E-27
  2.8380960875319E-26  2.3345577715030E-23  3.5352969954454E-26  1.6171385830596E-24
  9.8785740609524E-25  3.2790249983423E-35  1.6050254479655E-26  7.5229959578646E-29
  4.4653814118795E-27  4.2998370647422E-23  2.6449170206863E-25  3.3731870322495E-24
  1.7581305205269E-24  3.5623447550665E-36  2.8180782734936E-27  3.2006689812040E-30
  5.3151706737650E-28  3.7697954273551E-23  1.1798301614265E-24  6.4439873304436E-24
  2.6832374090868E-24  1.6112624481075E-35  2.9545471854731E-28  1.3663640274892E-31
  8.8967542179314E-29  2.3212248555258E-23  3.0105929179045E-24  1.0227181875649E-23
  3.9702289979062E-24  5.8923630334022E-35  5.4958485975471E-25  4.4138013866882E-25
  4.8221064919211E-24  1.3385378824480E-24  1.0263984043739E-30  1.2007737796654E-25
  9.2629122085930E-25  3.6014667023711E-27  6.2730584068950E-25  1.1239996476632E-25
  3.0866331669040E-24  2.2164918331549E-24  5.5038982598048E-29  3.1545754773668E-25
  6.0492233694170E-25  2.2314258678135E-28  5.7159903143578E-25  1.4579501045198E-26
  9.6731872448042E-25  5.2014292753751E-24  1.3123479504775E-27  7.4478245447624E-25
  5.3391172443361E-25  7.2200508458083E-30  3.0120624855838E-25  1.0383846683509E-27
  2.2959016239612E-25  1.3337735638544E-23  1.8118740619546E-26  1.3648564073492E-24
  6.2234060093748E-25  1.1354517156933E-31  7.0716015991320E-26  3.8315045243478E-29
  4.4850281886678E-26  2.1601921959582E-23  1.4065736963544E-25  3.0716988410226E-24
  7.6260578312674E-25  2.1567236638105E-33  1.1642516938509E-26  6.4747759730250E-31
  7.1205236056569E-27  1.9163658592112E-23  6.4488779422058E-25  6.5679008766626E-24
  1.1174071733827E-24  5.1887361857690E-34  1.0096563531425E-24  1.3290052542511E-25
  1.0235609115028E-23  8.9541621774177E-25  9.8004815523256E-29  9.6769729514692E-26
  4.4515045564569E-25  2.3068076527936E-27  1.2997655969729E-24  1.6127135312326E-26
  4.4063129906689E-24  1.7022463206864E-24  1.2072264376998E-27  3.3604301133018E-25
  3.0022697040827E-25  1.8701304173434E-28  1.2227050985219E-24  1.2876797073892E-27
  1.1709050226688E-24  4.7776657594623E-24  1.2180861499927E-26  1.0505076843098E-24
  2.9808061542963E-25  1.4868778837903E-29  3.5421082082376E-25  5.2091510597043E-29
  2.9396232327375E-25  9.1040924450653E-24  9.3608510028759E-26  3.2646334870856E-24
  3.1744854558027E-25  1.8308860210600E-30  2.9153970621698E-24  2.4161426223870E-26
  1.4895180126888E-23  2.8409366896264E-25  1.9825715089862E-27  8.3727291994132E-26
  8.1434259903864E-26  2.2481161910495E-27  3.5373293400924E-24  2.2443618428687E-27
  5.6184972341165E-24  7.4607053588937E-25  1.2612780341394E-26  4.2621570409399E-25
  8.1792560285750E-26  4.4244178821565E-28  4.7486505543132E-33  9.0656762942555E-26
  4.6168161314470E-27  8.9286443647103E-26  0.0000000000000E+00  1.0958975216797E-26
  1.5763471200123E-31  2.1674023065303E-32  4.1318234591259E-25  2.4435818610294E-25
  2.9814432512032E-25  1.1136715864837E-33  3.1497887429965E-30  9.7599447519069E-32
  1.0447034021616E-24  2.2727335679253E-25  3.0797053309186E-25  5.8088357120916E-36
  3.4678992008038E-29  7.5946974954826E-31  2.2127096356163E-24  1.1411158928536E-25
  2.2586137626370E-25  2.9641489975842E-37  2.3400903952379E-28  9.4917714500891E-30
  2.8169657211403E-24  3.3900240867258E-26  1.4866923810378E-25  1.3471578005424E-48
  9.2369220834274E-28  1.1746516750168E-28  1.8605388514379E-24  4.9581215846141E-27
  8.3921356815066E-26  2.2968028423100E-36  4.4620056380477E-27  1.1226253894879E-27
  7.9470784445489E-25  4.3724536180011E-28  5.7651044282578E-26  1.8917336716348E-35
  9.0860373298099E-27  6.9984834344227E-27  2.6668829060713E-25  1.5153900579287E-29
  3.1456182871033E-26  2.1242173443418E-32  1.1747380243342E-26  2.8837164147282E-26
  1.2396153945379E-25  1.9801150187273E-31  2.5589119195070E-26  3.0408780159975E-30
  9.5340006630296E-27  6.8020223149478E-26  1.0720833634335E-25  3.0600029407374E-34
  2.7605730123608E-26  1.0251240625492E-28  5.9819323151425E-27  9.2308095301506E-26
  8.2780734122685E-26 -1.5162687955977E-36  2.4271575982847E-26  1.7084835577252E-27
  6.2807361998720E-27  6.5432575648589E-26  1.2471921371579E-25 -3.9440422722324E-37
  4.2074375069854E-27  3.9845687913852E-26  1.5512397199353E-26  3.7658694168416E-26
  2.2371452073514E-25  4.9753977086909E-34  1.7126105960103E-27  5.3180435781000E-26
  2.7062621869982E-26  2.2926885142054E-26  5.4591125181327E-25  2.9052838365366E-31
  9.6296423927920E-28  3.6085711141101E-26  8.7037590261124E-26  6.8268075327358E-27
  1.2240263943828E-24  1.6253590762566E-29  6.8368752610645E-28  5.8144893699749E-27
  2.7913133267383E-25  1.5479189210481E-27  1.2610461841893E-24  1.9454021939617E-28
  6.7110674519218E-28  9.3232934964448E-28  7.3800109714943E-31  5.9946078461064E-25
  7.9948678266143E-34  2.5546767787098E-25  6.3402859997620E-29  7.2332653909583E-25
  1.7885181755470E-34  9.6809766910747E-26  3.1438505116672E-27  3.8323349454158E-25
  2.2526058198498E-32  1.9884749302755E-26  8.1513205843448E-26  8.8447032625269E-26
  5.3124675545500E-30  3.6057263872296E-27  5.1921317592306E-25  4.1954636737064E-27
  2.1300934594073E-28  6.5192340797280E-28  1.0265672128941E-26  4.9131943911628E-26
  1.3284380858532E-25  7.5515159192313E-26  3.2497115668831E-35  9.7317329347950E-27
  4.2641373654950E-26  4.5754715079230E-28  1.4376695764593E-26  2.2543708801082E-26
  1.2056360264527E-25  1.0149148664457E-25  3.5832623131721E-32  1.4110654773277E-26
  3.4487629052966E-26  2.8739464400045E-29  1.4508161937468E-26  5.5503794964862E-27
  4.7087964961234E-26  2.1177047784714E-25  3.9448826920709E-30  2.1138268468114E-26
  2.9619569580684E-26  5.7599026960881E-31  9.3265831388408E-27  7.9763154468660E-28
  9.7696534435972E-27  4.3017487790203E-25  1.1238051227957E-28  4.3310044338333E-26
  3.4376226814177E-26  3.4016864754891E-33  2.9965164889606E-27  6.4639207031465E-29
  1.4854247759896E-27  1.1008061672516E-24  1.8209274332358E-27  7.1843919588825E-26
  4.1542410209518E-26  1.9825261997418E-36  6.2171975199177E-28  3.2687063924877E-30
  2.0808606904693E-28  1.8802536945196E-24  1.3995121097854E-26  1.3248780298127E-25
  7.7030704987317E-26  2.2166827815366E-36  1.1763484302452E-28  1.2859764513351E-31
  2.5104026798919E-29  1.8318970400214E-24  6.0183492501541E-26  3.0619019823007E-25
  1.2843488397058E-25  1.5475805690688E-36  1.2892242057776E-29  6.1857296341352E-33
  4.0652919548422E-30  1.1292969048845E-24  1.5403622894757E-25  4.9298073737576E-25
  1.9430332158583E-25  2.0191744506893E-36  2.1780872605114E-26  2.1057179577207E-26
  2.5705412486135E-25  5.2265993509334E-26  4.4508756236570E-32  5.3732912531419E-27
  3.7184369301017E-26  1.7395371264475E-28  2.7943684024791E-26  5.6416786466976E-27
  1.7772933282482E-25  9.7860713317246E-26  2.4939085384650E-30  1.4480680987377E-26
  2.5263133422474E-26  1.0341557249779E-29  2.5303226969034E-26  7.2505481125946E-28
  5.3001351298237E-26  2.3203359185127E-25  6.2021614873270E-29  3.0812482329079E-26
  2.1095145814657E-26  3.0075189948240E-31  1.2800893112849E-26  4.9797886372763E-29
  1.1583439746870E-26  6.0466522215244E-25  9.0280425469939E-28  5.5486978234890E-26
  2.3733367279843E-26  4.5083969016330E-33  2.7574718277910E-27  1.7786010268424E-30
  2.1500832901961E-27  1.0002361301064E-24  6.6165583412740E-27  1.2836600390557E-25
  3.2066963339048E-26  9.0676949827308E-35  5.1330773350304E-28  2.5828186297508E-32
  3.4389527880564E-28  9.0647758892561E-25  3.2649403148610E-26  3.0409251156462E-25
  5.2282544974443E-26  2.2924976653840E-35  4.2440358583140E-26  6.1475677507448E-27
  5.6177574896074E-25  3.8013192276969E-26  4.2300324307229E-30  4.4338830920200E-27
  1.6697854543369E-26  1.0562962452028E-28  6.1752809851518E-26  7.4661902030949E-28
  2.6225256464809E-25  6.9858537968349E-26  5.3499139213988E-29  1.4408525899304E-26
  1.1920435162223E-26  8.1447006685477E-30  5.9245396355198E-26  5.8057891052777E-29
  6.6457103783516E-26  2.0052346322976E-25  5.6785736106857E-28  4.4421449279773E-26
  1.2536924024098E-26  6.4046895651602E-31  1.7472433989723E-26  2.2098005314307E-30
  1.5906184637638E-26  4.0249464494969E-25  4.5596448095198E-27  1.3337904111120E-25
  1.3509961037663E-26  7.5189234892941E-32  1.3378193102351E-25  1.0024294854777E-27
  9.1861953673970E-25  1.0955881417207E-26  7.4481577465020E-29  3.3504686840234E-27
  2.7369454968194E-27  9.2351014232452E-29  1.8918842879243E-25  9.5915718215779E-29
  3.2345863700543E-25  2.7269273801392E-26  5.2947774094399E-28  1.5901763861222E-26
  3.2605833941117E-27  1.8678077289554E-29  2.1952652722774E-34  4.5614474414503E-27
  1.5702218716138E-28  4.0240043946308E-27  0.0000000000000E+00  6.0078680879044E-28
  7.2550092883449E-33  1.0056122340060E-33  2.0551718920019E-26  1.2427446941459E-26
  1.4940357708618E-26  4.6808821370206E-35  1.4170630087653E-31  4.6116489579494E-33
  5.2469199249777E-26  1.1947327438002E-26  1.5282312610006E-26  2.7917663202573E-37
  1.4729671045001E-30  3.6655720921758E-32  1.1288163513206E-25  5.4948041458659E-27
  1.1046312749292E-26 -1.7325800206216E-37  8.5236739160987E-30  4.7706049347011E-31
  1.4203111653056E-25  1.5528667930211E-27  6.0357226397899E-27  5.3808875143106E-50
  3.3536798672132E-29  5.7502015798001E-30  9.2689023353616E-26  2.3746658924772E-28
  3.9169063804152E-27 -8.1462339793130E-38  1.7055418731282E-28  5.5341469793097E-29
  3.1989721505883E-26  2.3032017150428E-29  2.1412744226081E-27  8.0350637762042E-37
  3.7131679734424E-28  3.8871820789729E-28  1.2605766390048E-26  7.4943940518815E-31
  1.4210024926759E-27  9.8488713099446E-34  4.9435204552345E-28  1.4557584094346E-27
  5.7067631531899E-27  9.3909943248736E-33  1.1819194698396E-27  1.4908940534703E-31
  3.8264600328026E-28  3.2038484304244E-27  4.1174884928446E-27  1.4222873279433E-35
  1.1522561563744E-27  4.3154935940438E-30  2.1584106553451E-28  4.6077374942969E-27
  3.3194465205456E-27  5.5683715718251E-38  1.2734719921964E-27  8.0361761068240E-29
  2.2780293000912E-28  3.1077497724114E-27  6.2575293590733E-27 -1.6811614575935E-37
  2.1375914358972E-28  2.0877986755000E-27  5.8945973675007E-28  1.7398957156239E-27
  1.0589890313775E-26  2.2291600817456E-35  8.8655664231833E-29  2.4646078821751E-27
  1.2183850535611E-27  9.4486637087577E-28  3.0360195619764E-26  1.2917843291958E-32
  4.7351181401755E-29  1.4849926762664E-27  3.9065205316578E-27  2.5902565288661E-28
  7.5896302936111E-26  6.9761102553695E-31  2.7780775782630E-29  1.9088215247099E-28
  1.4763555586583E-26  5.4468179709686E-29  6.1176000716301E-26  5.8800412648958E-30
  2.4064092799905E-29  2.9082362223279E-29  3.4140392221361E-32  2.9036154103934E-26
  3.3885241107806E-35  1.2048209557852E-26  2.8514586372093E-30  3.3861947648361E-26
  8.4549120397823E-36  4.9627805322693E-27  1.4503549607539E-28  1.6922367081035E-26
  8.5728550317839E-34  8.9765866439499E-28  4.6242793595641E-27  3.4578768734200E-27
  2.4311668723489E-31  1.5164646449295E-28  2.6350437319360E-26  1.4926953105764E-28
  8.4648750420200E-30  2.2226775143169E-29  3.6289837810412E-28  2.4253366663378E-27
  6.1137435756877E-27  3.0241471471932E-27  1.4376666349177E-36  4.9986724808581E-28
  1.8990704802017E-27  2.3922393529301E-29  6.1367441506802E-28  1.0606418997454E-27
  6.7321241527327E-27  4.2135735333732E-27  1.6876714117999E-33  6.6710832150781E-28
  1.5979243017128E-27  1.3196182802714E-30  6.2494091276163E-28  2.9317567747466E-28
  2.6499586879728E-27  9.3148736683206E-27  1.8278290290121E-31  8.9272784149291E-28
  1.3068632923745E-27  2.5275010036381E-32  3.7929019860274E-28  4.2486320066995E-29
  5.3961701803182E-28  2.0532036099862E-26  5.6724161598672E-30  1.8497262107680E-27
  1.5539188888048E-27  1.4770159675119E-34  1.1543252044252E-28  3.3255372703920E-30
  8.0381646610915E-29  5.3582854939645E-26  9.1517293279783E-29  3.0421373878580E-27
  1.8858161011862E-27  1.4658518675036E-38  2.4203038089615E-29  1.6234658919523E-31
  1.0796280212138E-29  9.2723004667658E-26  7.6213330727315E-28  6.0442175983317E-27
  3.6829626793427E-27 -8.3448566350661E-38  4.6388499425300E-30  6.2502719948449E-33
  1.2342585341254E-30  9.2294065482563E-26  3.0552598084112E-27  1.5009766340412E-26
  6.3262926204895E-27 -6.6159717642565E-38  5.8092377188793E-31  2.4780890998804E-34
  1.8271214118956E-31  5.6849227201149E-26  8.0446081377911E-27  2.2428779442174E-26
  9.7535471612229E-27 -7.5359514120368E-39  9.2036731600666E-28  8.6551675800346E-28
  1.3941235360193E-26  2.1728358672898E-27  2.0334936582437E-33  2.6558674350632E-28
  1.5675630696240E-27  8.7116564690048E-30  1.0930542077139E-27  2.9010212618856E-28
  1.0422846623838E-26  4.4146944095281E-27  1.1020688075574E-31  6.2622022332136E-28
  1.0054680366121E-27  4.6239576018605E-31  1.1422538319685E-27  3.7363398582317E-29
  3.0883861862306E-27  1.0599300012791E-26  2.8460031765668E-30  1.3892896976700E-27
  9.1372658901995E-28  1.2378677190888E-32  5.3103968254372E-28  2.4871499116621E-30
  6.4907670961479E-28  2.8221714810920E-26  4.4134537593840E-29  2.4735773755662E-27
  1.0589319773761E-27  2.0455519184745E-34  1.1672894007822E-28  8.2804418657609E-32
  1.1502788322382E-28  4.4496283899204E-26  3.3229261244414E-28  5.9006608410573E-27
  1.4877408681021E-27  3.9751888384857E-36  2.1422398870948E-29  1.1187150260433E-33
  1.7157667480238E-29  4.4501294689980E-26  1.6948719735807E-27  1.4551825329934E-26
  2.4460693412988E-27  1.0835033085503E-36  1.8539956009687E-27  2.8752091435508E-28
  3.3360521969598E-26  1.6413089828038E-27  1.7912528626168E-31  2.0548564846816E-28
  6.6158020708194E-28  4.9716434162162E-30  2.9484402151577E-27  3.4425614972609E-29
  1.5148712922127E-26  2.9418162857638E-27  2.4475585427543E-30  6.2402312729801E-28
  4.8319729595443E-28  3.6803587659306E-31  2.7624380860453E-27  2.7157949552099E-30
  3.8424532454157E-27  8.6413456481992E-27  2.7225585194090E-29  1.8322195277259E-27
  5.2545190103669E-28  2.8846595245043E-32  7.9646507337170E-28  1.0526219697918E-31
  8.5305690733750E-28  1.8291711923014E-26  2.2746880763776E-28  5.8525303121493E-27
  6.2392220849166E-28  3.2568224160435E-33  5.9324461292704E-27  3.7679974705525E-29
  5.5680690705754E-26  4.3042830745201E-28  3.0800578720696E-30  1.2362754514032E-28
  1.0078500551297E-28  3.8555038195023E-30  9.5818391730246E-27  3.8552626956407E-30
  1.9328946528170E-26  1.0166933434963E-27  2.1644165503541E-29  6.3781786609626E-28
  1.3119824082176E-28  8.0544208361491E-31  3.9262114331534E-35  9.5673523920925E-28
  1.3347790148566E-29  4.9858341203047E-28  0.0000000000000E+00  8.4564216742355E-29
  1.2396252806779E-27  7.7004158286338E-30  1.1288974545454E-26  3.3212803309866E-31
  2.2926575429106E-30  4.1635008614572E-30  1.5524337887331E-28  9.4488837064890E-29
  5.0046830599589E-27  2.8372124154568E-33  4.7670252129569E-30  1.2515274127454E-28
  3.8345516350399E-29  2.7941867404978E-28  9.3953172656683E-28  4.5344324045248E-38
  1.6125355051372E-29  2.8097673433374E-28  3.5076455867146E-29  4.3693691181271E-28
  4.0040035942983E-28  2.9637467399757E-38  1.3847982652356E-28  2.1343244964873E-30
  5.2946630307191E-29  1.7691710907769E-28  7.3151542466848E-28  2.2833136421437E-33
  1.4189265886157E-28  9.9847868536533E-33  2.2047365196816E-29  1.4372517155310E-29
  2.8574493692319E-27  1.0873759443069E-30  2.2592986986272E-28  1.2481532166314E-36
  2.1072343405439E-30  3.9425030185262E-31  1.4346451420121E-26  5.6421423374902E-29
  5.4720624463869E-28 -7.7766722314774E-39  2.1398865064607E-31  7.2995812253350E-33
  1.5176627638747E-26  6.4803566517809E-28  1.3047856961717E-27  1.7054113121681E-38
  5.9890123339562E-33  2.7408847728951E-34  5.4542711000562E-27  1.6895058410225E-27
  2.0527925482794E-27  3.8384934578059E-37  3.0774432620711E-27  3.2979532144538E-31
  3.3157041655508E-29  3.6176388117377E-30  3.1078698808959E-29  2.7335799717551E-34
  1.4425295378693E-27  8.5374939954143E-29  6.2743854685945E-32  8.8473052616731E-37
  4.5003105370158E-27  1.0678132235488E-27  8.6903819393618E-29  1.1010827379864E-28
  1.1547233091101E-27  4.2872567652467E-28  3.2914457025655E-34  5.1023529330900E-29
  1.5116520403796E-28  3.2303239712686E-31  8.7449358178879E-29  9.2903301245931E-30
  3.5695860827055E-28  1.2669631298648E-27  1.7858039468720E-31  1.3399899981597E-28
  1.2487669481135E-28  1.0201050519052E-33  3.5589212337123E-28  8.6910724177171E-30
  3.6359716838147E-27  1.9582993638401E-28  1.3646251806836E-31  4.0568121210807E-29
  4.4100150895341E-29  1.3074415306522E-31  1.7483507734703E-29  1.7030577841896E-31
  2.5126706815859E-29  4.6691863144547E-27  1.4073659889516E-29  3.6341057779985E-28
  1.6793545719489E-28  3.5392300836844E-37  1.5065245852912E-30  4.7072775326286E-34
  1.1257092575854E-30  7.8996162445382E-27  2.3653683831361E-28  1.3957623268633E-27
  3.8123534043824E-28 -6.5834598301489E-39  3.5567588320790E-28  1.5773818973776E-31
  5.3749823841979E-28  8.7831160003202E-28  5.9735205510531E-30  2.4959465879285E-28
  5.1034062439277E-29  2.9602784863432E-33  2.0934676773252E-36  5.3812542045008E-29
  4.8157398274285E-31  2.6859764870388E-29  0.0000000000000E+00  5.1734402753066E-30
  7.1417293848883E-29  3.2025423602150E-31  7.2176589412930E-28  1.3924666344870E-32
  8.6550063359346E-32  1.6282056915323E-31  7.8968965292699E-30  4.6059948697007E-30
  3.0458947108409E-28  1.4439917496665E-34  2.5375150392961E-31  4.9526488170034E-30
  1.6665309599552E-30  1.4611271648924E-29  5.2953279452751E-29  2.0050564941454E-39
  9.4948724421636E-31  1.5050230576623E-29  9.9931983073402E-31  2.2429099211080E-29
  1.7003709593366E-29  1.7181393085288E-39  7.1624233243944E-30  1.2506308264577E-31
  2.4947045135590E-30  9.6204512131638E-30  3.7734682409714E-29  1.2605847001316E-34
  6.7084178624312E-30  5.5501691253684E-34  9.4950002317220E-31  8.8017281023981E-31
  1.5464558246116E-28  6.3430397457290E-32  9.6791124134746E-30  5.6217195640611E-38
  8.2449072283854E-32  2.1927751197983E-32  7.7815061375535E-28  3.4406778363889E-30
  2.6294063609676E-29  1.5363277023446E-39  9.7043412710738E-33  4.0777787023513E-34
  8.6930034547557E-28  3.8783159917984E-29  7.3826551037296E-29 -6.9414206163382E-41
  3.1130740680031E-34  1.4776922880880E-35  2.7114261504773E-28  8.3045900973224E-29
  1.1385284155754E-28  1.9554879382911E-38  1.6992048151303E-28  1.4765517907390E-32
  1.2714960279922E-30  1.5463732553103E-31  1.7087864583769E-30  1.3559016616444E-35
  6.8091383984810E-29  4.2109643857807E-30  3.0056318716749E-33  4.9709851793874E-38
  2.5160445591259E-28  6.0478867759747E-29  4.2449050018313E-30  5.7811492490402E-30
  6.8838445881371E-29  1.7727686928566E-29  1.6484478287711E-35  2.6929951205623E-30
  7.4904747474909E-30  1.7049316826615E-32  3.6567886520257E-30  5.4672419589368E-31
  2.0958032975723E-29  4.9728959125121E-29  9.3221644293999E-33  5.8076229246568E-30
  5.5941539460302E-30  5.0907363383252E-35  1.8331304986149E-29  4.4201054561923E-31
  2.3281725295741E-28  8.1730535817693E-30  6.8508176459587E-33  1.6844337495713E-30
  1.8740229451856E-30  5.9206219277146E-33  7.7560634708383E-31  9.3549186387938E-33
  1.5346284064459E-30  2.4895098853200E-28  8.3259764215724E-31  1.8314402277367E-29
  8.4631511279029E-30  1.9596210783803E-38  6.9752142462581E-32  2.5930753451721E-35
  6.3704656760336E-32  4.4175541570983E-28  1.3861107300580E-29  7.2444231640773E-29
  2.0335683778043E-29 -1.2335110959413E-39  1.7927223656819E-29  8.4274983152713E-33
  3.1087389899750E-29  4.2380094730970E-29  3.1723996277369E-31  1.0754735185541E-29
  2.4519377532159E-30  1.5160241271304E-34  1.2308667136432E-37  3.0771912177182E-30
  1.3269936922455E-32  1.5696357882520E-30  0.0000000000000E+00  3.4280126400598E-31
  4.4699309316699E-30  1.3041241210636E-32  4.8576682875801E-29  5.4593673502285E-34
  3.9047973831877E-33  6.8938501048091E-33  4.3800114450190E-31  2.4324500005649E-31
  1.7892142684244E-29  8.0708598830161E-36  1.4600061680567E-32  2.4690283127407E-31
  6.2832964811506E-32  8.2586093185769E-31  3.2154513064703E-30  1.7148670926499E-40
  6.0303964846261E-32  8.7321755944842E-31  4.4764844100627E-32  1.3468832713888E-30
  9.2581689897278E-31 -7.4470001205846E-41  4.2767816891124E-31  8.0663846831771E-33
  1.0266485905061E-31  6.2066530513972E-31  2.1139768261721E-30  7.6556970727984E-36
  3.3930385240603E-31  2.9948590642130E-35  4.4493587523551E-32  5.8582719835772E-32
  9.1130038218315E-30  4.3734780333141E-33  5.1172972480673E-31  3.3031604473302E-39
  3.4929131489086E-33  1.2370771606404E-33  3.7815243744950E-29  2.2779940170009E-31
  1.2167019073765E-30  8.0958247116231E-41  4.7329950884670E-34  2.0059951116485E-35
  5.4315164500298E-29  2.5030310267398E-30  4.0243950290419E-30  6.6186393727303E-41
  1.7721610627878E-35  8.7787291762844E-37  1.6545309452664E-29  5.0713154338606E-30
  6.5940173433164E-30  1.1897602147141E-39  9.9014129764828E-30  6.4591703367612E-34
  5.9198976963989E-32  6.7044964324593E-33  1.0071840685646E-31  7.5937775601769E-37
  3.7854823832894E-30  2.4212862686980E-31  1.7084821767062E-34  2.3866297100325E-39
  1.3753442283821E-29  3.3986813718910E-30  2.2611072665066E-31  3.1573096682440E-31
  4.4207340888219E-30  9.6934667152552E-31  8.4522198433767E-37  1.5333206862027E-31
  4.0966740711724E-31  1.0538367552896E-33  1.9169316449649E-31  3.5028790495260E-32
  1.4254526574424E-30  2.7616933604740E-30  5.6801468353033E-34  2.7778591219912E-31
  2.9852814156286E-31  2.7956489475618E-36  9.9309159803421E-31  2.4179550062463E-32
  1.5776505637879E-29  4.1355684350465E-31  3.7582311840560E-34  8.5560318267434E-32
  9.1751578249830E-32  3.2643534053394E-34  3.7323383726695E-32  5.8864421016297E-34
  1.0088805216001E-31  1.4442962566724E-29  4.4215998373008E-32  9.9891128281075E-31
  4.6494454543949E-31  1.0805898038512E-39  3.1481068526920E-33  1.5948808938962E-36
  3.9421529548898E-33  2.3878257547336E-29  8.7426476211988E-31  4.2006861924020E-30
  1.0527545710433E-30 -9.4403318705619E-41  9.3489891949057E-31  4.9163862059999E-34
  2.0440320229869E-30  2.2431180401481E-30  1.8197455935317E-32  5.5697106272251E-31
  1.2780867780089E-31  8.5227276638834E-36  8.0983693336501E-39  1.8362586275398E-31
  5.3753723479280E-34  1.0123617403231E-31  0.0000000000000E+00  2.0813644536988E-32
  3.0912850313632E-31  5.6576477155249E-34  3.5100723276730E-30  2.6502995590885E-35
  1.9182784070204E-34  3.2188269496908E-34  2.6920994454561E-32  1.4208035393449E-32
  1.2645358336713E-30  4.3613147714175E-37  9.2399903308026E-34  1.3763807246032E-32
  3.1921939602177E-33  4.6754217617362E-32  2.1559815726984E-31  2.6223976485330E-42
  4.2293512416716E-33  5.6830027157556E-32  2.2158359638633E-33  8.8887880717858E-32
  5.5534815776697E-32 -5.7399878894087E-42  2.3999557693612E-32  4.5004698077040E-34
  5.8021374805154E-33  4.3962901856067E-32  1.3087800434012E-31  5.1901870480267E-37
  2.0720526668532E-32  2.0184383224200E-36  1.8444941614592E-33  4.4885673921258E-33
  4.1967696695401E-31  2.4791202823102E-34  2.7793910101021E-32  2.4196512883141E-40
  1.5878872689884E-34  8.6306663225192E-35  2.0024167979793E-30  1.2927357388073E-32
  7.4385324992113E-32  5.9076254086146E-42  2.5351365147869E-35  1.1887438580724E-36
  3.7620353726211E-30  1.7728991219133E-31  2.6368680081755E-31  2.3363334415447E-42
  1.0070466384341E-36  4.6439571979108E-38  1.1177914432644E-30  3.4144318197404E-31
  4.6090430629900E-31  9.5097604294325E-41  6.9030023334133E-31  3.1066696921723E-35
  2.7745853668987E-33  3.1063451942020E-34  6.4791472334234E-33  4.9918052358561E-38
  2.3476739441666E-31  1.4696701896825E-32  1.0578269470129E-35  1.4077483563737E-40
  9.2859238979922E-31  2.2950236451947E-31  1.2981541760334E-32  2.0491776127500E-32
  3.0988545540000E-31  4.7756371165339E-32  5.0981172275344E-38  9.8118482069944E-33
  2.4727830793662E-32  5.9604714354417E-35  1.1157213555056E-32  2.4826326135961E-33
  1.0563640512196E-31  1.7017815519141E-31  3.8513744685214E-35  1.6333574388900E-32
  1.7667727372183E-32  1.6764586040005E-37  6.4147392510522E-32  1.3004119180866E-33
  1.0808583801353E-30  2.1032565993516E-32  2.0964011119425E-35  4.3876341268625E-33
  4.9912082173420E-33  1.7816450209671E-35  1.7524166053703E-33  4.1188966768971E-35
  7.2730271526450E-33  9.3046819125805E-31  2.8741238010398E-33  5.3507586544672E-32
  2.8123662766225E-32  7.5442805491087E-41  1.7080192296966E-34  9.5447130758625E-38
  2.6875564465421E-34  1.5962615236140E-30  5.3345047532354E-32  2.1775277045503E-31
  6.6672162089263E-32 -2.5338918634516E-41  5.9126216231029E-32  3.1833065761719E-35
  1.1846845277717E-31  1.3254498384052E-31  1.1477998136286E-33  2.9272056529846E-32
  5.7761312714550E-33  4.8755068130972E-37  4.6392432617202E-40  1.3347870106684E-32
  2.4114328381343E-35  7.3282471876254E-33  0.0000000000000E+00  1.3116370051078E-33
  2.4005825623761E-32  3.0784426534285E-35  2.3211260614125E-31  1.4706775010463E-36
  8.8242920374325E-36  1.6877643951777E-35  1.8670210326631E-33  8.2814486349228E-34
  9.9526278252964E-32  2.5735523428700E-38  6.5460805574383E-35  8.7329802294454E-34
  1.8286810269704E-34  3.2588589960078E-33  1.6333529056932E-32  1.3427033690815E-42
  3.3270236938206E-34  4.1001365430341E-33  1.2369432509983E-34  5.1043258486756E-33
  3.7348066227893E-33 -4.4842085545957E-43  1.6291733498706E-33  3.5378771743192E-35
  3.6856752590818E-34  3.4968579232744E-33  7.5423347455977E-33  3.9842060003656E-38
  1.2592369749638E-33  1.2017478014187E-37  1.0685441065961E-34  3.6979387773249E-34
  3.0154912122175E-32  1.5015399702130E-35  1.7124224503641E-33  1.9084805653710E-41
  7.9915018654751E-36  6.7757643320413E-36  1.4904102653828E-31  1.0399688205570E-33
  5.1019831728011E-33  4.8599326975144E-43  1.5178423626517E-36  8.9639227206169E-38
  2.3203799926309E-31  1.4017534142358E-32  1.9311863153148E-32  3.2497949645432E-43
  7.1593423587454E-38  3.4454907738966E-39  8.4951287222697E-32  2.5782952337572E-32
  3.4515807189767E-32  4.8326934075677E-42  4.7274889618776E-32  1.6009809010545E-36
  1.3192963729021E-34  1.4969558051789E-35  4.6413796551437E-34  3.7242810988101E-39
  1.3911940113650E-32  9.1104689378472E-34  7.5740251771307E-37  1.0291253920451E-41
  6.9831821092584E-32  1.7295246114719E-32  8.0030684687779E-34  1.2668953724099E-33
  2.4232486329907E-32  3.2076103243293E-33  3.7610161975875E-39  6.9556437755954E-34
  1.6819537286595E-33  4.1399079465242E-36  7.3423259154776E-34  1.6495515495792E-34
  8.6678234365589E-33  1.1833808269630E-32  2.5864069395401E-36  9.8426085684887E-34
  1.1798067223259E-33  1.1966164270083E-38  4.6638421842079E-33  7.7575147697396E-35
  8.5259517304147E-32  1.2054147867955E-33  1.4199555602483E-36  2.2250670442369E-34
  2.8082589684360E-34  1.0964838360020E-36  1.0630096992592E-34  2.9227969575921E-36
  5.2199657626008E-34  6.7652521195606E-32  2.2460459866159E-34  3.6011952677015E-33
  1.7030715374630E-33  5.3284872464905E-42  1.0405210796371E-35  7.2748574948845E-39
  2.0574882152703E-35  9.3079279678103E-32  4.0994591400871E-33  1.3126462285674E-32
  4.5105473815382E-33 -2.2724897542278E-43  4.1815893221963E-33  2.0098915188417E-36
  9.0567684287864E-33  8.8920654902024E-33  7.1037783105449E-35  1.6772980504380E-33
  3.7017439277910E-34  3.0442356820758E-38  3.9211285176283E-41  1.1392811481609E-33
  1.2238106766901E-36  6.0491019937694E-34  0.0000000000000E+00  1.1814727046803E-34
  1.7237738790132E-33  1.9140578798706E-36  1.7966930013519E-32  9.0895684270491E-38
  4.8131339118983E-37  1.0120049773043E-36  1.4848035074495E-34  6.2119630806012E-35
  8.8781141940828E-33  2.0498172431662E-39  4.8385984195795E-36  6.4068479494876E-35
  1.2041021793289E-35  2.1943001619614E-34  1.4029983678953E-33  8.9145419719594E-44
  2.7789292062839E-35  3.3826477326172E-34  7.9404360268355E-36  4.2388707822654E-34
  2.3510893136654E-34  9.6190421681428E-44  1.3542624885999E-34  3.1780673799362E-36
  2.6952515738844E-35  2.6482090107214E-34  4.5961135759342E-34  2.5174234876681E-39
  9.8372886547358E-35  8.7092164646501E-39  7.1160627122161E-36  3.4592530858315E-35
  2.4801942358365E-33  1.3311997475820E-36  1.2912063694877E-34  1.3862646963892E-42
  4.5328562528774E-37  5.3044248037608E-37  1.2696812103230E-32  9.5165909667397E-35
  3.9913160801263E-34 -1.2723150501304E-43  1.0366996918154E-37  7.7540921910342E-39
  2.0364582638167E-32  9.5576060077434E-34  1.4941905554428E-33  2.2802591080463E-43
  4.4576488054471E-39  2.9401814355167E-40  7.3734949850756E-33  2.2191973978400E-33
  2.8582293239425E-33  4.6991491169390E-43  4.0744251891400E-33  1.0567238741552E-37
  7.9145934656575E-36  9.6429797041420E-37  3.7665537226672E-35  3.1945013468015E-40
  1.0993155773669E-33  7.3944751351214E-35  5.3752774977473E-38  8.7963337730245E-43
  3.9092134503107E-33  1.4990441929131E-33  6.0763408400277E-35  9.1840267750740E-35
  2.1492325390174E-33  2.4665160180303E-34  3.1940693201333E-40  4.9643187933246E-35
  1.3143086984642E-34  3.5968848743869E-37  5.5561047056277E-35  1.4792593491154E-35
  7.9963032724547E-34  9.4345153696825E-34  2.2515976822861E-37  7.4288732645480E-35
  8.2813434655147E-35  1.0156309475597E-39  3.8792524214674E-34  5.3303343160696E-36
  7.5162784266786E-33  8.7599338713325E-35  1.0190274121465E-37  1.6058346667566E-35
  1.9924669985631E-35  8.4349250339240E-38  5.8595142310991E-36  2.3828826406838E-37
  4.7006079937575E-35  5.6365602381200E-33  2.0008344299984E-35  2.7726070934693E-34
  1.3163969899659E-34  2.8950115347394E-43  7.2568417056464E-37  6.3672881967329E-40
  1.7944556307146E-36  6.4919601684674E-33  3.5799803582789E-34  1.0509578457228E-33
  3.6525368980857E-34  9.9231520577040E-44  3.3694494270021E-34  1.6643512390982E-37
  7.7407341213545E-34  5.7244216713571E-34  5.1444332483274E-36  1.2408586812057E-34
  2.5259020011515E-35  2.2020222855500E-39  3.8631906104877E-42  1.1262745338874E-34
  7.1767171958801E-38  4.3600788108369E-35  0.0000000000000E+00  9.2512379113156E-36
  1.7433455755250E-34  1.3988461140939E-37  1.7841610889493E-33  6.5249313033932E-39
  3.4748935941117E-38  7.2082794507758E-38  1.3769518706865E-35  5.4360439908016E-36
  9.1152158286306E-34  1.9049540377778E-40  4.4933937756903E-37  5.5138147348772E-36
  9.2781898956473E-37  1.8649922862715E-35  1.3943766786871E-34 -1.9717865946094E-46
  2.8605711423887E-36  3.2396585715057E-35  5.9698948900800E-37  4.0768526456101E-35
  2.0649284793464E-35  2.8019670004824E-44  1.3047344741786E-35  2.9270066685291E-37
  2.3051963359238E-36  2.4227670744989E-35  4.1300477612504E-35  2.5290603353916E-40
  8.9339976090224E-36  8.6345908052933E-40  4.3029362682554E-37  3.7228747443377E-36
  1.9398153292654E-34  1.3677433107788E-37  1.1295391070377E-35  1.3705579686513E-43
  2.9501903642817E-38  4.8389745383741E-38  1.2551422365749E-33  1.0041780124866E-35
  3.6173039616319E-35  4.9546560082554E-45  8.2277090319842E-39  7.7939409389854E-40
  1.5912416516511E-33  8.2701493762727E-35  1.4392097822160E-34 -1.5175042034832E-44
  4.2048423654927E-40  2.3613699430422E-41  7.4730093948256E-34  2.2094370332454E-34
  2.8471504677368E-34  3.1284674802276E-44  3.6120200307896E-34  7.2073060946340E-39
  6.0044868458252E-37  7.2608350300317E-38  3.5253481517676E-36  2.7744684754210E-41
  1.0113957599455E-34  6.8766936577305E-36  4.4693751290853E-39  7.4119484127234E-44
  3.7905009737533E-34  1.1933748578033E-34  4.7650447460258E-36  8.6530722581817E-36
  2.1952368401641E-34  2.2052566474089E-35  2.7819199845937E-41  4.6137962258763E-36
  1.1974379143983E-35  3.6288826532061E-38  4.9098397333138E-36  1.5324505553306E-36
  6.6915157794335E-35  8.7543670692879E-35  2.2764904367559E-38  5.7272612247261E-36
  7.3494867356037E-36  1.0039375512473E-40  3.7452394020012E-35  4.6627504326450E-37
  7.5509751975186E-34  6.8138060643295E-36  9.1375303195410E-39  1.3442120023085E-36
  1.6578977851754E-36  6.8986326000422E-39  4.6814850971145E-37  2.4667706043671E-38
  4.8530867175439E-36  4.5948499818451E-34  2.0596866087050E-36  1.8971695674806E-35
  1.0727852556038E-35  3.7945230565903E-44  5.8990509115067E-38  6.4780556425587E-41
  1.5738034834960E-37  6.3055617075128E-34  3.6064970830513E-35  9.7655013077962E-35
  2.6981131950199E-35 -1.0201653235773E-44  3.1458610396730E-35  1.4452632954002E-38
  7.6395464077235E-35  4.7223711054619E-35  4.7244995077506E-37  1.0731889481861E-35
  2.1648302738792E-36  2.0546877893032E-40  4.4876840177892E-43  1.3062757871526E-35
  4.9654558399977E-39  4.8163165809598E-36  0.0000000000000E+00  1.1044483073251E-36
  2.0651837610065E-35  8.5299248105456E-39  2.0583842721670E-34  4.5073091434313E-40
  2.9472553125959E-39  5.9692863668865E-39  1.5036260312417E-36  5.6591681734186E-37
  9.8799829651034E-35  2.1136318585088E-41  4.8998287324506E-38  5.6392700735688E-37
  6.5727171817876E-38  1.9971816107146E-36  1.6243026499396E-35  1.4269953697113E-45
  3.4418663468637E-37  3.6503705074299E-36  5.3452745606279E-38  4.6028004740250E-36
  2.1331385444305E-36  2.0519731824465E-46  1.4765979982270E-36  3.5447572314604E-38
  2.3388182383107E-37  2.8686961735449E-36  4.3706004149707E-36  2.5730680492757E-41
  9.5634765658076E-37  1.0073339635076E-40  3.9372504726891E-38  4.6894270024893E-37
  2.1576339163258E-35  1.6480602757655E-38  1.1633399581648E-36  1.6766714663786E-44
  2.2671280998727E-39  5.7882460488433E-39  1.4578535602588E-34  1.2369003377063E-36
  3.8527643607576E-36 -1.8654696988980E-45  7.7179466927246E-40  9.2085111448186E-41
  1.8718261539806E-34  8.6983480833520E-36  1.6268276866674E-35 -5.7594123496913E-46
  4.6431492729774E-41  2.4662501063966E-42  7.3081282752870E-35  2.5779386323402E-35
  3.2997174389340E-35  4.6003565632381E-45  4.1339585380743E-35  6.5127110217200E-40
  5.4485178567269E-38  5.9167139456667E-39  3.9419219704429E-37  3.4322498310109E-42
  1.0978664959579E-35  7.5208861722742E-37  4.2031107587741E-40  7.9494940318793E-45
  4.3164636981353E-35  1.3739079044141E-35  4.9651712602448E-37  9.5777052220571E-37
  2.6177010059881E-35  2.3249756927430E-36  3.2215578747128E-42  5.0464438979989E-37
  1.2889011367893E-36  4.1401034786579E-39  5.1368996461644E-37  1.5505392763249E-37
  8.1290031370022E-36  8.7225890833304E-36  2.5079481229089E-39  5.9056399397218E-37
  7.7031421644290E-37  1.1690513293306E-41  4.2517655658285E-36  4.8153280319572E-38
  7.5397133177719E-35  6.8476924512967E-37  8.3837160294006E-40  1.3360628865938E-37
  1.5599121242760E-37  7.2425938171879E-40  4.4708918676578E-38  2.5937311755723E-39
  5.1040059253786E-37  5.1853073066565E-35  2.1505499350419E-37  1.9034837976502E-36
  9.8935082789831E-37  4.7113880707533E-45  4.8744196003012E-39  7.7498030274604E-42
  1.8402623227261E-38  7.2665684347714E-35  3.6879839380481E-36  1.0675495812632E-35
  2.9449907509493E-36 -1.0831090466287E-45  3.4532616376091E-36  1.6259595147037E-39
  8.6424677265909E-36  4.9852321978050E-36  5.1000017385751E-38  1.0016798200743E-36
  2.1994505916363E-37  2.2756469050989E-41  6.2035617821047E-44  1.7970887178976E-36
  4.1357229442717E-40  3.7589819322041E-37  0.0000000000000E+00  1.5576960758602E-37
  2.8968268896964E-36  7.6358726651413E-40  2.0524931047439E-35  4.5633076836072E-41
  3.0093182832005E-40  5.9541749751105E-40  1.9812362659742E-37  5.8427042816825E-38
  1.4080936926295E-35  2.7725285596696E-42  6.3911520786475E-39  6.9320775489180E-38
  7.1868497580155E-39  2.5485965483111E-37  2.2426415005328E-36 -2.7269329257247E-46
  5.1975935924685E-38  4.0481277288574E-37  5.7839239505009E-39  6.1746441601451E-37
  2.6262312834440E-37  1.6703975234168E-46  1.9858147522171E-37  5.0825059250007E-39
  2.8494193991091E-38  4.0126586833159E-37  5.5150890525937E-37  2.6752093094975E-42
  1.2212383997509E-37  1.3969348104990E-41  4.3466523230202E-39  6.0977805724496E-38
  2.8571725289361E-36  2.3525708499468E-39  1.1052975195243E-37  2.1917601221260E-45
  2.0522582721989E-40  8.1920705478326E-40  2.0107462539282E-35  1.8174980217389E-37
  4.1763612838358E-37  6.9784238123179E-47  6.3527211267397E-41  1.2915962318952E-41
  1.8111749607684E-35  1.0845172023986E-36  1.8186898218819E-36  2.0580840776122E-46
  4.4852050498610E-42  3.3855312568422E-43  1.0125440692069E-35  2.6703901941344E-36
  4.5354641760327E-36  5.6962906202771E-46  4.5891335470937E-36  7.0791418738354E-41
  5.9833859410654E-39  6.3581929902905E-40  5.1359576912378E-38  3.5580311696805E-43
  1.2409291342084E-36  9.7939518954873E-38  4.9280015583039E-41  9.3486342513669E-46
  5.9012953665028E-36  1.8759547357535E-36  5.4210072265411E-38  1.0754416783286E-37
  3.0701898969310E-36  2.9261870081403E-37  4.7174622828560E-43  6.0376268187184E-38
  1.6578440261993E-37  5.8152996553878E-40  6.4385873019122E-38  2.1997693409019E-38
  1.0358083817058E-36  1.1328598731169E-36  3.5791609387946E-40  7.2854116693011E-38
  9.6512870205016E-38  1.5153834440532E-42  5.1176314438129E-37  5.9494855887057E-39
  1.0278160281258E-35  8.2682338107499E-38  9.6614283526010E-41  1.5963693819131E-38
  1.8531947641068E-38  9.0816202434610E-41  5.1185163057870E-39  3.7070054075316E-40
  6.4457995835422E-38  5.7314603481991E-36  2.7290675846776E-38  2.0560166396804E-37
  1.0534553759758E-37  4.3658678502823E-46  5.6009210027374E-40  1.1003350550210E-42
  2.1746843061206E-39  9.8646805023142E-36  5.1042417027738E-37  1.3894572728890E-36
  3.8232524234307E-37  1.2476357913385E-47  4.5123581807305E-37  2.1763733086444E-40
  9.8617526224882E-37  5.2495400224610E-37  6.5563430153018E-39  1.0211999125803E-37
  2.3156135164293E-38  2.9934879042125E-42  1.0291736189273E-44  2.9589451395150E-37
  4.2254146640693E-41  4.6767265689381E-38  0.0000000000000E+00  2.6190707028580E-38
  4.8530475590390E-37  9.4222427597548E-41  2.8720740862353E-36  5.6449630158687E-42
  3.7520707687102E-41  7.2593713063448E-41  3.1097217062125E-38  7.1263662759599E-39
  1.7220041326013E-36  4.3799916941440E-43  9.9647722473209E-40  1.0573992495736E-38
  9.6044581833540E-40  3.3320972119312E-38  3.7026807039939E-37  4.0544402324607E-47
  8.8254896110992E-39  6.4684713820336E-38  7.6552684241296E-40  9.9255414796994E-38
  3.8959965206308E-38  4.1236453313306E-47  3.2028209411146E-38  7.8162957982697E-40
  4.2092010467409E-39  6.6882095698536E-38  8.3832459171632E-38  4.4174228251042E-43
  1.8785401494890E-38  2.3210257305632E-42  5.8571592524016E-40  1.0621619369417E-38
  4.5454112332506E-37  4.0099881585474E-40  1.4082466654646E-38  2.8775389009549E-46
  2.2494312581481E-41  1.3998978326937E-40  2.2912636264206E-36  3.1434521246787E-38
  4.8214192511965E-38  8.8423073721202E-47  8.5849176648226E-42  1.8509260357106E-42
  2.9748433351407E-36  1.7867029904630E-37  2.9021449642540E-37 -5.9769745759024E-47
  7.0154580846498E-43  4.7599010193498E-44  1.6780934345939E-36  4.3668127907723E-37
  7.4604742557269E-37  9.7729521501250E-47  7.3540851127675E-37  8.1627041444359E-42
  7.2612125834724E-40  8.3459274942178E-41  6.8573598489000E-39  5.4248149727479E-44
  1.9261203305219E-37  1.5426678802035E-38  7.1603028104648E-42  2.0737842406259E-46
  9.5680187031871E-37  3.0658252122178E-37  7.0858283947456E-39  1.6895285231403E-38
  5.1156386541286E-37  4.4407202920138E-38  6.8420803149489E-44  1.0042891033314E-38
  2.5713180181360E-38  9.7731920399586E-41  9.7588172173746E-39  3.4768380493478E-39
  1.4786079127957E-37  1.7713801703345E-37  6.0227119510372E-41  1.0861880485928E-38
  1.2594890573321E-38  2.5101978748034E-43  8.2495709791975E-38  6.4268419091000E-40
  1.4681024146630E-36  1.2111779351508E-38  1.4576882446473E-41  2.3163134634192E-39
  2.6759398364403E-39  1.3739669484369E-41  7.1357506055843E-40  6.3652916903093E-41
  1.0787647688966E-38  9.1875723021147E-37  4.6152217144994E-39  2.7715595461775E-38
  1.5763724891096E-38  6.4074622549404E-47  7.8255057879061E-41  1.8681853899175E-43
  3.5690652346352E-40  1.6055084354141E-36  7.6483371578478E-38  2.1738507906102E-37
  5.9672166827676E-38  5.1425025579709E-47  7.0876505079226E-38  3.4959474128114E-41
  1.5620062133051E-37  8.0116796834699E-38  9.3694498813070E-40  1.5030225507743E-38
  3.4023727703973E-39  4.0328914919785E-43  1.6212822155275E-45  5.8638709580478E-38
  5.3835960635011E-42  8.6693881582380E-39  0.0000000000000E+00  4.4221617904415E-39
  8.7842437466876E-38  1.4369974083603E-41  5.5202856105384E-37  8.6306150323466E-43
  5.7766068397373E-42  1.0946002065498E-41  6.0601275829050E-39  1.2849928019995E-39
  3.4420183206611E-37  8.3793261469069E-44  1.8802665455709E-40  1.9241517091160E-39
  1.5820112376362E-40  6.1699841616710E-39  5.0196404270648E-38  1.2365195102265E-47
  1.7956792365233E-39  1.2492338299241E-38  1.2500343533039E-40  1.9246605535613E-38
  7.0198198342259E-39 -1.9160312378904E-48  6.2324444077743E-39  1.5980673526122E-40
  7.5880805506144E-40  1.3375210568828E-38  1.5459634757064E-38  8.7897732502094E-44
  3.5038872493747E-39  4.6431769080078E-43  9.7143366890121E-41  1.8257224079805E-39
  8.7393044127798E-38  7.6737807258805E-41  2.5011135113869E-39  6.5415897935577E-47
  2.2013343806912E-42  2.8367918147721E-41  4.4947290515049E-37  6.5026208261235E-39
  6.8135621235254E-39 -1.4591149188575E-47  1.0515109399357E-42  3.7147898589667E-43
  6.0337464008883E-37  3.5385477180655E-38  5.5895333887029E-38  1.8815430258157E-48
  1.0468611680561E-43  9.4076923878804E-45  3.3452803879598E-37  8.5997751675456E-38
  1.4766936511545E-37  1.2682429382019E-47  1.4195253228011E-37  1.1854593423402E-42
  1.1802776681823E-40  1.0703268676309E-41  1.2894198267603E-39  1.0763127823865E-44
  3.6248877057774E-38  2.9240676204656E-39  1.1582332295588E-42  3.3288105863591E-47
  1.8700575564656E-37  6.0331867044966E-38  1.2899864278113E-39  3.2105768490858E-39
  8.7024786527957E-38  8.1820713875805E-39  1.1693091735066E-44  1.9026106807851E-39
  4.8377569767699E-39  2.1075038253588E-41  1.7996766853050E-39  7.1545137591280E-40
  2.9472948776155E-38  3.3550979727435E-38  1.0480302044183E-41  1.8173234805262E-39
  2.3038505691637E-39  5.0105504384449E-44  1.6051602414596E-38  9.3719571550568E-41
  2.8570648568399E-37  2.1666043166753E-39  2.6731932287102E-42  4.1091365606326E-40
  4.8073374836632E-40  2.5255258351976E-42  1.2205551052367E-40  1.3040206452161E-41
  2.1483897731788E-39  1.3537314037280E-37  9.3142418784859E-40  4.9974694103569E-39
  2.4633765224355E-39  9.1660327053720E-48  1.3519805072679E-41  3.8108150110348E-44
  6.3286643836310E-41  3.1504546724471E-37  1.5146432457530E-38  4.1159498281413E-38
  9.5652274546338E-39  1.1826297779526E-47  1.3469127070232E-38  5.7565127741075E-42
  2.5973533079099E-38  1.4794834258973E-38  1.7508050919420E-40  2.6996396662174E-39
  6.1023086129981E-40  7.6893828000580E-44  2.7965920542672E-46  1.4003819550302E-38
  8.6603358472079E-43  1.9529116783660E-39  0.0000000000000E+00  1.0657897823740E-39
  1.5828279540583E-38  2.7267137240399E-42  1.1685107448633E-37  1.2263661774533E-43
  1.1052691664506E-42  2.0556748837322E-42  1.3984138831421E-39  2.8308847762339E-40
  8.2698610398482E-38  1.9432841412982E-44  4.3033910834829E-41  4.2765757858968E-40
  3.2231567858019E-41  1.3889460170974E-39  1.1867262469023E-38 -7.0328415807942E-49
  3.3893715276663E-40  2.1860468980853E-39  2.5276035395744E-41  3.8211352130141E-39
  1.5413975056465E-39  6.1540213869377E-48  1.4653662778907E-39  3.9222376898612E-41
  1.6723796784986E-40  3.2152617664264E-39  2.7212708954002E-39  2.1088531427021E-44
  7.9410747526252E-40  1.1189685654165E-43  1.9901242520951E-41  4.5093704928152E-40
  2.0338762702995E-38  1.8806854197985E-41  5.4258716373949E-40  1.5267208353736E-47
  3.6681065838661E-43  6.9028913021141E-42  1.0644813491771E-37  1.6103856847807E-39
  1.5194194277493E-39  6.6197065142751E-49  2.1345099082803E-43  8.9746320179587E-44
  1.4398091152998E-37  8.4395265738960E-39  1.1273297566084E-38 -1.5293317373170E-49
  2.3913157758889E-44  2.2446771591900E-45  5.4488031886448E-38  2.0424586714372E-38
  2.9017917182994E-38  3.7082210332274E-48  3.3094410182331E-38  2.3723422953863E-43
  2.3729621594367E-41  2.1307943557991E-42  2.5597480552994E-40  2.5767534479253E-45
  8.2845001024292E-39  6.7204836452476E-40  2.6334789951422E-43  8.4048249230575E-48
  4.4126789648213E-38  1.4317521841389E-38  2.5473539289267E-40  7.3940320266784E-40
  2.2292799465016E-38  1.8345507702264E-39  2.7908659497188E-45  4.3715205221187E-40
  9.5745896312336E-40  4.4429880702453E-42  4.0443892466891E-40  1.4746083302360E-40
  7.0547012678817E-39  7.7095543898177E-39  2.5395783541218E-42  4.0132235734822E-40
  5.1345016225982E-40  1.2054512497627E-44  3.7746897664496E-39  2.0478413020229E-41
  6.7074667865756E-38  4.7422003308210E-40  5.9720653047070E-43  8.9307349511279E-41
  1.0416933254332E-40  5.6530191646232E-43  2.1817860604753E-41  3.2067624249377E-42
  5.1398156252982E-40  3.1452571839957E-38  2.2585942456252E-40  1.0995089977864E-39
  5.4383729929599E-40  2.5658384014277E-48  2.8483491146056E-42  7.9119496991344E-45
  1.4977862219389E-41  7.4623226186967E-38  3.6126159226964E-39  8.9284289329615E-39
  2.1810802427798E-39 -3.9681442341011E-50  3.1024762459232E-39  1.3435603153329E-42
  5.9749226005183E-39  3.3291364391980E-39  3.9742410631985E-41  5.9290404777451E-40
  1.3386594738541E-40  1.7779368991944E-44  7.9646374502196E-47  4.0047920240492E-39
  1.7672616114348E-43  5.3184350442391E-40  0.0000000000000E+00  3.0693142220376E-40
  4.5342391406322E-39  6.4284467328077E-43  3.2561458749086E-38  2.8793087161989E-44
  2.6240735109994E-43  4.8035880431873E-43  3.8892656618385E-40  6.9678786522037E-41
  2.3761383094021E-38  5.4279946745270E-45  1.0720370232964E-41  1.1537562629945E-40
  8.0865715084519E-42  3.2702773691530E-40  3.3648961795840E-39 -9.7343949925250E-49
  9.8096710441614E-41  6.1040990375668E-40  6.3016827297266E-42  1.0715190754832E-39
  4.1067182338010E-40  3.5124958126575E-49  4.1373537295915E-40  1.1476633200550E-41
  4.4797181395667E-41  7.8189177847909E-40  7.3450418193088E-40  6.0575229043424E-45
  2.1949881888804E-40  3.2261604302093E-44  5.0142550519036E-42  1.3245918007490E-40
  5.6944419960111E-39  5.4968835538725E-42  1.4315339557767E-40  4.9416042976104E-48
  7.6752170663936E-44  2.0054675694315E-42  3.0240718803972E-38  4.7438875653796E-40
  4.0571559766174E-40  1.9731937039634E-49  5.3329364283839E-44  2.2206600642782E-44
  4.1155326319116E-38  2.4097493683557E-39  3.1464829584118E-39  1.3934285033878E-48
  6.5946959977049E-45  6.4185283060070E-46  1.5547490458711E-38  5.8140527561180E-39
  8.2501954882273E-39  1.9447644185998E-48  9.2682460461271E-39  5.8568961190120E-44
  5.8808647922447E-42  4.9475299354074E-43  7.0211501522363E-41  7.3867512319884E-46
  2.2855091566900E-39  1.8620588642861E-40  7.2325021770680E-44  2.6354282351387E-48
  1.2493714427580E-38  3.4873768709810E-39  6.8522788414514E-41  2.0519328013212E-40
  6.3952046763465E-39  4.9787625753034E-40  7.9885319832959E-46  1.2110367603746E-40
  2.6334861964656E-40  1.2874696085980E-42  1.1008424006972E-40  4.2625209586910E-41
  2.0178176545326E-39  2.1362897578142E-39  7.3559527605631E-43  1.0757676379281E-40
  1.3868779040300E-40  3.4711774502570E-45  1.0660711588477E-39  5.4445310287225E-42
  1.8898183444392E-38  1.2627914634276E-40  1.6164835240985E-43  2.3645581193881E-41
  2.7513277281492E-41  1.5324707865103E-43  5.0211904327117E-42  7.9537774520081E-43
  1.4696726273070E-40  8.7964698187104E-39  6.5390372069116E-41  2.9370085687536E-40
  1.4568820456282E-40  5.0791227603864E-49  6.2857122612194E-43  2.3045701712661E-45
  4.2467222566329E-42  2.1199956870220E-38  9.6751076833759E-40  2.4669559370250E-39
  6.0020510293980E-40 -5.5355812907883E-49  8.6114103828282E-40  3.7707016033723E-43
  1.6553564364087E-39  7.1623512867805E-40  1.0898513306567E-41  1.5831620521061E-40
  3.0225416257914E-41  4.5165351168076E-45  2.6618382677335E-47  1.3421199333154E-39
  4.5231533692141E-44  1.7152490442013E-40  0.0000000000000E+00  1.0338650323604E-40
  1.5214595207008E-39  1.8505944849608E-43  1.0690151932097E-38  8.2638466096254E-45
  7.5959120206172E-44  1.3730505724122E-43  1.2758793585126E-40  2.2158527798156E-41
  7.9909578566130E-39  1.7867754361972E-45  3.0463013245716E-42  3.6977334377938E-41
  2.4485534519997E-42  1.0519318575871E-40  1.1200628949044E-39  1.3864047363123E-49
  3.3172655511701E-41  2.0085852374847E-40  1.8987333913233E-42  3.5361602019009E-40
  9.7078045830828E-41  3.0087852089858E-49  1.3729159372986E-40  3.9160146912027E-42
  1.4276437541273E-41  2.6210580537930E-40  2.3525812076043E-40  2.0378934943848E-45
  7.1129573950946E-41  1.0884377678303E-44  1.5229841213443E-42  3.8759105615684E-41
  1.8773419595797E-39  1.8740925906591E-42  4.5027860348949E-41  1.1998746546727E-48
  1.9973083197527E-44  6.7987196257606E-43  1.0084085313815E-38  1.6264323149822E-40
  1.2882339969658E-40 -4.5242216476556E-49  1.6084132470677E-44  7.4817884637246E-45
  1.3788447563435E-38  8.0637122004667E-40  8.7431670977905E-40 -1.1529231361201E-49
  2.1491213169384E-45  2.1560672627967E-46  3.8711428034129E-39  1.9414013443759E-39
  2.7521520584917E-39  3.8224310145485E-49  3.0552431039473E-39  1.7499880190107E-44
  1.7890446154068E-42  1.3799134551112E-43  2.2772890358376E-41  2.4816725149200E-46
  7.4499625014167E-40  5.1489483467835E-41  2.3489573265557E-44  1.0205711858945E-48
  4.1543595870862E-39  1.1606639743098E-39  2.3515012186062E-41  6.7176749972252E-41
  2.1478086983402E-39  1.1127167892394E-40  2.4613358632142E-46  3.9598443905110E-41
  8.5651325971377E-41  4.3637918745700E-43  2.9835506859981E-41  1.4400166892652E-41
  5.5506182325462E-40  6.0287367475061E-40  2.4905263338451E-43  3.0906060533756E-41
  4.4530073212514E-41  1.1700281013969E-45  3.5387059749053E-40  1.7247040961102E-42
  6.2580216412726E-39  4.0054713058484E-41  5.1911237939068E-44  7.4673262784560E-42
  8.6724217863788E-42  4.9270154621407E-44  1.5450287734212E-42  2.7101214676032E-43
  3.5627582700516E-41  2.8980625701477E-39  2.2120162268461E-41  9.3318452147893E-41
  4.6394853554375E-41  3.0386203229989E-49  1.9388559472674E-43  7.8371896615982E-46
  1.4127246386873E-42  7.0693339666786E-39  3.2343283919539E-40  8.0480639804022E-40
  1.9519238056535E-40 -3.4649973017406E-49  2.8197430143881E-40  1.2454506802485E-43
  5.4105925698763E-40  2.3038297811615E-40  3.5353768856621E-42  5.0321135589315E-41
  9.5738910422154E-42  1.4814498251483E-45  9.8025109405785E-48  4.9502391070892E-40
  1.3757219131406E-44  6.1574185359708E-41  0.0000000000000E+00  3.8262463985947E-41
  5.6164501528379E-40  6.1302444092605E-44  3.8858310048016E-39  2.7319890617458E-45
  2.5260651903263E-44  4.5253114072039E-44  4.6368300122843E-41  7.8796391280768E-42
  2.9543556750977E-39  6.5094683836257E-46  1.0991039599303E-42  1.3223044194408E-41
  8.4128016762982E-43  3.7695300557807E-41  4.1113876532181E-40 -2.8309798242850E-50
  1.2310933116919E-41  7.3151340349761E-41  5.6331907435128E-43  1.2902109538780E-40
  3.4296368973144E-41  8.8905815542101E-50  5.0290897156142E-41  1.4628455688100E-42
  5.0848690704835E-42  9.6669427296230E-41  8.4048527214716E-41  7.5383028979028E-46
  2.5623909165321E-41  4.0341939465906E-45  5.2434923191484E-43  1.4467144232142E-41
  6.8455622712254E-40  6.9969386565909E-43  1.5880169877998E-41  5.3541180282944E-49
  6.1358508060039E-45  2.5276170524122E-43  3.7067136095914E-39  6.0945367111654E-41
  4.5736193076582E-41  2.5768863748464E-50  4.2932658884817E-45  2.7701867386092E-45
  5.0849460273120E-39  2.9706903146199E-40  2.7150313184005E-40  1.6933281922210E-49
  7.7740370661908E-46  7.9571148519889E-47  1.4190082879318E-39  7.1423347058615E-40
  8.6504053238605E-40  7.7673911557968E-50  1.1137303779928E-39  5.9544759030239E-45
  6.1005588601358E-43  4.6785967309065E-44  8.2082441983027E-42  9.1758496836552E-47
  2.6952776442922E-40  1.8631428502488E-41  7.1752109339290E-45  2.7179324448032E-49
  1.5238624931696E-39  4.2600551732135E-40  8.4132089048767E-42  2.1518422012019E-41
  7.0677186651642E-40  3.9702298593569E-41  9.0799094733141E-47  1.4356447125439E-41
  3.0940609303487E-41  1.6218256461950E-43  9.2750262065274E-42  5.3404463713154E-42
  2.0398853226426E-40  2.1824644275972E-40  9.2537943672511E-44  1.0990908338309E-41
  1.5922217704736E-41  4.3345115237779E-46  1.2965928124645E-40  6.1164842962392E-43
  2.2885669395652E-39  1.4218383751593E-41  1.8584372190691E-44  2.6426639546952E-42
  3.0651102326565E-42  1.7652816995529E-44  5.3683739382373E-43  1.0114051939100E-43
  1.3075536301440E-41  1.0563483735512E-39  8.2114895204057E-42  2.8005172436176E-41
  1.6508842985433E-41  4.6836372410013E-50  6.7480342896686E-44  2.9197602225998E-46
  4.5223454289684E-43  2.5984874248524E-39  1.1907169930387E-40  2.9127911145574E-40
  7.0489345707758E-41  2.2852419306117E-50  1.0231689700630E-40  4.5474156468221E-44
  1.7312418530867E-40  8.2588755279280E-41  1.2746150639446E-42  1.7888264187750E-41
  3.3952157091726E-42  5.3834860895033E-46  3.1026993516981E-48  1.5684596351178E-40
  3.9069064963045E-45  1.9214414792943E-41  0.0000000000000E+00  1.2145613283357E-41
  1.7803649213548E-40  1.8282571710160E-44  1.2211215703379E-39  8.1389748900772E-46
  7.5502479308789E-45  1.3457308358866E-44  1.4571238328196E-41  2.4462234975411E-42
  9.3729274916856E-40  2.0484741082611E-46  3.4397906190663E-43  4.1181648304281E-42
  2.5619041616665E-43  1.1751494214433E-41  1.2991386208600E-40  1.3606747167878E-50
  3.9139287564300E-42  2.3014942810577E-41  1.7105263032483E-43  4.0631512089629E-41
  1.0605833405981E-41  7.4145805420475E-51  1.5873344351530E-41  4.6682207556934E-43
  1.5800627429423E-42  3.0625766672456E-41  2.6157374458966E-41  2.3924890652926E-46
  8.0122083075437E-42  1.2818085634531E-45  1.5985509250961E-43  4.6139245626305E-42
  2.1551620790462E-40  2.2321962331495E-43  4.9061508201449E-42  1.6495317971217E-49
  1.7511910549553E-45  8.0439351024398E-44  1.1722457296594E-39  1.9481120107491E-41
  1.4183190433735E-41 -5.7436297815935E-50  1.3028490625386E-45  8.7964044078470E-46
  1.6110363715932E-39  9.4058388111263E-41  8.5192389240923E-41  5.3375261621901E-50
  2.4365945296636E-46  2.5232955241007E-47  4.4805043729296E-40  2.2597667817082E-40
  2.7330126630099E-40  4.8486187382485E-50  3.5054533572708E-40  1.8031796213283E-45
  1.8496400709943E-43  1.2733823511464E-44  2.5673084711521E-42  2.9110524486102E-47
  8.4483568811497E-41  5.8404564745267E-42  2.2432930021120E-45  8.3459791203044E-50
  4.8133598902373E-40  1.3460590155177E-40  2.6185181739725E-42  6.7503081292735E-42
  2.2392875703507E-40  1.2347631879459E-41  2.8765457195758E-47  4.5052811375254E-42
  9.6903454484638E-42  5.1609451225485E-44  2.8901229726849E-42  1.6971855749308E-42
  6.4491213059546E-41  6.8432858282568E-41  2.9443186046042E-44  3.4119718897885E-42
  4.9579199889449E-42  1.3767725544777E-46  4.0930997256461E-41  1.8959822252648E-43
  6.1045936211950E-40  4.4097570534604E-42  5.7910128149747E-45  8.1822515253495E-43
  9.4985769876579E-43  5.5031360501742E-45  1.6450824068262E-43  3.2258808427891E-44
  4.1307183921994E-42  3.3250535972820E-40  2.6110726785087E-42  8.6790097673755E-42
  5.1264130127369E-42  3.2561233194598E-50  2.0697742581102E-44  9.3075770970335E-47
  1.4269846216106E-43  8.2175236890752E-40  3.7686352466105E-41  9.1315164067746E-41
  2.2070954829597E-41  4.1048559053065E-50  3.2124959081788E-41  1.4327077622609E-44
  5.4267925223838E-41  2.5756134959777E-41  3.9874423423352E-43  5.5523421243311E-42
  1.0524297918365E-42  1.6916436419336E-46
          0          0       3082       3082       6164
          0          0         99         99        198
          1          2          1          2          1          2          3          4
          4          5          3          4          4          5          3          4
          4          5          6          7          7          7          8          9
          9          9         10         11         11         12         13         14
         14         15         10         11         12         11         13         14
         15         14         10         12         11         11         13         15
         14         14         16         17         17         18         19         20
         20         21         16         17         18         17         19         20
         21         20         16         18         17         17         19         21
         20         20         22         23         23         24         25         26
         26         27         22         23         24         23         25         26
         27         26         22         24         23         23         25         27
         26         26         28         29         30         31         32         33
         34         35         28         29         31         30         32         33
         35         34         28         30         29         31         32         34
         33         35         28         31         30         29         32         35
         34         33         28         31         29         30         32         35
         33         34         28         30         31         29         32         34
         35         33          1          2          1          2          1          2
          3          4          4          4          5          6          6          6
          7          8          8          9         10         11         11         12
          7          8          9          8         10         11         12         11
          7          9          8          8         10         12         11         11
         13         14         14         15         16         17         17         18
         13         14         15         14         16         17         18         17
         13         15         14         14         16         18         17         17
         19         20         20         21         22         23         23         24
         19         20         21         20         22         23         24         23
         19         21         20         20         22         24         23         23
         25         26         26         27         28         29         29         30
         25         26         27         26         28         29         30         29
         25         27         26         26         28         30         29         29
         31         32         32         33         34         35         35         36
         31         32         33         32         34         35         36         35
         31         33         32         32         34         36         35         35
         37         38         38         39         40         41         41         42
         37         38         39         38         40         41         42         41
         37         39         38         38         40         42         41         41
         43         44         45         46         43         45         44         46
         43         44         45         46         43         45         44         46
         43         44         45         46         43         45         44         46
         47         48         49         50         47         49         48         50
         47         48         49         50         47         49         48         50
         47         48         49         50         47         49         48         50
         51         52         53         54         55         56         57         58
         51         52         54         53         55         56         58         57
         51         53         52         54         55         57         56         58
         51         54         53         52         55         58         57         56
         51         54         52         53         55         58         56         57
         51         53         54         52         55         57         58         56
         59         60         61         62         63         64         65         66
         59         60         62         61         63         64         66         65
         59         61         60         62         63         65         64         66
         59         62         61         60         63         66         65         64
         59         62         60         61         63         66         64         65
         59         61         62         60         63         65         66         64
          1          2          1          2          1          2          3          4
          4          4          5          6          6          6          7          8
          8          9         10         11         11         12          7          8
          9          8         10         11         12         11          7          9
          8          8         10         12         11         11         13         14
         14         15         16         17         17         18         13         14
         15         14         16         17         18         17         13         15
         14         14         16         18         17         17         19         20
         20         21         22         23         23         24         19         20
         21         20         22         23         24         23         19         21
         20         20         22         24         23         23         25         26
         26         27         28         29         29         30         25         26
         27         26         28         29         30         29         25         27
         26         26         28         30         29         29         31         32
         32         33         34         35         35         36         31         32
         33         32         34         35         36         35         31         33
         32         32         34         36         35         35         37         38
         38         39         40         41         41         42         37         38
         39         38         40         41         42         41         37         39
         38         38         40         42         41         41         43         44
         44         45         46         47         47         48         43         44
         45         44         46         47         48         47         43         45
         44         44         46         48         47         47         49         50
         50         51         52         53         53         54         49         50
         51         50         52         53         54         53         49         51
         50         50         52         54         53         53         55         56
         56         57         58         59         59         60         55         56
         57         56         58         59         60         59         55         57
         56         56         58         60         59         59         61         62
         63         64         61         63         62         64         61         62
         63         64         61         63         62         64         61         62
         63         64         61         63         62         64         65         66
         67         68         65         67         66         68         65         66
         67         68         65         67         66         68         65         66
         67         68         65         67         66         68         69         70
         71         72         69         71         70         72         69         70
         71         72         69         71         70         72         69         70
         71         72         69         71         70         72         73         74
         75         76         77         78         79         80         73         74
         76         75         77         78         80         79         73         75
         74         76         77         79         78         80         73         76
         75         74         77         80         79         78         73         76
         74         75         77         80         78         79         73         75
         76         74         77         79         80         78         81         82
         83         84         85         86         87         88         81         82
         84         83         85         86         88         87         81         83
         82         84         85         87         86         88         81         84
         83         82         85         88         87         86         81         84
         82         83         85         88         86         87         81         83
         84         82         85         87         88         86         89         90
         91         92         93         94         95         96         89         90
         92         91         93         94         96         95         89         91
         90         92         93         95         94         96         89         92
         91         90         93         96         95         94         89         92
         90         91         93         96         94         95         89         91
         92         90         93         95         96         94         97         98
         99        100        101        102        103        104         97         98
        100         99        101        102        104        103         97         99
         98        100        101        103        102        104         97        100
         99         98        101        104        103        102         97        100
         98         99        101        104        102        103         97         99
        100         98        101        103        104        102        105        106
        107        108        109        110        111        112        105        106
        108        107        109        110        112        111        105        107
        106        108        109        111        110        112        105        108
        107        106        109        112        111        110        105        108
        106        107        109        112        110        111        105        107
        108        106        109        111        112        110        113        114
        115        116        117        118        119        120        113        114
        116        115        117        118        120        119        113        115
        114        116        117        119        118        120        113        116
        115        114        117        120        119        118        113        116
        114        115        117        120        118        119        113        115
        116        114        117        119        120        118          1          2
          1          2          1          2          3          4          4          4
          5          6          6          6          7          8          8          9
         10         11         11         12          7          8          9          8
         10         11         12         11          7          9          8          8
         10         12         11         11         13         14         14         15
         16         17         17         18         13         14         15         14
         16         17         18         17         13         15         14         14
         16         18         17         17         19         20         20         21
         22         23         23         24         19         20         21         20
         22         23         24         23         19         21         20         20
         22         24         23         23         25         26         26         27
         28         29         29         30         25         26         27         26
         28         29         30         29         25         27         26         26
         28         30         29         29         31         32         32         33
         34         35         35         36         31         32         33         32
         34         35         36         35         31         33         32         32
         34         36         35         35         37         38         38         39
         40         41         41         42         37         38         39         38
         40         41         42         41         37         39         38         38
         40         42         41         41         43         44         44         45
         46         47         47         48         43         44         45         44
         46         47         48         47         43         45         44         44
         46         48         47         47         49         50         50         51
         52         53         53         54         49         50         51         50
         52         53         54         53         49         51         50         50
         52         54         53         53         55         56         56         57
         58         59         59         60         55         56         57         56
         58         59         60         59         55         57         56         56
         58         60         59         59         61         62         62         63
         64         65         65         66         61         62         63         62
         64         65         66         65         61         63         62         62
         64         66         65         65         67         68         68         69
         70         71         71         72         67         68         69         68
         70         71         72         71         67         69         68         68
         70         72         71         71         73         74         74         75
         76         77         77         78         73         74         75         74
         76         77         78         77         73         75         74         74
         76         78         77         77         79         80         80         81
         82         83         83         84         79         80         81         80
         82         83         84         83         79         81         80         80
         82         84         83         83         85         86         86         87
         88         89         89         90         85         86         87         86
         88         89         90         89         85         87         86         86
         88         90         89         89         91         92         92         93
         94         95         95         96         91         92         93         92
         94         95         96         95         91         93         92         92
         94         96         95         95         97         98         99        100
         97         99         98        100         97         98         99        100
         97         99         98        100         97         98         99        100
         97         99         98        100        101        102        103        104
        101        103        102        104        101        102        103        104
        101        103        102        104        101        102        103        104
        101        103        102        104        105        106        107        108
        105        107        106        108        105        106        107        108
        105        107        106        108        105        106        107        108
        105        107        106        108        109        110        111        112
        109        111        110        112        109        110        111        112
        109        111        110        112        109        110        111        112
        109        111        110        112        113        114        115        116
        113        115        114        116        113        114        115        116
        113        115        114        116        113        114        115        116
        113        115        114        116        117        118        119        120
        121        122        123        124        117        118        120        119
        121        122        124        123        117        119        118        120
        121        123        122        124        117        120        119        118
        121        124        123        122        117        120        118        119
        121        124        122        123        117        119        120        118
        121        123        124        122        125        126        127        128
        129        130        131        132        125        126        128        127
        129        130        132        131        125        127        126        128
        129        131        130        132        125        128        127        126
        129        132        131        130        125        128        126        127
        129        132        130        131        125        127        128        126
        129        131        132        130        133        134        135        136
        137        138        139        140        133        134        136        135
        137        138        140        139        133        135        134        136
        137        139        138        140        133        136        135        134
        137        140        139        138        133        136        134        135
        137        140        138        139        133        135        136        134
        137        139        140        138        141        142        143        144
        145        146        147        148        141        142        144        143
        145        146        148        147        141        143        142        144
        145        147        146        148        141        144        143        142
        145        148        147        146        141        144        142        143
        145        148        146        147        141        143        144        142
        145        147        148        146        149        150        151        152
        153        154        155        156        149        150        152        151
        153        154        156        155        149        151        150        152
        153        155        154        156        149        152        151        150
        153        156        155        154        149        152        150        151
        153        156        154        155        149        151        152        150
        153        155        156        154        157        158        159        160
        161        162        163        164        157        158        160        159
        161        162        164        163        157        159        158        160
        161        163        162        164        157        160        159        158
        161        164        163        162        157        160        158        159
        161        164        162        163        157        159        160        158
        161        163        164        162        165        166        167        168
        169        170        171        172        165        166        168        167
        169        170        172        171        165        167        166        168
        169        171        170        172        165        168        167        166
        169        172        171        170        165        168        166        167
        169        172        170        171        165        167        168        166
        169        171        172        170        173        174        175        176
        177        178        179        180        173        174        176        175
        177        178        180        179        173        175        174        176
        177        179        178        180        173        176        175        174
        177        180        179        178        173        176        174        175
        177        180        178        179        173        175        176        174
        177        179        180        178        181        182        183        184
        185        186        187        188        181        182        184        183
        185        186        188        187        181        183        182        184
        185        187        186        188        181        184        183        182
        185        188        187        186        181        184        182        183
        185        188        186        187        181        183        184        182
        185        187        188        186        189        190        191        192
        193        194        195        196        189        190        192        191
        193        194        196        195        189        191        190        192
        193        195        194        196        189        192        191        190
        193        196        195        194        189        192        190        191
        193        196        194        195        189        191        192        190
        193        195        196        194        197        198        199        200
        201        202        203        204        197        198        200        199
        201        202        204        203        197        199        198        200
        201        203        202        204        197        200        199        198
        201        204        203        202        197        200        198        199
        201        204        202        203        197        199        200        198
        201        203        204        202        205        206        207        208
        209        210        211        212        205        206        208        207
        209        210        212        211        205        207        206        208
        209        211        210        212        205        208        207        206
        209        212        211        210        205        208        206        207
        209        212        210        211        205        207        208        206
        209        211        212        210        213        214        215        216
        217        218        219        220        213        214        216        215
        217        218        220        219        213        215        214        216
        217        219        218        220        213        216        215        214
        217        220        219        218        213        216        214        215
        217        220        218        219        213        215        216        214
        217        219        220        218        221        222        223        224
        225        226        227        228        221        222        224        223
        225        226        228        227        221        223        222        224
        225        227        226        228        221        224        223        222
        225        228        227        226        221        224        222        223
        225        228        226        227        221        223        224        222
        225        227        228        226        229        230        231        232
        233        234        235        236        229        230        232        231
        233        234        236        235        229        231        230        232
        233        235        234        236        229        232        231        230
        233        236        235        234        229        232        230        231
        233        236        234        235        229        231        232        230
        233        235        236        234        237        238        239        240
        241        242        243        244        237        238        240        239
        241        242        244        243        237        239        238        240
        241        243        242        244        237        240        239        238
        241        244        243        242        237        240        238        239
        241        244        242        243        237        239        240        238
        241        243        244        242        245        246        247        248
        249        250        251        252        245        246        248        247
        249        250        252        251        245        247        246        248
        249        251        250        252        245        248        247        246
        249        252        251        250        245        248        246        247
        249        252        250        251        245        247        248        246
        249        251        252        250        253        254        255        256
        257        258        259        260        253        254        256        255
        257        258        260        259        253        255        254        256
        257        259        258        260        253        256        255        254
        257        260        259        258        253        256        254        255
        257        260        258        259        253        255        256        254
        257        259        260        258        261        262        263        264
        265        266        267        268        261        262        264        263
        265        266        268        267        261        263        262        264
        265        267        266        268        261        264        263        262
        265        268        267        266        261        264        262        263
        265        268        266        267        261        263        264        262
        265        267        268        266        269        270        271        272
        273        274        275        276        269        270        272        271
        273        274        276        275        269        271        270        272
        273        275        274        276        269        272        271        270
        273        276        275        274        269        272        270        271
        273        276        274        275        269        271        272        270
        273        275        276        274          1          2          1          2
          1          2          3          4          4          4          5          6
          6          6          7          8          8          9         10         11
         11         12          7          8          9          8         10         11
         12         11          7          9          8          8         10         12
         11         11         13         14         14         15         16         17
         17         18         13         14         15         14         16         17
         18         17         13         15         14         14         16         18
         17         17         19         20         20         21         22         23
         23         24         19         20         21         20         22         23
         24         23         19         21         20         20         22         24
         23         23         25         26         26         27         28         29
         29         30         25         26         27         26         28         29
         30         29         25         27         26         26         28         30
         29         29         31         32         32         33         34         35
         35         36         31         32         33         32         34         35
         36         35         31         33         32         32         34         36
         35         35         37         38         38         39         40         41
         41         42         37         38         39         38         40         41
         42         41         37         39         38         38         40         42
         41         41         43         44         44         45         46         47
         47         48         43         44         45         44         46         47
         48         47         43         45         44         44         46         48
         47         47         49         50         50         51         52         53
         53         54         49         50         51         50         52         53
         54         53         49         51         50         50         52         54
         53         53         55         56         56         57         58         59
         59         60         55         56         57         56         58         59
         60         59         55         57         56         56         58         60
         59         59         61         62         63         64         61         63
         62         64         61         62         63         64         61         63
         62         64         61         62         63         64         61         63
         62         64         65         66         67         68         65         67
         66         68         65         66         67         68         65         67
         66         68         65         66         67         68         65         67
         66         68         69         70         71         72         69         71
         70         72         69         70         71         72         69         71
         70         72         69         70         71         72         69         71
         70         72         73         74         75         76         77         78
         79         80         73         74         76         75         77         78
         80         79         73         75         74         76         77         79
         78         80         73         76         75         74         77         80
         79         78         73         76         74         75         77         80
         78         79         73         75         76         74         77         79
         80         78         81         82         83         84         85         86
         87         88         81         82         84         83         85         86
         88         87         81         83         82         84         85         87
         86         88         81         84         83         82         85         88
         87         86         81         84         82         83         85         88
         86         87         81         83         84         82         85         87
         88         86         89         90         91         92         93         94
         95         96         89         90         92         91         93         94
         96         95         89         91         90         92         93         95
         94         96         89         92         91         90         93         96
         95         94         89         92         90         91         93         96
         94         95         89         91         92         90         93         95
         96         94         97         98         99        100        101        102
        103        104         97         98        100         99        101        102
        104        103         97         99         98        100        101        103
        102        104         97        100         99         98        101        104
        103        102         97        100         98         99        101        104
        102        103         97         99        100         98        101        103
        104        102        105        106        107        108        109        110
        111        112        105        106        108        107        109        110
        112        111        105        107        106        108        109        111
        110        112        105        108        107        106        109        112
        111        110        105        108        106        107        109        112
        110        111        105        107        108        106        109        111
        112        110        113        114        115        116        117        118
        119        120        113        114        116        115        117        118
        120        119        113        115        114        116        117        119
        118        120        113        116        115        114        117        120
        119        118        113        116        114        115        117        120
        118        119        113        115        116        114        117        119
        120        118          1          2          1          2          1          2
          3          4          4          5          3          4          4          5
          3          4          4          5          6          7          7          7
          8          9          9          9         10         11         11         12
         13         14         14         15         10         11         12         11
         13         14         15         14         10         12         11         11
         13         15         14         14         16         17         17         18
         19         20         20         21         16         17         18         17
         19         20         21         20         16         18         17         17
         19         21         20         20         22         23         23         24
         25         26         26         27         22         23         24         23
         25         26         27         26         22         24         23         23
         25         27         26         26         28         29         30         31
         32         33         34         35         28         29         31         30
         32         33         35         34         28         30         29         31
         32         34         33         35         28         31         30         29
         32         35         34         33         28         31         29         30
         32         35         33         34         28         30         31         29
         32         34         35         33          1          2          1          2
          1          2          3          4          4          4          5          6
          6          6          7          8          8          9         10         11
         11         12          7          8          9          8         10         11
         12         11          7          9          8          8         10         12
         11         11         13         14         14         15         16         17
         17         18         13         14         15         14         16         17
         18         17         13         15         14         14         16         18
         17         17         19         20         20         21         22         23
         23         24         19         20         21         20         22         23
         24         23         19         21         20         20         22         24
         23         23         25         26         26         27         28         29
         29         30         25         26         27         26         28         29
         30         29         25         27         26         26         28         30
         29         29         31         32         32         33         34         35
         35         36         31         32         33         32         34         35
         36         35         31         33         32         32         34         36
         35         35         37         38         38         39         40         41
         41         42         37         38         39         38         40         41
         42         41         37         39         38         38         40         42
         41         41         43         44         45         46         43         45
         44         46         43         44         45         46         43         45
         44         46         43         44         45         46         43         45
         44         46         47         48         49         50         47         49
         48         50         47         48         49         50         47         49
         48         50         47         48         49         50         47         49
         48         50         51         52         53         54         55         56
         57         58         51         52         54         53         55         56
         58         57         51         53         52         54         55         57
         56         58         51         54         53         52         55         58
         57         56         51         54         52         53         55         58
         56         57         51         53         54         52         55         57
         58         56         59         60         61         62         63         64
         65         66         59         60         62         61         63         64
         66         65         59         61         60         62         63         65
         64         66         59         62         61         60         63         66
         65         64         59         62         60         61         63         66
         64         65         59         61         62         60         63         65
         66         64          1          2          1          2          1          2
          3          4          4          4          5          6          6          6
          7          8          8          9         10         11         11         12
          7          8          9          8         10         11         12         11
          7          9          8          8         10         12         11         11
         13         14         14         15         16         17         17         18
         13         14         15         14         16         17         18         17
         13         15         14         14         16         18         17         17
         19         20         20         21         22         23         23         24
         19         20         21         20         22         23         24         23
         19         21         20         20         22         24         23         23
         25         26         26         27         28         29         29         30
         25         26         27         26         28         29         30         29
         25         27         26         26         28         30         29         29
         31         32         32         33         34         35         35         36
         31         32         33         32         34         35         36         35
         31         33         32         32         34         36         35         35
         37         38         38         39         40         41         41         42
         37         38         39         38         40         41         42         41
         37         39         38         38         40         42         41         41
         43         44         44         45         46         47         47         48
         43         44         45         44         46         47         48         47
         43         45         44         44         46         48         47         47
         49         50         50         51         52         53         53         54
         49         50         51         50         52         53         54         53
         49         51         50         50         52         54         53         53
         55         56         56         57         58         59         59         60
         55         56         57         56         58         59         60         59
         55         57         56         56         58         60         59         59
         61         62         63         64         61         63         62         64
         61         62         63         64         61         63         62         64
         61         62         63         64         61         63         62         64
         65         66         67         68         65         67         66         68
         65         66         67         68         65         67         66         68
         65         66         67         68         65         67         66         68
         69         70         71         72         69         71         70         72
         69         70         71         72         69         71         70         72
         69         70         71         72         69         71         70         72
         73         74         75         76         77         78         79         80
         73         74         76         75         77         78         80         79
         73         75         74         76         77         79         78         80
         73         76         75         74         77         80         79         78
         73         76         74         75         77         80         78         79
         73         75         76         74         77         79         80         78
         81         82         83         84         85         86         87         88
         81         82         84         83         85         86         88         87
         81         83         82         84         85         87         86         88
         81         84         83         82         85         88         87         86
         81         84         82         83         85         88         86         87
         81         83         84         82         85         87         88         86
         89         90         91         92         93         94         95         96
         89         90         92         91         93         94         96         95
         89         91         90         92         93         95         94         96
         89         92         91         90         93         96         95         94
         89         92         90         91         93         96         94         95
         89         91         92         90         93         95         96         94
         97         98         99        100        101        102        103        104
         97         98        100         99        101        102        104        103
         97         99         98        100        101        103        102        104
         97        100         99         98        101        104        103        102
         97        100         98         99        101        104        102        103
         97         99        100         98        101        103        104        102
        105        106        107        108        109        110        111        112
        105        106        108        107        109        110        112        111
        105        107        106        108        109        111        110        112
        105        108        107        106        109        112        111        110
        105        108        106        107        109        112        110        111
        105        107        108        106        109        111        112        110
        113        114        115        116        117        118        119        120
        113        114        116        115        117        118        120        119
        113        115        114        116        117        119        118        120
        113        116        115        114        117        120        119        118
        113        116        114        115        117        120        118        119
        113        115        116        114        117        119        120        118
          1          2          1          2          1          2          3          4
          4          4          5          6          6          6          7          8
          8          9         10         11         11         12          7          8
          9          8         10         11         12         11          7          9
          8          8         10         12         11         11         13         14
         14         15         16         17         17         18         13         14
         15         14         16         17         18         17         13         15
         14         14         16         18         17         17         19         20
         20         21         22         23         23         24         19         20
         21         20         22         23         24         23         19         21
         20         20         22         24         23         23         25         26
         26         27         28         29         29         30         25         26
         27         26         28         29         30         29         25         27
         26         26         28         30         29         29         31         32
         32         33         34         35         35         36         31         32
         33         32         34         35         36         35         31         33
         32         32         34         36         35         35         37         38
         38         39         40         41         41         42         37         38
         39         38         40         41         42         41         37         39
         38         38         40         42         41         41         43         44
         44         45         46         47         47         48         43         44
         45         44         46         47         48         47         43         45
         44         44         46         48         47         47         49         50
         50         51         52         53         53         54         49         50
         51         50         52         53         54         53         49         51
         50         50         52         54         53         53         55         56
         56         57         58         59         59         60         55         56
         57         56         58         59         60         59         55         57
         56         56         58         60         59         59         61         62
         62         63         64         65         65         66         61         62
         63         62         64         65         66         65         61         63
         62         62         64         66         65         65         67         68
         68         69         70         71         71         72         67         68
         69         68         70         71         72         71         67         69
         68         68         70         72         71         71         73         74
         74         75         76         77         77         78         73         74
         75         74         76         77         78         77         73         75
         74         74         76         78         77         77         79         80
         80         81         82         83         83         84         79         80
         81         80         82         83         84         83         79         81
         80         80         82         84         83         83         85         86
         86         87         88         89         89         90         85         86
         87         86         88         89         90         89         85         87
         86         86         88         90         89         89         91         92
         92         93         94         95         95         96         91         92
         93         92         94         95         96         95         91         93
         92         92         94         96         95         95         97         98
         99        100         97         99         98        100         97         98
         99        100         97         99         98        100         97         98
         99        100         97         99         98        100        101        102
        103        104        101        103        102        104        101        102
        103        104        101        103        102        104        101        102
        103        104        101        103        102        104        105        106
        107        108        105        107        106        108        105        106
        107        108        105        107        106        108        105        106
        107        108        105        107        106        108        109        110
        111        112        109        111        110        112        109        110
        111        112        109        111        110        112        109        110
        111        112        109        111        110        112        113        114
        115        116        113        115        114        116        113        114
        115        116        113        115        114        116        113        114
        115        116        113        115        114        116        117        118
        119        120        121        122        123        124        117        118
        120        119        121        122        124        123        117        119
        118        120        121        123        122        124        117        120
        119        118        121        124        123        122        117        120
        118        119        121        124        122        123        117        119
        120        118        121        123        124        122        125        126
        127        128        129        130        131        132        125        126
        128        127        129        130        132        131        125        127
        126        128        129        131        130        132        125        128
        127        126        129        132        131        130        125        128
        126        127        129        132        130        131        125        127
        128        126        129        131        132        130        133        134
        135        136        137        138        139        140        133        134
        136        135        137        138        140        139        133        135
        134        136        137        139        138        140        133        136
        135        134        137        140        139        138        133        136
        134        135        137        140        138        139        133        135
        136        134        137        139        140        138        141        142
        143        144        145        146        147        148        141        142
        144        143        145        146        148        147        141        143
        142        144        145        147        146        148        141        144
        143        142        145        148        147        146        141        144
        142        143        145        148        146        147        141        143
        144        142        145        147        148        146        149        150
        151        152        153        154        155        156        149        150
        152        151        153        154        156        155        149        151
        150        152        153        155        154        156        149        152
        151        150        153        156        155        154        149        152
        150        151        153        156        154        155        149        151
        152        150        153        155        156        154        157        158
        159        160        161        162        163        164        157        158
        160        159        161        162        164        163        157        159
        158        160        161        163        162        164        157        160
        159        158        161        164        163        162        157        160
        158        159        161        164        162        163        157        159
        160        158        161        163        164        162        165        166
        167        168        169        170        171        172        165        166
        168        167        169        170        172        171        165        167
        166        168        169        171        170        172        165        168
        167        166        169        172        171        170        165        168
        166        167        169        172        170        171        165        167
        168        166        169        171        172        170        173        174
        175        176        177        178        179        180        173        174
        176        175        177        178        180        179        173        175
        174        176        177        179        178        180        173        176
        175        174        177        180        179        178        173        176
        174        175        177        180        178        179        173        175
        176        174        177        179        180        178        181        182
        183        184        185        186        187        188        181        182
        184        183        185        186        188        187        181        183
        182        184        185        187        186        188        181        184
        183        182        185        188        187        186        181        184
        182        183        185        188        186        187        181        183
        184        182        185        187        188        186        189        190
        191        192        193        194        195        196        189        190
        192        191        193        194        196        195        189        191
        190        192        193        195        194        196        189        192
        191        190        193        196        195        194        189        192
        190        191        193        196        194        195        189        191
        192        190        193        195        196        194        197        198
        199        200        201        202        203        204        197        198
        200        199        201        202        204        203        197        199
        198        200        201        203        202        204        197        200
        199        198        201        204        203        202        197        200
        198        199        201        204        202        203        197        199
        200        198        201        203        204        202        205        206
        207        208        209        210        211        212        205        206
        208        207        209        210        212        211        205        207
        206        208        209        211        210        212        205        208
        207        206        209        212        211        210        205        208
        206        207        209        212        210        211        205        207
        208        206        209        211        212        210        213        214
        215        216        217        218        219        220        213        214
        216        215        217        218        220        219        213        215
        214        216        217        219        218        220        213        216
        215        214        217        220        219        218        213        216
        214        215        217        220        218        219        213        215
        216        214        217        219        220        218        221        222
        223        224        225        226        227        228        221        222
        224        223        225        226        228        227        221        223
        222        224        225        227        226        228        221        224
        223        222        225        228        227        226        221        224
        222        223        225        228        226        227        221        223
        224        222        225        227        228        226        229        230
        231        232        233        234        235        236        229        230
        232        231        233        234        236        235        229        231
        230        232        233        235        234        236        229        232
        231        230        233        236        235        234        229        232
        230        231        233        236        234        235        229        231
        232        230        233        235        236        234        237        238
        239        240        241        242        243        244        237        238
        240        239        241        242        244        243        237        239
        238        240        241        243        242        244        237        240
        239        238        241        244        243        242        237        240
        238        239        241        244        242        243        237        239
        240        238        241        243        244        242        245        246
        247        248        249        250        251        252        245        246
        248        247        249        250        252        251        245        247
        246        248        249        251        250        252        245        248
        247        246        249        252        251        250        245        248
        246        247        249        252        250        251        245        247
        248        246        249        251        252        250        253        254
        255        256        257        258        259        260        253        254
        256        255        257        258        260        259        253        255
        254        256        257        259        258        260        253        256
        255        254        257        260        259        258        253        256
        254        255        257        260        258        259        253        255
        256        254        257        259        260        258        261        262
        263        264        265        266        267        268        261        262
        264        263        265        266        268        267        261        263
        262        264        265        267        266        268        261        264
        263        262        265        268        267        266        261        264
        262        263        265        268        266        267        261        263
        264        262        265        267        268        266        269        270
        271        272        273        274        275        276        269        270
        272        271        273        274        276        275        269        271
        270        272        273        275        274        276        269        272
        271        270        273        276        275        274        269        272
        270        271        273        276        274        275        269        271
        272        270        273        275        276        274          1          2
          1          2          1          2          3          4          4          4
          5          6          6          6          7          8          8          9
         10         11         11         12          7          8          9          8
         10         11         12         11          7          9          8          8
         10         12         11         11         13         14         14         15
         16         17         17         18         13         14         15         14
         16         17         18         17         13         15         14         14
         16         18         17         17         19         20         20         21
         22         23         23         24         19         20         21         20
         22         23         24         23         19         21         20         20
         22         24         23         23         25         26         26         27
         28         29         29         30         25         26         27         26
         28         29         30         29         25         27         26         26
         28         30         29         29         31         32         32         33
         34         35         35         36         31         32         33         32
         34         35         36         35         31         33         32         32
         34         36         35         35         37         38         38         39
         40         41         41         42         37         38         39         38
         40         41         42         41         37         39         38         38
         40         42         41         41         43         44         44         45
         46         47         47         48         43         44         45         44
         46         47         48         47         43         45         44         44
         46         48         47         47         49         50         50         51
         52         53         53         54         49         50         51         50
         52         53         54         53         49         51         50         50
         52         54         53         53         55         56         56         57
         58         59         59         60         55         56         57         56
         58         59         60         59         55         57         56         56
         58         60         59         59         61         62         63         64
         61         63         62         64         61         62         63         64
         61         63         62         64         61         62         63         64
         61         63         62         64         65         66         67         68
         65         67         66         68         65         66         67         68
         65         67         66         68         65         66         67         68
         65         67         66         68         69         70         71         72
         69         71         70         72         69         70         71         72
         69         71         70         72         69         70         71         72
         69         71         70         72         73         74         75         76
         77         78         79         80         73         74         76         75
         77         78         80         79         73         75         74         76
         77         79         78         80         73         76         75         74
         77         80         79         78         73         76         74         75
         77         80         78         79         73         75         76         74
         77         79         80         78         81         82         83         84
         85         86         87         88         81         82         84         83
         85         86         88         87         81         83         82         84
         85         87         86         88         81         84         83         82
         85         88         87         86         81         84         82         83
         85         88         86         87         81         83         84         82
         85         87         88         86         89         90         91         92
         93         94         95         96         89         90         92         91
         93         94         96         95         89         91         90         92
         93         95         94         96         89         92         91         90
         93         96         95         94         89         92         90         91
         93         96         94         95         89         91         92         90
         93         95         96         94         97         98         99        100
        101        102        103        104         97         98        100         99
        101        102        104        103         97         99         98        100
        101        103        102        104         97        100         99         98
        101        104        103        102         97        100         98         99
        101        104        102        103         97         99        100         98
        101        103        104        102        105        106        107        108
        109        110        111        112        105        106        108        107
        109        110        112        111        105        107        106        108
        109        111        110        112        105        108        107        106
        109        112        111        110        105        108        106        107
        109        112        110        111        105        107        108        106
        109        111        112        110        113        114        115        116
        117        118        119        120        113        114        116        115
        117        118        120        119        113        115        114        116
        117        119        118        120        113        116        115        114
        117        120        119        118        113        116        114        115
        117        120        118        119        113        115        116        114
        117        119        120        118
          0         35         70        105        140        175        210        245
        280        315        350        385        420        455        490        525
        560        595        630        665        700        735        770        805
        840        875        910        945        980       1015       1081       1147
       1213       1279       1345       1411       1477       1543       1609       1675
       1741       1861       1981       2101       2221       2341       2461       2581
       2701       2977       3253       3529       3805       4081       4357       4633
       4909       5185       5461       5737       6013       6289       6565       6841
       7117       7393       7669       7945       8221       8497       8773       9049
       9325       9601       9877      10153      10429      10705      10981      11257
      11533      11809      12085      12361      12481      12601      12721      12841
      12961      13081      13201      13321      13441      13561      13681      13801
      13921      14041      14161      14281      14316      14351      14386      14421
      14456      14491      14526      14561      14596      14631      14666      14701
      14736      14771      14806      14841      14876      14911      14946      14981
      15016      15051      15086      15121      15156      15191      15226      15261
      15296      15362      15428      15494      15560      15626      15692      15758
      15824      15890      15956      16022      16142      16262      16382      16502
      16622      16742      16862      16982      17258      17534      17810      18086
      18362      18638      18914      19190      19466      19742      20018      20294
      20570      20846      21122      21398      21674      21950      22226      22502
      22778      23054      23330      23606      23882      24158      24434      24710
      24986      25262      25538      25814      26090      26366      26642      26762
      26882      27002      27122      27242      27362      27482      27602      27722
      27842      27962      28082      28202      28322      28442
  2.0263427407135E-03  6.4566599061652E-22  1.0585630203697E-23 -5.8262733844069E-05
  3.9660650625458E-23  3.1520440384400E-25 -3.3948688673330E-04  8.4432667346730E-22
 -2.1719262216250E-23 -4.0267868077669E-03 -6.7376692221117E-22  2.9614670455759E-24
  6.4566599061652E-22  2.0263427407135E-03  3.2770862836993E-23  3.4015789737944E-23
 -5.8262733844069E-05  0.0000000000000E+00  8.9030246829462E-22 -3.3948688673330E-04
  0.0000000000000E+00  1.0428483684321E-23 -4.0267868077669E-03  0.0000000000000E+00
  1.0585630203697E-23  3.2770862836993E-23  3.0127933329138E-03  3.1520443436424E-25
  1.2208097012228E-31 -1.1986935822091E-03 -8.4166214637047E-24  0.0000000000000E+00
 -2.3301077950113E-03  2.4016655240402E-23 -8.6671619751637E-30 -1.6627801641075E-03
 -5.8262733844069E-05  3.4015789737944E-23  3.1520443436424E-25  2.0263427407135E-03
 -9.6531653097250E-23  1.0585619460572E-23 -4.0267868077669E-03 -8.5782056933026E-21
  2.9614908802713E-24 -3.3948688673330E-04  2.7094794911998E-21  1.4633449950219E-23
  3.9660650625458E-23 -5.8262733844069E-05  1.2208097012228E-31 -9.6531653097250E-23
  2.0263427407135E-03  3.2770860883697E-23 -6.4812148876771E-21 -4.0267868077669E-03
  2.9082169279504E-22  1.5184676546870E-21 -3.3948688673330E-04  0.0000000000000E+00
  3.1520440384400E-25  0.0000000000000E+00 -1.1986935822091E-03  1.0585619460572E-23
  3.2770860883697E-23  3.0127933329138E-03  2.4016631405707E-23  0.0000000000000E+00
 -1.6627801641075E-03 -8.4166214637047E-24  0.0000000000000E+00 -2.3301077950113E-03
 -3.3948688673330E-04  8.9030246829462E-22 -8.4166214637047E-24 -4.0267868077669E-03
 -6.4812148876771E-21  2.4016631405707E-23  1.0147078277254E-02  4.5955038170142E-20
 -2.3366358112747E-22 -4.6030441610037E-04 -2.1151999120392E-21 -2.8420864693324E-23
  8.4432667346730E-22 -3.3948688673330E-04  0.0000000000000E+00 -8.5782056933026E-21
 -4.0267868077669E-03  0.0000000000000E+00  4.5955038170142E-20  1.0147078277254E-02
  4.8391270224330E-22 -7.6912667670299E-22 -4.6030441610037E-04 -1.0081514830371E-23
 -2.1719262216250E-23  0.0000000000000E+00 -2.3301077950113E-03  2.9614908802713E-24
  2.9082169279504E-22 -1.6627801641075E-03 -2.3366358112747E-22  4.8391270224330E-22
  1.3149474156551E-02  1.1905194576518E-23 -1.0081514830371E-23 -4.3615679796358E-03
 -4.0267868077669E-03  1.0428483684321E-23  2.4016655240402E-23 -3.3948688673330E-04
  1.5184676546870E-21 -8.4166214637047E-24 -4.6030441610037E-04 -7.6912667670299E-22
  1.1905194576518E-23  1.0147078277254E-02  1.6873009646792E-20  8.8944941516800E-23
 -6.7376692221117E-22 -4.0267868077669E-03 -8.6671619751637E-30  2.7094794911998E-21
 -3.3948688673330E-04  0.0000000000000E+00 -2.1151999120392E-21 -4.6030441610037E-04
 -1.0081514830371E-23  1.6873009646792E-20  1.0147078277254E-02 -1.6130423728593E-22
  2.9614670455759E-24  0.0000000000000E+00 -1.6627801641075E-03  1.4633449950219E-23
  0.0000000000000E+00 -2.3301077950113E-03 -2.8420864693324E-23 -1.0081514830371E-23
 -4.3615679796358E-03  8.8944941516800E-23 -1.6130423728593E-22  1.3149474156551E-02
