directory,electrons,magnetization,kpnts,kpnt_1,kpnt_2,kpnt_3,energy_cutoff_eV,final_free_energy_eV,final_energy_without_entropy_eV,pressure_GPa,a_A,b_A,c_A,alpha,beta,gamma,volume,eps0_xx,eps0_yy,eps0_zz,eps0_xy,eps0_xz,eps0_yz,epsinf_xx,epsinf_yy,epsinf_zz,epsinf_xy,epsinf_xz,epsinf_yz, c11_gpa, c22_gpa, c33_gpa, c44_gpa, c55_gpa, c66_gpa, c12_gpa,  c13_gpa, c23_gpa, f1_cm1, f2_cm1, f3_cm1, f4_cm1, f5_cm1, f6_cm1
nbands 4
nbands 4
/mnt/sdb1/john/Software/PDielec/Examples/AbInit/AlAs/AlAs.out,8,None,None,4,4,4,81.63,None,None,-8.4792,3.97010064777,3.97010064777,3.97010064777,60.0,60.0,60.0,44.247583027,0,0,0,0.0,0.0,0.0,9.7606047646,9.7606048023,9.7606047662,0.0,0.0,0.0,0,0,0,0,0,0,0,0,0,0.5697981378071079,0.5701030684203542,0.5718379695216339,344.2590225262497,344.25902512686565,344.25902554288325
nbands 18
nbands 18
/mnt/sdb1/john/Software/PDielec/Examples/AbInit/BaTiO3/BaTiO3.out,30,None,None,4,4,4,1088.4,None,None,0.053216,4.18095875782,4.18095875782,4.18095875782,90.0,90.0,90.0,73.0848989283,0,0,0,0.0,0.0,0.0,7.7344505895,7.7344505895,7.7344505895,1.77761e-05,-1.15e-08,0.0,0,0,0,0,0,0,0,0,0,65.73941301188619,65.7394130118862,65.7540642214296,198.00668650029849,198.0066865002986,198.01500944254545,270.58721304258876,270.5872130465393,270.58721304653943,279.3522696765539,279.35277827269886,279.3527782726989,493.62666127875815,493.63166346177076,493.63166346177076
nbands 37
nbands 37
/mnt/sdb1/john/Software/PDielec/Examples/AbInit/Na2SO42/Na2SO42.out,62,None,105,7,6,5,1088.4,None,None,5.3391,4.7799999142,5.57499990016,6.09099989085,101.871,103.337,97.4179999997,151.880419803,0,0,0,0.0,0.0,0.0,2.3792570628,2.220460297,2.5308327102,-0.0525707979,-0.2665035464,0.0914913736,0,0,0,0,0,0,0,0,0,-16.51716840123397,-10.720483187000736,4.796476942461818,85.1951739440863,93.45809008793029,104.8231855188149,106.11336035362069,107.62199023176305,169.65000077980696,170.28725344135847,181.55187564749093,193.24616252974917,215.43045237986274,270.3046468248489,291.0879670515897,310.2370995099026,321.2426967822478,356.68798947728436,387.9598528042193,404.70769160731606,452.69720121195076,532.532570892713,535.7390384236286,541.0586390907245,560.2928404352714,572.9359313928136,615.204557259212,655.4324502984188,681.0630894612922,812.613706578366,1033.633295585768,1060.8394275925816,1230.272910846606,1244.3694513221703,1251.062140786486,1265.6776093403491
