directory,electrons,magnetization,kpnts,kpnt_1,kpnt_2,kpnt_3,energy_cutoff_eV,final_free_energy_eV,final_energy_without_entropy_eV,pressure_GPa,a_A,b_A,c_A,alpha,beta,gamma,volume,eps0_xx,eps0_yy,eps0_zz,eps0_xy,eps0_xz,eps0_yz,epsinf_xx,epsinf_yy,epsinf_zz,epsinf_xy,epsinf_xz,epsinf_yz, c11_gpa, c22_gpa, c33_gpa, c44_gpa, c55_gpa, c66_gpa, c12_gpa,  c13_gpa, c23_gpa, f1_cm1, f2_cm1, f3_cm1, f4_cm1, f5_cm1, f6_cm1
../Na2SO42/na2so42.gout,0,0,None,None,None,0,None,-4439.36894915,-4439.36894915,0.0,4.5134987333,5.18661886001,5.6495415845,101.846067478,103.207355446,97.6026447592,123.765407575,4.91396,3.94983,3.27743,-1.54735,0.03165,0.36136,1.58528,1.63051,1.62095,-0.05691,-0.05088,0.08556,0,0,0,0,0,0,0,0,0,-0.0,0.0,0.0,81.177,102.2111,112.6351,120.9304,121.7652,133.4508,159.4971,172.9421,196.1451,210.4891,213.914,229.054,245.3828,245.8516,333.8147,382.7219,441.3067,446.6385,473.6656,536.2435,558.9722,561.3321,621.8371,625.6264,640.6823,641.7187,818.578,1015.6329,1021.1422,1194.7964,1203.7221,1208.1066,1215.4777
../calcite/calcite.gout,0,0,None,None,None,0,None,-85.25358714,-85.25358714,0.0,6.37569356869,6.37569356869,6.37569331446,45.9786996741,45.9786996741,45.9786997825,122.228732093,6.69901,6.69901,7.12104,0.0,0.0,0.0,1.91353,1.91353,2.00068,-0.0,0.0,0.0,0,0,0,0,0,0,0,0,0,-0.0,-0.0,0.0,114.7668,114.7668,127.3816,143.6092,147.7396,147.7396,249.2905,249.2905,265.58,265.58,301.5867,313.1906,320.7148,320.7148,338.1403,618.7378,618.7378,620.1223,620.1223,731.9542,859.912,1085.0966,1094.7197,1463.5593,1463.5593,1469.6699,1469.6699
